package_id,package_title,package_kind,package_folder,relative_path,sheet_or_table,variable_name,variable_label,inferred_type,non_null_sample_count,sample_values,min_value,max_value,source_file_format,confidence,notes
paper-1998-04,The Full Cost Of Intercity Highway Transportation,UPLOADED,/Users/dlev2617/Documents/Code/Agents/github-packages/UPLOADED/paper-1998-04-the-full-cost-of-intercity-highway-transportation,data/highway_full_cost_model/csv_exports/data_master_original_legacy/sheet1.csv,,column_1,,text,53,Alabama | Alaska | Arizona | Arkansas | California,,,csv,medium,"Some headers were missing; generated column_N names. Delimiter `,`; sampled first 54 rows."
paper-1998-04,The Full Cost Of Intercity Highway Transportation,UPLOADED,/Users/dlev2617/Documents/Code/Agents/github-packages/UPLOADED/paper-1998-04-the-full-cost-of-intercity-highway-transportation,data/highway_full_cost_model/csv_exports/data_master_original_legacy/sheet1.csv,,CAPURBINT,,mixed_numeric_text,53,125348 | 35459 | 48078 | 6623 | 513828,,,csv,medium,"Some headers were missing; generated column_N names. Delimiter `,`; sampled first 54 rows."
paper-1998-04,The Full Cost Of Intercity Highway Transportation,UPLOADED,/Users/dlev2617/Documents/Code/Agents/github-packages/UPLOADED/paper-1998-04-the-full-cost-of-intercity-highway-transportation,data/highway_full_cost_model/csv_exports/data_master_original_legacy/sheet1.csv,,CAPURBLOC,,mixed_numeric_text,53,77005 | 71217 | 229257 | 132474 | 881208,,,csv,medium,"Some headers were missing; generated column_N names. Delimiter `,`; sampled first 54 rows."
paper-1998-04,The Full Cost Of Intercity Highway Transportation,UPLOADED,/Users/dlev2617/Documents/Code/Agents/github-packages/UPLOADED/paper-1998-04-the-full-cost-of-intercity-highway-transportation,data/highway_full_cost_model/csv_exports/data_master_original_legacy/sheet1.csv,,CAPURBTOT,,mixed_numeric_text,53,202353 | 106676 | 277335 | 139097 | 1395036,,,csv,medium,"Some headers were missing; generated column_N names. Delimiter `,`; sampled first 54 rows."
paper-1998-04,The Full Cost Of Intercity Highway Transportation,UPLOADED,/Users/dlev2617/Documents/Code/Agents/github-packages/UPLOADED/paper-1998-04-the-full-cost-of-intercity-highway-transportation,data/highway_full_cost_model/csv_exports/data_master_original_legacy/sheet1.csv,,MNTURBINT,,mixed_numeric_text,53,7008 | 1369 | =#REF! | 1387 | 51921,,,csv,medium,"Some headers were missing; generated column_N names. Delimiter `,`; sampled first 54 rows."
paper-1998-04,The Full Cost Of Intercity Highway Transportation,UPLOADED,/Users/dlev2617/Documents/Code/Agents/github-packages/UPLOADED/paper-1998-04-the-full-cost-of-intercity-highway-transportation,data/highway_full_cost_model/csv_exports/data_master_original_legacy/sheet1.csv,,MNTURBLOC,,mixed_numeric_text,53,87510 | 19907 | =#REF! | 24221 | 80647,,,csv,medium,"Some headers were missing; generated column_N names. Delimiter `,`; sampled first 54 rows."
paper-1998-04,The Full Cost Of Intercity Highway Transportation,UPLOADED,/Users/dlev2617/Documents/Code/Agents/github-packages/UPLOADED/paper-1998-04-the-full-cost-of-intercity-highway-transportation,data/highway_full_cost_model/csv_exports/data_master_original_legacy/sheet1.csv,,MNTURBTOT,,mixed_numeric_text,53,94518 | 21276 | =#REF! | 25608 | 132568,,,csv,medium,"Some headers were missing; generated column_N names. Delimiter `,`; sampled first 54 rows."
paper-1998-04,The Full Cost Of Intercity Highway Transportation,UPLOADED,/Users/dlev2617/Documents/Code/Agents/github-packages/UPLOADED/paper-1998-04-the-full-cost-of-intercity-highway-transportation,data/highway_full_cost_model/csv_exports/data_master_original_legacy/sheet1.csv,,CAPRURINT,,mixed_numeric_text,52,29484 | 50659 | 66574 | 26357 | 61578,,,csv,medium,"Some headers were missing; generated column_N names. Delimiter `,`; sampled first 54 rows."
paper-1998-04,The Full Cost Of Intercity Highway Transportation,UPLOADED,/Users/dlev2617/Documents/Code/Agents/github-packages/UPLOADED/paper-1998-04-the-full-cost-of-intercity-highway-transportation,data/highway_full_cost_model/csv_exports/data_master_original_legacy/sheet1.csv,,CAPRURLOC,,mixed_numeric_text,52,238395 | 84665 | 136890 | 196878 | 678709,,,csv,medium,"Some headers were missing; generated column_N names. Delimiter `,`; sampled first 54 rows."
paper-1998-04,The Full Cost Of Intercity Highway Transportation,UPLOADED,/Users/dlev2617/Documents/Code/Agents/github-packages/UPLOADED/paper-1998-04-the-full-cost-of-intercity-highway-transportation,data/highway_full_cost_model/csv_exports/data_master_original_legacy/sheet1.csv,,CAPRURTOT,,mixed_numeric_text,52,267879 | 135324 | 203464 | 223235 | 740287,,,csv,medium,"Some headers were missing; generated column_N names. Delimiter `,`; sampled first 54 rows."
paper-1998-04,The Full Cost Of Intercity Highway Transportation,UPLOADED,/Users/dlev2617/Documents/Code/Agents/github-packages/UPLOADED/paper-1998-04-the-full-cost-of-intercity-highway-transportation,data/highway_full_cost_model/csv_exports/data_master_original_legacy/sheet1.csv,,MNTRURINT,,mixed_numeric_text,52,7412 | 3744 | NA | 7154 | 44901,,,csv,medium,"Some headers were missing; generated column_N names. Delimiter `,`; sampled first 54 rows."
paper-1998-04,The Full Cost Of Intercity Highway Transportation,UPLOADED,/Users/dlev2617/Documents/Code/Agents/github-packages/UPLOADED/paper-1998-04-the-full-cost-of-intercity-highway-transportation,data/highway_full_cost_model/csv_exports/data_master_original_legacy/sheet1.csv,,MNTRURLOC,,mixed_numeric_text,52,55938 | 8380 | =#REF! | 60650 | 164991,,,csv,medium,"Some headers were missing; generated column_N names. Delimiter `,`; sampled first 54 rows."
paper-1998-04,The Full Cost Of Intercity Highway Transportation,UPLOADED,/Users/dlev2617/Documents/Code/Agents/github-packages/UPLOADED/paper-1998-04-the-full-cost-of-intercity-highway-transportation,data/highway_full_cost_model/csv_exports/data_master_original_legacy/sheet1.csv,,MNTRURTOT,,mixed_numeric_text,52,63350 | 12124 | NA | 67804 | 209892,,,csv,medium,"Some headers were missing; generated column_N names. Delimiter `,`; sampled first 54 rows."
paper-1998-04,The Full Cost Of Intercity Highway Transportation,UPLOADED,/Users/dlev2617/Documents/Code/Agents/github-packages/UPLOADED/paper-1998-04-the-full-cost-of-intercity-highway-transportation,data/highway_full_cost_model/csv_exports/data_master_original_legacy/sheet1.csv,,CAPTOTINT,,mixed_numeric_text,52,154832 | 86118 | 114652 | 32980 | 575406,,,csv,medium,"Some headers were missing; generated column_N names. Delimiter `,`; sampled first 54 rows."
paper-1998-04,The Full Cost Of Intercity Highway Transportation,UPLOADED,/Users/dlev2617/Documents/Code/Agents/github-packages/UPLOADED/paper-1998-04-the-full-cost-of-intercity-highway-transportation,data/highway_full_cost_model/csv_exports/data_master_original_legacy/sheet1.csv,,CAPTOTLOC,,mixed_numeric_text,52,315400 | 155882 | 366147 | 329352 | 1559917,,,csv,medium,"Some headers were missing; generated column_N names. Delimiter `,`; sampled first 54 rows."
paper-1998-04,The Full Cost Of Intercity Highway Transportation,UPLOADED,/Users/dlev2617/Documents/Code/Agents/github-packages/UPLOADED/paper-1998-04-the-full-cost-of-intercity-highway-transportation,data/highway_full_cost_model/csv_exports/data_master_original_legacy/sheet1.csv,,CAPTOTTOT,,mixed_numeric_text,52,470232 | 242000 | 480799 | 362332 | 2135323,,,csv,medium,"Some headers were missing; generated column_N names. Delimiter `,`; sampled first 54 rows."
paper-1998-04,The Full Cost Of Intercity Highway Transportation,UPLOADED,/Users/dlev2617/Documents/Code/Agents/github-packages/UPLOADED/paper-1998-04-the-full-cost-of-intercity-highway-transportation,data/highway_full_cost_model/csv_exports/data_master_original_legacy/sheet1.csv,,MNTTOTINT,,mixed_numeric_text,52,14420 | 5113 | NA | 8541 | 96822,,,csv,medium,"Some headers were missing; generated column_N names. Delimiter `,`; sampled first 54 rows."
paper-1998-04,The Full Cost Of Intercity Highway Transportation,UPLOADED,/Users/dlev2617/Documents/Code/Agents/github-packages/UPLOADED/paper-1998-04-the-full-cost-of-intercity-highway-transportation,data/highway_full_cost_model/csv_exports/data_master_original_legacy/sheet1.csv,,MNTTOTLOC,,mixed_numeric_text,52,143448 | 28287 | =#REF! | 84871 | 245638,,,csv,medium,"Some headers were missing; generated column_N names. Delimiter `,`; sampled first 54 rows."
paper-1998-04,The Full Cost Of Intercity Highway Transportation,UPLOADED,/Users/dlev2617/Documents/Code/Agents/github-packages/UPLOADED/paper-1998-04-the-full-cost-of-intercity-highway-transportation,data/highway_full_cost_model/csv_exports/data_master_original_legacy/sheet1.csv,,MNTTOTTOT,,mixed_numeric_text,52,157868 | 33400 | 68839 | 93412 | 342460,,,csv,medium,"Some headers were missing; generated column_N names. Delimiter `,`; sampled first 54 rows."
paper-1998-04,The Full Cost Of Intercity Highway Transportation,UPLOADED,/Users/dlev2617/Documents/Code/Agents/github-packages/UPLOADED/paper-1998-04-the-full-cost-of-intercity-highway-transportation,data/highway_full_cost_model/csv_exports/data_master_original_legacy/sheet1.csv,,MILRURINT,,mixed_numeric_text,52,602 | 1003 | 987 | 412 | 1356,,,csv,medium,"Some headers were missing; generated column_N names. Delimiter `,`; sampled first 54 rows."
paper-1998-04,The Full Cost Of Intercity Highway Transportation,UPLOADED,/Users/dlev2617/Documents/Code/Agents/github-packages/UPLOADED/paper-1998-04-the-full-cost-of-intercity-highway-transportation,data/highway_full_cost_model/csv_exports/data_master_original_legacy/sheet1.csv,,MILRURLOC,,text,52,=+V2-T2 | =+V3-T3 | =+V4-T4 | =+V5-T5 | =+V6-T6,,,csv,medium,"Some headers were missing; generated column_N names. Delimiter `,`; sampled first 54 rows."
paper-1998-04,The Full Cost Of Intercity Highway Transportation,UPLOADED,/Users/dlev2617/Documents/Code/Agents/github-packages/UPLOADED/paper-1998-04-the-full-cost-of-intercity-highway-transportation,data/highway_full_cost_model/csv_exports/data_master_original_legacy/sheet1.csv,,MILRURTOT,,mixed_numeric_text,52,72828 | 12107 | 39423 | 69597 | 88140,,,csv,medium,"Some headers were missing; generated column_N names. Delimiter `,`; sampled first 54 rows."
paper-1998-04,The Full Cost Of Intercity Highway Transportation,UPLOADED,/Users/dlev2617/Documents/Code/Agents/github-packages/UPLOADED/paper-1998-04-the-full-cost-of-intercity-highway-transportation,data/highway_full_cost_model/csv_exports/data_master_original_legacy/sheet1.csv,,MILURBINT,,mixed_numeric_text,52,297 | 54 | 202 | 131 | 1067,,,csv,medium,"Some headers were missing; generated column_N names. Delimiter `,`; sampled first 54 rows."
paper-1998-04,The Full Cost Of Intercity Highway Transportation,UPLOADED,/Users/dlev2617/Documents/Code/Agents/github-packages/UPLOADED/paper-1998-04-the-full-cost-of-intercity-highway-transportation,data/highway_full_cost_model/csv_exports/data_master_original_legacy/sheet1.csv,,MILURBFWY,,mixed_numeric_text,52,21 | 0 | 70 | 94 | 1393,,,csv,medium,"Some headers were missing; generated column_N names. Delimiter `,`; sampled first 54 rows."
paper-1998-04,The Full Cost Of Intercity Highway Transportation,UPLOADED,/Users/dlev2617/Documents/Code/Agents/github-packages/UPLOADED/paper-1998-04-the-full-cost-of-intercity-highway-transportation,data/highway_full_cost_model/csv_exports/data_master_original_legacy/sheet1.csv,,MILURBLOC,,text,52,=+Z2-W2-X2 | =+Z3-W3-X3 | =+Z4-W4-X4 | =+Z5-W5-X5 | =+Z6-W6-X6,,,csv,medium,"Some headers were missing; generated column_N names. Delimiter `,`; sampled first 54 rows."
paper-1998-04,The Full Cost Of Intercity Highway Transportation,UPLOADED,/Users/dlev2617/Documents/Code/Agents/github-packages/UPLOADED/paper-1998-04-the-full-cost-of-intercity-highway-transportation,data/highway_full_cost_model/csv_exports/data_master_original_legacy/sheet1.csv,,MILURBTOT,,mixed_numeric_text,52,92209 | 13849 | 55763 | 77192 | 169201,,,csv,medium,"Some headers were missing; generated column_N names. Delimiter `,`; sampled first 54 rows."
paper-1998-04,The Full Cost Of Intercity Highway Transportation,UPLOADED,/Users/dlev2617/Documents/Code/Agents/github-packages/UPLOADED/paper-1998-04-the-full-cost-of-intercity-highway-transportation,data/highway_full_cost_model/csv_exports/data_master_original_legacy/sheet1.csv,,URBMIL+4,,numeric,52,43 | 10 | 54 | 45 | 940,0,6230,csv,medium,"Some headers were missing; generated column_N names. Delimiter `,`; sampled first 54 rows."
paper-1998-04,The Full Cost Of Intercity Highway Transportation,UPLOADED,/Users/dlev2617/Documents/Code/Agents/github-packages/UPLOADED/paper-1998-04-the-full-cost-of-intercity-highway-transportation,data/highway_full_cost_model/csv_exports/data_master_original_legacy/sheet1.csv,,URBMIL-4,,numeric,52,254 | 44 | 148 | 86 | 127,4,6648,csv,medium,"Some headers were missing; generated column_N names. Delimiter `,`; sampled first 54 rows."
paper-1998-04,The Full Cost Of Intercity Highway Transportation,UPLOADED,/Users/dlev2617/Documents/Code/Agents/github-packages/UPLOADED/paper-1998-04-the-full-cost-of-intercity-highway-transportation,data/highway_full_cost_model/csv_exports/data_master_original_legacy/sheet1.csv,,RURMIL+4,,numeric,52,0 | 3 | 286 | 21 | 22,0,1589,csv,medium,"Some headers were missing; generated column_N names. Delimiter `,`; sampled first 54 rows."
paper-1998-04,The Full Cost Of Intercity Highway Transportation,UPLOADED,/Users/dlev2617/Documents/Code/Agents/github-packages/UPLOADED/paper-1998-04-the-full-cost-of-intercity-highway-transportation,data/highway_full_cost_model/csv_exports/data_master_original_legacy/sheet1.csv,,RURMIL-4,,numeric,52,602 | 1003 | 987 | 409 | 1070,0,31033,csv,medium,"Some headers were missing; generated column_N names. Delimiter `,`; sampled first 54 rows."
paper-1998-04,The Full Cost Of Intercity Highway Transportation,UPLOADED,/Users/dlev2617/Documents/Code/Agents/github-packages/UPLOADED/paper-1998-04-the-full-cost-of-intercity-highway-transportation,data/highway_full_cost_model/csv_exports/data_master_original_legacy/sheet1.csv,,RURPASSVEH,,mixed_numeric_text,52,56 | 57.9 | 57.7 | 56.5 | 69.3,,,csv,medium,"Some headers were missing; generated column_N names. Delimiter `,`; sampled first 54 rows."
paper-1998-04,The Full Cost Of Intercity Highway Transportation,UPLOADED,/Users/dlev2617/Documents/Code/Agents/github-packages/UPLOADED/paper-1998-04-the-full-cost-of-intercity-highway-transportation,data/highway_full_cost_model/csv_exports/data_master_original_legacy/sheet1.csv,,RURTRUSING,,mixed_numeric_text,52,16.9 | 39.7 | 26 | 13.4 | 17.2,,,csv,medium,"Some headers were missing; generated column_N names. Delimiter `,`; sampled first 54 rows."
paper-1998-04,The Full Cost Of Intercity Highway Transportation,UPLOADED,/Users/dlev2617/Documents/Code/Agents/github-packages/UPLOADED/paper-1998-04-the-full-cost-of-intercity-highway-transportation,data/highway_full_cost_model/csv_exports/data_master_original_legacy/sheet1.csv,,RURTRUCOM,,mixed_numeric_text,52,=100-AE2-AF2 | =100-AE3-AF3 | =100-AE4-AF4 | =100-AE5-AF5 | =100-AE6-AF6,,,csv,medium,"Some headers were missing; generated column_N names. Delimiter `,`; sampled first 54 rows."
paper-1998-04,The Full Cost Of Intercity Highway Transportation,UPLOADED,/Users/dlev2617/Documents/Code/Agents/github-packages/UPLOADED/paper-1998-04-the-full-cost-of-intercity-highway-transportation,data/highway_full_cost_model/csv_exports/data_master_original_legacy/sheet1.csv,,URBPASSVEH,,mixed_numeric_text,52,72.7 | 85.1 | 58.7 | 68.8 | 86.2,,,csv,medium,"Some headers were missing; generated column_N names. Delimiter `,`; sampled first 54 rows."
paper-1998-04,The Full Cost Of Intercity Highway Transportation,UPLOADED,/Users/dlev2617/Documents/Code/Agents/github-packages/UPLOADED/paper-1998-04-the-full-cost-of-intercity-highway-transportation,data/highway_full_cost_model/csv_exports/data_master_original_legacy/sheet1.csv,,URBTRUSING,,mixed_numeric_text,52,14.3 | 14.2 | 33.2 | 14.8 | 110,,,csv,medium,"Some headers were missing; generated column_N names. Delimiter `,`; sampled first 54 rows."
paper-1998-04,The Full Cost Of Intercity Highway Transportation,UPLOADED,/Users/dlev2617/Documents/Code/Agents/github-packages/UPLOADED/paper-1998-04-the-full-cost-of-intercity-highway-transportation,data/highway_full_cost_model/csv_exports/data_master_original_legacy/sheet1.csv,,URBTRUCOMB,,text,52,=100-AH2-AI2 | =100-AH3-AI3 | =100-AH4-AI4 | =100-AH5-AI5 | =100-AH6-AI6,,,csv,medium,"Some headers were missing; generated column_N names. Delimiter `,`; sampled first 54 rows."
paper-1998-04,The Full Cost Of Intercity Highway Transportation,UPLOADED,/Users/dlev2617/Documents/Code/Agents/github-packages/UPLOADED/paper-1998-04-the-full-cost-of-intercity-highway-transportation,data/highway_full_cost_model/csv_exports/data_master_original_legacy/sheet1.csv,,ALASKA,,boolean_or_indicator,51,0 | 1,,,csv,medium,"Some headers were missing; generated column_N names. Delimiter `,`; sampled first 54 rows."
paper-1998-04,The Full Cost Of Intercity Highway Transportation,UPLOADED,/Users/dlev2617/Documents/Code/Agents/github-packages/UPLOADED/paper-1998-04-the-full-cost-of-intercity-highway-transportation,data/highway_full_cost_model/csv_exports/data_master_original_legacy/sheet1.csv,,NEWYORK,,boolean_or_indicator,51,0 | 1,,,csv,medium,"Some headers were missing; generated column_N names. Delimiter `,`; sampled first 54 rows."
paper-1998-04,The Full Cost Of Intercity Highway Transportation,UPLOADED,/Users/dlev2617/Documents/Code/Agents/github-packages/UPLOADED/paper-1998-04-the-full-cost-of-intercity-highway-transportation,data/highway_full_cost_model/csv_exports/data_master_original_legacy/sheet1.csv,,CALIFORNIA,,boolean_or_indicator,51,0 | 1,,,csv,medium,"Some headers were missing; generated column_N names. Delimiter `,`; sampled first 54 rows."
paper-1998-04,The Full Cost Of Intercity Highway Transportation,UPLOADED,/Users/dlev2617/Documents/Code/Agents/github-packages/UPLOADED/paper-1998-04-the-full-cost-of-intercity-highway-transportation,data/highway_full_cost_model/csv_exports/data_master_original_legacy/sheet1.csv,,SOUTHEAST,,boolean_or_indicator,51,1 | 0,,,csv,medium,"Some headers were missing; generated column_N names. Delimiter `,`; sampled first 54 rows."
paper-1998-04,The Full Cost Of Intercity Highway Transportation,UPLOADED,/Users/dlev2617/Documents/Code/Agents/github-packages/UPLOADED/paper-1998-04-the-full-cost-of-intercity-highway-transportation,data/highway_full_cost_model/csv_exports/data_master_original_legacy/sheet1.csv,,MIDWEST,,boolean_or_indicator,51,0 | 1,,,csv,medium,"Some headers were missing; generated column_N names. Delimiter `,`; sampled first 54 rows."
paper-1998-04,The Full Cost Of Intercity Highway Transportation,UPLOADED,/Users/dlev2617/Documents/Code/Agents/github-packages/UPLOADED/paper-1998-04-the-full-cost-of-intercity-highway-transportation,data/highway_full_cost_model/csv_exports/data_master_original_legacy/sheet1.csv,,NORTHEAST,,boolean_or_indicator,51,0 | 1,,,csv,medium,"Some headers were missing; generated column_N names. Delimiter `,`; sampled first 54 rows."
paper-1998-04,The Full Cost Of Intercity Highway Transportation,UPLOADED,/Users/dlev2617/Documents/Code/Agents/github-packages/UPLOADED/paper-1998-04-the-full-cost-of-intercity-highway-transportation,data/highway_full_cost_model/csv_exports/data_master_original_legacy/sheet1.csv,,VMTRURINT,,mixed_numeric_text,52,4442 | 677 | 5110 | 3140 | 14322,,,csv,medium,"Some headers were missing; generated column_N names. Delimiter `,`; sampled first 54 rows."
paper-1998-04,The Full Cost Of Intercity Highway Transportation,UPLOADED,/Users/dlev2617/Documents/Code/Agents/github-packages/UPLOADED/paper-1998-04-the-full-cost-of-intercity-highway-transportation,data/highway_full_cost_model/csv_exports/data_master_original_legacy/sheet1.csv,,VMTRURLOC,,mixed_numeric_text,52,18361 | 1328 | 8678 | 11908 | 37875,,,csv,medium,"Some headers were missing; generated column_N names. Delimiter `,`; sampled first 54 rows."
paper-1998-04,The Full Cost Of Intercity Highway Transportation,UPLOADED,/Users/dlev2617/Documents/Code/Agents/github-packages/UPLOADED/paper-1998-04-the-full-cost-of-intercity-highway-transportation,data/highway_full_cost_model/csv_exports/data_master_original_legacy/sheet1.csv,,VMTRURTOT,,mixed_numeric_text,52,22803 | 2005 | 13788 | 15048 | 52197,,,csv,medium,"Some headers were missing; generated column_N names. Delimiter `,`; sampled first 54 rows."
paper-1998-04,The Full Cost Of Intercity Highway Transportation,UPLOADED,/Users/dlev2617/Documents/Code/Agents/github-packages/UPLOADED/paper-1998-04-the-full-cost-of-intercity-highway-transportation,data/highway_full_cost_model/csv_exports/data_master_original_legacy/sheet1.csv,,VMTURBINT,,mixed_numeric_text,52,4208 | 450 | 3003 | 1758 | 52566,,,csv,medium,"Some headers were missing; generated column_N names. Delimiter `,`; sampled first 54 rows."
paper-1998-04,The Full Cost Of Intercity Highway Transportation,UPLOADED,/Users/dlev2617/Documents/Code/Agents/github-packages/UPLOADED/paper-1998-04-the-full-cost-of-intercity-highway-transportation,data/highway_full_cost_model/csv_exports/data_master_original_legacy/sheet1.csv,,VMTURBFWY,,mixed_numeric_text,52,326 | 0 | 1344 | 717 | 42332,,,csv,medium,"Some headers were missing; generated column_N names. Delimiter `,`; sampled first 54 rows."
paper-1998-04,The Full Cost Of Intercity Highway Transportation,UPLOADED,/Users/dlev2617/Documents/Code/Agents/github-packages/UPLOADED/paper-1998-04-the-full-cost-of-intercity-highway-transportation,data/highway_full_cost_model/csv_exports/data_master_original_legacy/sheet1.csv,,VMTURBLOC,,mixed_numeric_text,52,18425 | 1386 | 16912 | 5558 | 115453,,,csv,medium,"Some headers were missing; generated column_N names. Delimiter `,`; sampled first 54 rows."
paper-1998-04,The Full Cost Of Intercity Highway Transportation,UPLOADED,/Users/dlev2617/Documents/Code/Agents/github-packages/UPLOADED/paper-1998-04-the-full-cost-of-intercity-highway-transportation,data/highway_full_cost_model/csv_exports/data_master_original_legacy/sheet1.csv,,VMTURBTOT,,mixed_numeric_text,52,22959 | 1836 | 21259 | 8033 | 210351,,,csv,medium,"Some headers were missing; generated column_N names. Delimiter `,`; sampled first 54 rows."
paper-1998-04,The Full Cost Of Intercity Highway Transportation,UPLOADED,/Users/dlev2617/Documents/Code/Agents/github-packages/UPLOADED/paper-1998-04-the-full-cost-of-intercity-highway-transportation,data/highway_full_cost_model/csv_exports/data_master_original_legacy/sheet1.csv,,CSTADMHWY,,numeric,53,372518 | 213000 | 488274 | 325826 | 2089004,0,27143027,csv,medium,"Some headers were missing; generated column_N names. Delimiter `,`; sampled first 54 rows."
paper-1998-04,The Full Cost Of Intercity Highway Transportation,UPLOADED,/Users/dlev2617/Documents/Code/Agents/github-packages/UPLOADED/paper-1998-04-the-full-cost-of-intercity-highway-transportation,data/highway_full_cost_model/csv_exports/data_master_original_legacy/sheet1.csv,,CLOCADMRD,,numeric,53,42839 | 60888 | 205236 | 72239 | 1700434,0,10946255,csv,medium,"Some headers were missing; generated column_N names. Delimiter `,`; sampled first 54 rows."
paper-1998-04,The Full Cost Of Intercity Highway Transportation,UPLOADED,/Users/dlev2617/Documents/Code/Agents/github-packages/UPLOADED/paper-1998-04-the-full-cost-of-intercity-highway-transportation,data/highway_full_cost_model/csv_exports/data_master_original_legacy/sheet1.csv,,CFEDROAD,,numeric,53,974 | 4942 | 19046 | 868 | 15983,0,219878,csv,medium,"Some headers were missing; generated column_N names. Delimiter `,`; sampled first 54 rows."
paper-1998-04,The Full Cost Of Intercity Highway Transportation,UPLOADED,/Users/dlev2617/Documents/Code/Agents/github-packages/UPLOADED/paper-1998-04-the-full-cost-of-intercity-highway-transportation,data/highway_full_cost_model/csv_exports/data_master_original_legacy/sheet1.csv,,CTOTAL,,numeric,53,416331 | 278830 | 712556 | 398933 | 3805421,3527,38309160,csv,medium,"Some headers were missing; generated column_N names. Delimiter `,`; sampled first 54 rows."
paper-1998-04,The Full Cost Of Intercity Highway Transportation,UPLOADED,/Users/dlev2617/Documents/Code/Agents/github-packages/UPLOADED/paper-1998-04-the-full-cost-of-intercity-highway-transportation,data/highway_full_cost_model/csv_exports/data_master_original_legacy/sheet1.csv,,MSTADMHWY,,numeric,53,134450 | 121900 | 68907 | 113232 | 511977,0,8746806,csv,medium,"Some headers were missing; generated column_N names. Delimiter `,`; sampled first 54 rows."
paper-1998-04,The Full Cost Of Intercity Highway Transportation,UPLOADED,/Users/dlev2617/Documents/Code/Agents/github-packages/UPLOADED/paper-1998-04-the-full-cost-of-intercity-highway-transportation,data/highway_full_cost_model/csv_exports/data_master_original_legacy/sheet1.csv,,MLOCADMRD,,numeric,53,299897 | 34166 | 84516 | 130379 | 1474922,0,13402999,csv,medium,"Some headers were missing; generated column_N names. Delimiter `,`; sampled first 54 rows."
paper-1998-04,The Full Cost Of Intercity Highway Transportation,UPLOADED,/Users/dlev2617/Documents/Code/Agents/github-packages/UPLOADED/paper-1998-04-the-full-cost-of-intercity-highway-transportation,data/highway_full_cost_model/csv_exports/data_master_original_legacy/sheet1.csv,,MREDROAD,,numeric,53,14 | 831 | 10641 | 310 | 1685,0,73790,csv,medium,"Some headers were missing; generated column_N names. Delimiter `,`; sampled first 54 rows."
paper-1998-04,The Full Cost Of Intercity Highway Transportation,UPLOADED,/Users/dlev2617/Documents/Code/Agents/github-packages/UPLOADED/paper-1998-04-the-full-cost-of-intercity-highway-transportation,data/highway_full_cost_model/csv_exports/data_master_original_legacy/sheet1.csv,,MTOTAL,,numeric,53,434361 | 156897 | 164064 | 243921 | 1988584,20587,22223595,csv,medium,"Some headers were missing; generated column_N names. Delimiter `,`; sampled first 54 rows."
paper-1998-04,The Full Cost Of Intercity Highway Transportation,UPLOADED,/Users/dlev2617/Documents/Code/Agents/github-packages/UPLOADED/paper-1998-04-the-full-cost-of-intercity-highway-transportation,data/highway_full_cost_model/csv_exports/data_master_original_legacy/sheet1.csv,,ADM_MISC,,numeric,53,72558 | 30088 | 70527 | 42524 | 1046908,9798,7718703,csv,medium,"Some headers were missing; generated column_N names. Delimiter `,`; sampled first 54 rows."
paper-1998-04,The Full Cost Of Intercity Highway Transportation,UPLOADED,/Users/dlev2617/Documents/Code/Agents/github-packages/UPLOADED/paper-1998-04-the-full-cost-of-intercity-highway-transportation,data/highway_full_cost_model/csv_exports/data_master_original_legacy/sheet1.csv,,LAW_SAFETY,,numeric,53,57359 | 40116 | 78446 | 45163 | 1182559,0,7088262,csv,medium,"Some headers were missing; generated column_N names. Delimiter `,`; sampled first 54 rows."
paper-1998-04,The Full Cost Of Intercity Highway Transportation,UPLOADED,/Users/dlev2617/Documents/Code/Agents/github-packages/UPLOADED/paper-1998-04-the-full-cost-of-intercity-highway-transportation,data/highway_full_cost_model/csv_exports/data_master_original_legacy/sheet1.csv,,INTEREST,,numeric,53,11128 | 13411 | 154305 | 661 | 58263,0,3620713,csv,medium,"Some headers were missing; generated column_N names. Delimiter `,`; sampled first 54 rows."
paper-1998-04,The Full Cost Of Intercity Highway Transportation,UPLOADED,/Users/dlev2617/Documents/Code/Agents/github-packages/UPLOADED/paper-1998-04-the-full-cost-of-intercity-highway-transportation,data/highway_full_cost_model/csv_exports/data_master_original_legacy/sheet1.csv,,BONDRETIRE,,numeric,53,20436 | 21623 | 359239 | 449 | 35336,0,4588962,csv,medium,"Some headers were missing; generated column_N names. Delimiter `,`; sampled first 54 rows."
paper-1998-04,The Full Cost Of Intercity Highway Transportation,UPLOADED,/Users/dlev2617/Documents/Code/Agents/github-packages/UPLOADED/paper-1998-04-the-full-cost-of-intercity-highway-transportation,data/highway_full_cost_model/csv_exports/data_master_original_legacy/sheet1.csv,,TOTALDISB,,numeric,53,1012173 | 540965 | 1539137 | 731651 | 8117071,253490,83549395,csv,medium,"Some headers were missing; generated column_N names. Delimiter `,`; sampled first 54 rows."
paper-1998-04,The Full Cost Of Intercity Highway Transportation,UPLOADED,/Users/dlev2617/Documents/Code/Agents/github-packages/UPLOADED/paper-1998-04-the-full-cost-of-intercity-highway-transportation,data/highway_full_cost_model/csv_exports/depreciation_model_original_legacy/cobb-doug.csv,,SUMMARY OUTPUT,,text,14,Regression Statistics | Multiple R | R Square | Adjusted R Square | Standard Error,,,csv,medium,"Some headers were missing; generated column_N names. Delimiter `,`; sampled first 17 rows."
paper-1998-04,The Full Cost Of Intercity Highway Transportation,UPLOADED,/Users/dlev2617/Documents/Code/Agents/github-packages/UPLOADED/paper-1998-04-the-full-cost-of-intercity-highway-transportation,data/highway_full_cost_model/csv_exports/depreciation_model_original_legacy/cobb-doug.csv,,column_2,,mixed_numeric_text,14,0.887424791609304 | 0.787522760762817 | 0.766275036839099 | 0.286120509770362 | 34,,,csv,medium,"Some headers were missing; generated column_N names. Delimiter `,`; sampled first 17 rows."
paper-1998-04,The Full Cost Of Intercity Highway Transportation,UPLOADED,/Users/dlev2617/Documents/Code/Agents/github-packages/UPLOADED/paper-1998-04-the-full-cost-of-intercity-highway-transportation,data/highway_full_cost_model/csv_exports/depreciation_model_original_legacy/cobb-doug.csv,,column_3,,mixed_numeric_text,9,SS | 9.1026938136087 | 2.45594838333755 | 11.5586421969462 | Standard Error,,,csv,medium,"Some headers were missing; generated column_N names. Delimiter `,`; sampled first 17 rows."
paper-1998-04,The Full Cost Of Intercity Highway Transportation,UPLOADED,/Users/dlev2617/Documents/Code/Agents/github-packages/UPLOADED/paper-1998-04-the-full-cost-of-intercity-highway-transportation,data/highway_full_cost_model/csv_exports/depreciation_model_original_legacy/cobb-doug.csv,,column_4,,mixed_numeric_text,8,MS | 3.0342312712029 | 0.0818649461112516 | t Stat | 7.06122302879265,,,csv,medium,"Some headers were missing; generated column_N names. Delimiter `,`; sampled first 17 rows."
paper-1998-04,The Full Cost Of Intercity Highway Transportation,UPLOADED,/Users/dlev2617/Documents/Code/Agents/github-packages/UPLOADED/paper-1998-04-the-full-cost-of-intercity-highway-transportation,data/highway_full_cost_model/csv_exports/depreciation_model_original_legacy/cobb-doug.csv,,column_5,,mixed_numeric_text,7,F | 37.063864515094 | P-value | 7.51659438312508e-08 | 0.000801419236500223,,,csv,medium,"Some headers were missing; generated column_N names. Delimiter `,`; sampled first 17 rows."
paper-1998-04,The Full Cost Of Intercity Highway Transportation,UPLOADED,/Users/dlev2617/Documents/Code/Agents/github-packages/UPLOADED/paper-1998-04-the-full-cost-of-intercity-highway-transportation,data/highway_full_cost_model/csv_exports/depreciation_model_original_legacy/cobb-doug.csv,,column_6,,mixed_numeric_text,7,Significance F | 3.25505719599822e-10 | Lower 95% | 6.6552806193261 | -1.0068430362025,,,csv,medium,"Some headers were missing; generated column_N names. Delimiter `,`; sampled first 17 rows."
paper-1998-04,The Full Cost Of Intercity Highway Transportation,UPLOADED,/Users/dlev2617/Documents/Code/Agents/github-packages/UPLOADED/paper-1998-04-the-full-cost-of-intercity-highway-transportation,data/highway_full_cost_model/csv_exports/depreciation_model_original_legacy/cobb-doug.csv,,column_7,,mixed_numeric_text,5,Upper 95% | 12.0715031566375 | -0.294152255225435 | -0.709841101479501 | 0.45839229023228,,,csv,medium,"Some headers were missing; generated column_N names. Delimiter `,`; sampled first 17 rows."
paper-1998-04,The Full Cost Of Intercity Highway Transportation,UPLOADED,/Users/dlev2617/Documents/Code/Agents/github-packages/UPLOADED/paper-1998-04-the-full-cost-of-intercity-highway-transportation,data/highway_full_cost_model/csv_exports/depreciation_model_original_legacy/cobb-doug.csv,,column_8,,mixed_numeric_text,5,Lower 95.0% | 6.6552806193261 | -1.0068430362025 | -1.5265209649152 | -0.132104349695945,,,csv,medium,"Some headers were missing; generated column_N names. Delimiter `,`; sampled first 17 rows."
paper-1998-04,The Full Cost Of Intercity Highway Transportation,UPLOADED,/Users/dlev2617/Documents/Code/Agents/github-packages/UPLOADED/paper-1998-04-the-full-cost-of-intercity-highway-transportation,data/highway_full_cost_model/csv_exports/depreciation_model_original_legacy/cobb-doug.csv,,column_9,,mixed_numeric_text,5,Upper 95.0% | 12.0715031566375 | -0.294152255225435 | -0.709841101479501 | 0.45839229023228,,,csv,medium,"Some headers were missing; generated column_N names. Delimiter `,`; sampled first 17 rows."
paper-1998-04,The Full Cost Of Intercity Highway Transportation,UPLOADED,/Users/dlev2617/Documents/Code/Agents/github-packages/UPLOADED/paper-1998-04-the-full-cost-of-intercity-highway-transportation,data/highway_full_cost_model/csv_exports/depreciation_model_original_legacy/data.csv,,Regression of Automobile Miles and Age on Price,,mixed_numeric_text,35,"Model (1=Taurus,0=Accord) | 0 | 1",,,csv,medium,"Some headers were missing; generated column_N names. Delimiter `,`; sampled first 36 rows."
paper-1998-04,The Full Cost Of Intercity Highway Transportation,UPLOADED,/Users/dlev2617/Documents/Code/Agents/github-packages/UPLOADED/paper-1998-04-the-full-cost-of-intercity-highway-transportation,data/highway_full_cost_model/csv_exports/depreciation_model_original_legacy/data.csv,,column_2,,mixed_numeric_text,35,Age (1996-Year) | 1 | 2 | 3 | 4,,,csv,medium,"Some headers were missing; generated column_N names. Delimiter `,`; sampled first 36 rows."
paper-1998-04,The Full Cost Of Intercity Highway Transportation,UPLOADED,/Users/dlev2617/Documents/Code/Agents/github-packages/UPLOADED/paper-1998-04-the-full-cost-of-intercity-highway-transportation,data/highway_full_cost_model/csv_exports/depreciation_model_original_legacy/data.csv,,column_3,,mixed_numeric_text,35,Miles | 11200 | 38800 | 43593 | 18344,,,csv,medium,"Some headers were missing; generated column_N names. Delimiter `,`; sampled first 36 rows."
paper-1998-04,The Full Cost Of Intercity Highway Transportation,UPLOADED,/Users/dlev2617/Documents/Code/Agents/github-packages/UPLOADED/paper-1998-04-the-full-cost-of-intercity-highway-transportation,data/highway_full_cost_model/csv_exports/depreciation_model_original_legacy/data.csv,,column_4,,mixed_numeric_text,35,Age (1996-Year) | 1 | 2 | 3 | 4,,,csv,medium,"Some headers were missing; generated column_N names. Delimiter `,`; sampled first 36 rows."
paper-1998-04,The Full Cost Of Intercity Highway Transportation,UPLOADED,/Users/dlev2617/Documents/Code/Agents/github-packages/UPLOADED/paper-1998-04-the-full-cost-of-intercity-highway-transportation,data/highway_full_cost_model/csv_exports/depreciation_model_original_legacy/data.csv,,sources: www.autoweb.com (12/17/95),,mixed_numeric_text,35,Prices (asking) | 19500 | 11994 | 16995 | 15900,,,csv,medium,"Some headers were missing; generated column_N names. Delimiter `,`; sampled first 36 rows."
paper-1998-04,The Full Cost Of Intercity Highway Transportation,UPLOADED,/Users/dlev2617/Documents/Code/Agents/github-packages/UPLOADED/paper-1998-04-the-full-cost-of-intercity-highway-transportation,data/highway_full_cost_model/csv_exports/depreciation_model_original_legacy/data.csv,,column_6,,mixed_numeric_text,35,Age (1996-Year) | 1 | 2 | 3 | 4,,,csv,medium,"Some headers were missing; generated column_N names. Delimiter `,`; sampled first 36 rows."
paper-1998-04,The Full Cost Of Intercity Highway Transportation,UPLOADED,/Users/dlev2617/Documents/Code/Agents/github-packages/UPLOADED/paper-1998-04-the-full-cost-of-intercity-highway-transportation,data/highway_full_cost_model/csv_exports/depreciation_model_original_legacy/data.csv,,column_7,,text,34,=LN(A3+1) | =LN(A4+1) | =LN(A5+1) | =LN(A6+1) | =LN(A7+1),,,csv,medium,"Some headers were missing; generated column_N names. Delimiter `,`; sampled first 36 rows."
paper-1998-04,The Full Cost Of Intercity Highway Transportation,UPLOADED,/Users/dlev2617/Documents/Code/Agents/github-packages/UPLOADED/paper-1998-04-the-full-cost-of-intercity-highway-transportation,data/highway_full_cost_model/csv_exports/depreciation_model_original_legacy/data.csv,,column_8,,text,34,=LN(B3+1) | =LN(B4+1) | =LN(B5+1) | =LN(B6+1) | =LN(B7+1),,,csv,medium,"Some headers were missing; generated column_N names. Delimiter `,`; sampled first 36 rows."
paper-1998-04,The Full Cost Of Intercity Highway Transportation,UPLOADED,/Users/dlev2617/Documents/Code/Agents/github-packages/UPLOADED/paper-1998-04-the-full-cost-of-intercity-highway-transportation,data/highway_full_cost_model/csv_exports/depreciation_model_original_legacy/data.csv,,column_9,,text,34,=LN(C3+1) | =LN(C4+1) | =LN(C5+1) | =LN(C6+1) | =LN(C7+1),,,csv,medium,"Some headers were missing; generated column_N names. Delimiter `,`; sampled first 36 rows."
paper-1998-04,The Full Cost Of Intercity Highway Transportation,UPLOADED,/Users/dlev2617/Documents/Code/Agents/github-packages/UPLOADED/paper-1998-04-the-full-cost-of-intercity-highway-transportation,data/highway_full_cost_model/csv_exports/depreciation_model_original_legacy/data.csv,,column_10,,text,34,=LN(E3+1) | =LN(E4+1) | =LN(E5+1) | =LN(E6+1) | =LN(E7+1),,,csv,medium,"Some headers were missing; generated column_N names. Delimiter `,`; sampled first 36 rows."
paper-1998-04,The Full Cost Of Intercity Highway Transportation,UPLOADED,/Users/dlev2617/Documents/Code/Agents/github-packages/UPLOADED/paper-1998-04-the-full-cost-of-intercity-highway-transportation,data/highway_full_cost_model/csv_exports/depreciation_model_original_legacy/data.csv,,column_11,,text,34,=$N$3+$N$4*A3+$N$5*B3+$N$6*C3 | =$N$3+$N$4*A4+$N$5*B4+$N$6*C4 | =$N$3+$N$4*A5+$N$5*B5+$N$6*C5 | =$N$3+$N$4*A6+$N$5*B6+$N$6*C6 | =$N$3+$N$4*A7+$N$5*B7+$N$6*C7,,,csv,medium,"Some headers were missing; generated column_N names. Delimiter `,`; sampled first 36 rows."
paper-1998-04,The Full Cost Of Intercity Highway Transportation,UPLOADED,/Users/dlev2617/Documents/Code/Agents/github-packages/UPLOADED/paper-1998-04-the-full-cost-of-intercity-highway-transportation,data/highway_full_cost_model/csv_exports/depreciation_model_original_legacy/data.csv,,column_12,,empty,0,,,,csv,medium,"Some headers were missing; generated column_N names. Delimiter `,`; sampled first 36 rows."
paper-1998-04,The Full Cost Of Intercity Highway Transportation,UPLOADED,/Users/dlev2617/Documents/Code/Agents/github-packages/UPLOADED/paper-1998-04-the-full-cost-of-intercity-highway-transportation,data/highway_full_cost_model/csv_exports/depreciation_model_original_legacy/data.csv,,column_13,,text,4,Intercept | Taurus | Year | Mile,,,csv,medium,"Some headers were missing; generated column_N names. Delimiter `,`; sampled first 36 rows."
paper-1998-04,The Full Cost Of Intercity Highway Transportation,UPLOADED,/Users/dlev2617/Documents/Code/Agents/github-packages/UPLOADED/paper-1998-04-the-full-cost-of-intercity-highway-transportation,data/highway_full_cost_model/csv_exports/depreciation_model_original_legacy/data.csv,,column_14,,mixed_numeric_text,5,Coefficients | 20053.4963539546 | -2738.23857183961 | -1351.34145309553 | -0.023417924364287,,,csv,medium,"Some headers were missing; generated column_N names. Delimiter `,`; sampled first 36 rows."
paper-1998-04,The Full Cost Of Intercity Highway Transportation,UPLOADED,/Users/dlev2617/Documents/Code/Agents/github-packages/UPLOADED/paper-1998-04-the-full-cost-of-intercity-highway-transportation,data/highway_full_cost_model/csv_exports/depreciation_model_original_legacy/regress.csv,,SUMMARY OUTPUT,,text,14,Regression Statistics | Multiple R | R Square | Adjusted R Square | Standard Error,,,csv,medium,"Some headers were missing; generated column_N names. Delimiter `,`; sampled first 17 rows."
paper-1998-04,The Full Cost Of Intercity Highway Transportation,UPLOADED,/Users/dlev2617/Documents/Code/Agents/github-packages/UPLOADED/paper-1998-04-the-full-cost-of-intercity-highway-transportation,data/highway_full_cost_model/csv_exports/depreciation_model_original_legacy/regress.csv,,column_2,,mixed_numeric_text,14,0.935137647856509 | 0.874482420438604 | 0.861930662482465 | 1858.60104130311 | 34,,,csv,medium,"Some headers were missing; generated column_N names. Delimiter `,`; sampled first 17 rows."
paper-1998-04,The Full Cost Of Intercity Highway Transportation,UPLOADED,/Users/dlev2617/Documents/Code/Agents/github-packages/UPLOADED/paper-1998-04-the-full-cost-of-intercity-highway-transportation,data/highway_full_cost_model/csv_exports/depreciation_model_original_legacy/regress.csv,,column_3,,mixed_numeric_text,9,SS | 722004882.519186 | 103631934.921991 | 825636817.441176 | Standard Error,,,csv,medium,"Some headers were missing; generated column_N names. Delimiter `,`; sampled first 17 rows."
paper-1998-04,The Full Cost Of Intercity Highway Transportation,UPLOADED,/Users/dlev2617/Documents/Code/Agents/github-packages/UPLOADED/paper-1998-04-the-full-cost-of-intercity-highway-transportation,data/highway_full_cost_model/csv_exports/depreciation_model_original_legacy/regress.csv,,column_4,,mixed_numeric_text,8,MS | 240668294.173062 | 3454397.83073302 | t Stat | 26.4461795067986,,,csv,medium,"Some headers were missing; generated column_N names. Delimiter `,`; sampled first 17 rows."
paper-1998-04,The Full Cost Of Intercity Highway Transportation,UPLOADED,/Users/dlev2617/Documents/Code/Agents/github-packages/UPLOADED/paper-1998-04-the-full-cost-of-intercity-highway-transportation,data/highway_full_cost_model/csv_exports/depreciation_model_original_legacy/regress.csv,,column_5,,mixed_numeric_text,7,F | 69.6701150145155 | P-value | 2.4023123416792e-22 | 0.00163497039555047,,,csv,medium,"Some headers were missing; generated column_N names. Delimiter `,`; sampled first 17 rows."
paper-1998-04,The Full Cost Of Intercity Highway Transportation,UPLOADED,/Users/dlev2617/Documents/Code/Agents/github-packages/UPLOADED/paper-1998-04-the-full-cost-of-intercity-highway-transportation,data/highway_full_cost_model/csv_exports/depreciation_model_original_legacy/regress.csv,,column_6,,mixed_numeric_text,7,Significance F | 1.27204391447432e-13 | Lower 95% | 18504.8922894711 | -4353.7344314041,,,csv,medium,"Some headers were missing; generated column_N names. Delimiter `,`; sampled first 17 rows."
paper-1998-04,The Full Cost Of Intercity Highway Transportation,UPLOADED,/Users/dlev2617/Documents/Code/Agents/github-packages/UPLOADED/paper-1998-04-the-full-cost-of-intercity-highway-transportation,data/highway_full_cost_model/csv_exports/depreciation_model_original_legacy/regress.csv,,column_7,,mixed_numeric_text,5,Upper 95% | 21602.1004184381 | -1122.74271227511 | -938.977259580827 | 0.00767306542281513,,,csv,medium,"Some headers were missing; generated column_N names. Delimiter `,`; sampled first 17 rows."
paper-1998-04,The Full Cost Of Intercity Highway Transportation,UPLOADED,/Users/dlev2617/Documents/Code/Agents/github-packages/UPLOADED/paper-1998-04-the-full-cost-of-intercity-highway-transportation,data/highway_full_cost_model/csv_exports/depreciation_model_original_legacy/regress.csv,,column_8,,mixed_numeric_text,5,Lower 95.0% | 18504.8922894711 | -4353.7344314041 | -1763.70564661024 | -0.054508914151389,,,csv,medium,"Some headers were missing; generated column_N names. Delimiter `,`; sampled first 17 rows."
paper-1998-04,The Full Cost Of Intercity Highway Transportation,UPLOADED,/Users/dlev2617/Documents/Code/Agents/github-packages/UPLOADED/paper-1998-04-the-full-cost-of-intercity-highway-transportation,data/highway_full_cost_model/csv_exports/depreciation_model_original_legacy/regress.csv,,column_9,,mixed_numeric_text,5,Upper 95.0% | 21602.1004184381 | -1122.74271227511 | -938.977259580827 | 0.00767306542281513,,,csv,medium,"Some headers were missing; generated column_N names. Delimiter `,`; sampled first 17 rows."
paper-1998-04,The Full Cost Of Intercity Highway Transportation,UPLOADED,/Users/dlev2617/Documents/Code/Agents/github-packages/UPLOADED/paper-1998-04-the-full-cost-of-intercity-highway-transportation,data/highway_full_cost_model/csv_exports/depreciation_model_original_legacy/sheet2.csv,,Age,,numeric,34,1 | 2 | 3 | 4 | 5,1,10,csv,medium,"Some headers were missing; generated column_N names. Delimiter `,`; sampled first 35 rows."
paper-1998-04,The Full Cost Of Intercity Highway Transportation,UPLOADED,/Users/dlev2617/Documents/Code/Agents/github-packages/UPLOADED/paper-1998-04-the-full-cost-of-intercity-highway-transportation,data/highway_full_cost_model/csv_exports/depreciation_model_original_legacy/sheet2.csv,,Asking Price,,numeric,34,19500 | 11994 | 12700 | 15850 | 15900,2000,19665,csv,medium,"Some headers were missing; generated column_N names. Delimiter `,`; sampled first 35 rows."
paper-1998-04,The Full Cost Of Intercity Highway Transportation,UPLOADED,/Users/dlev2617/Documents/Code/Agents/github-packages/UPLOADED/paper-1998-04-the-full-cost-of-intercity-highway-transportation,data/highway_full_cost_model/csv_exports/depreciation_model_original_legacy/sheet2.csv,,Regression Model,,numeric,34,18439.8741479791 | 13703.9594105896 | 16859.0370361135 | 16976.1266579349 | 16812.2011873849,804.348932531,18439.874148,csv,medium,"Some headers were missing; generated column_N names. Delimiter `,`; sampled first 35 rows."
paper-1998-04,The Full Cost Of Intercity Highway Transportation,UPLOADED,/Users/dlev2617/Documents/Code/Agents/github-packages/UPLOADED/paper-1998-04-the-full-cost-of-intercity-highway-transportation,data/highway_full_cost_model/csv_exports/depreciation_model_original_legacy/sheet2.csv,,column_4,,empty,0,,,,csv,medium,"Some headers were missing; generated column_N names. Delimiter `,`; sampled first 35 rows."
paper-1998-04,The Full Cost Of Intercity Highway Transportation,UPLOADED,/Users/dlev2617/Documents/Code/Agents/github-packages/UPLOADED/paper-1998-04-the-full-cost-of-intercity-highway-transportation,data/highway_full_cost_model/csv_exports/depreciation_model_original_legacy/sheet2.csv,,Miles,,numeric,34,11200 | 16000 | 18344 | 21000 | 23000,11200,130000,csv,medium,"Some headers were missing; generated column_N names. Delimiter `,`; sampled first 35 rows."
paper-1998-04,The Full Cost Of Intercity Highway Transportation,UPLOADED,/Users/dlev2617/Documents/Code/Agents/github-packages/UPLOADED/paper-1998-04-the-full-cost-of-intercity-highway-transportation,data/highway_full_cost_model/csv_exports/depreciation_model_original_legacy/sheet2.csv,,Asking Price_2,,numeric,34,19500 | 15850 | 16995 | 12700 | 15900,2000,19665,csv,medium,"Some headers were missing; generated column_N names. Delimiter `,`; sampled first 35 rows."
paper-1998-04,The Full Cost Of Intercity Highway Transportation,UPLOADED,/Users/dlev2617/Documents/Code/Agents/github-packages/UPLOADED/paper-1998-04-the-full-cost-of-intercity-highway-transportation,data/highway_full_cost_model/csv_exports/depreciation_model_original_legacy/sheet2.csv,,Regression Model_2,,numeric,34,18439.8741479791 | 16976.1266579349 | 16921.2350432251 | 16859.0370361135 | 16812.2011873849,804.348932531,18439.874148,csv,medium,"Some headers were missing; generated column_N names. Delimiter `,`; sampled first 35 rows."
paper-1998-04,The Full Cost Of Intercity Highway Transportation,UPLOADED,/Users/dlev2617/Documents/Code/Agents/github-packages/UPLOADED/paper-1998-04-the-full-cost-of-intercity-highway-transportation,data/highway_full_cost_model/csv_exports/greg_1_original/sheet1.csv,,OBS,,numeric,960,1 | 2 | 3 | 4 | 5,1,960,csv,medium,"Headers inferred from first row. Delimiter `,`; sampled first 963 rows."
paper-1998-04,The Full Cost Of Intercity Highway Transportation,UPLOADED,/Users/dlev2617/Documents/Code/Agents/github-packages/UPLOADED/paper-1998-04-the-full-cost-of-intercity-highway-transportation,data/highway_full_cost_model/csv_exports/greg_1_original/sheet1.csv,,STATE,,text,960,ALABAMA | ARKANSAS | ARIZONA | CALIFORNIA | COLORADO,,,csv,medium,"Headers inferred from first row. Delimiter `,`; sampled first 963 rows."
paper-1998-04,The Full Cost Of Intercity Highway Transportation,UPLOADED,/Users/dlev2617/Documents/Code/Agents/github-packages/UPLOADED/paper-1998-04-the-full-cost-of-intercity-highway-transportation,data/highway_full_cost_model/csv_exports/greg_1_original/sheet1.csv,,STATE2,,mixed_numeric_text,960,501 | 505 | 604 | 804 | 7?,,,csv,medium,"Headers inferred from first row. Delimiter `,`; sampled first 963 rows."
paper-1998-04,The Full Cost Of Intercity Highway Transportation,UPLOADED,/Users/dlev2617/Documents/Code/Agents/github-packages/UPLOADED/paper-1998-04-the-full-cost-of-intercity-highway-transportation,data/highway_full_cost_model/csv_exports/greg_1_original/sheet1.csv,,UN,,numeric,960,0 | 4.7 | 5.2 | 4.5 | 5.5,0,18,csv,medium,"Headers inferred from first row. Delimiter `,`; sampled first 963 rows."
paper-1998-04,The Full Cost Of Intercity Highway Transportation,UPLOADED,/Users/dlev2617/Documents/Code/Agents/github-packages/UPLOADED/paper-1998-04-the-full-cost-of-intercity-highway-transportation,data/highway_full_cost_model/csv_exports/greg_1_original/sheet1.csv,,YEAR,,numeric,960,1969 | 1970 | 1971 | 1972 | 1973,1969,1988,csv,medium,"Headers inferred from first row. Delimiter `,`; sampled first 963 rows."
paper-1998-04,The Full Cost Of Intercity Highway Transportation,UPLOADED,/Users/dlev2617/Documents/Code/Agents/github-packages/UPLOADED/paper-1998-04-the-full-cost-of-intercity-highway-transportation,data/highway_full_cost_model/csv_exports/greg_1_original/sheet1.csv,,CLTCB,,numeric,960,641.467 | 675.605 | 626.055 | 669.735 | 688.65,0,1798.61,csv,medium,"Headers inferred from first row. Delimiter `,`; sampled first 963 rows."
paper-1998-04,The Full Cost Of Intercity Highway Transportation,UPLOADED,/Users/dlev2617/Documents/Code/Agents/github-packages/UPLOADED/paper-1998-04-the-full-cost-of-intercity-highway-transportation,data/highway_full_cost_model/csv_exports/greg_1_original/sheet1.csv,,HYTCB,,numeric,960,78.511 | 80.092 | 104.114 | 106.211 | 122.622,-10.1547,1070.2,csv,medium,"Headers inferred from first row. Delimiter `,`; sampled first 963 rows."
paper-1998-04,The Full Cost Of Intercity Highway Transportation,UPLOADED,/Users/dlev2617/Documents/Code/Agents/github-packages/UPLOADED/paper-1998-04-the-full-cost-of-intercity-highway-transportation,data/highway_full_cost_model/csv_exports/greg_1_original/sheet1.csv,,NGTCB,,numeric,960,310.822 | 307.75 | 294.838 | 287.1 | 279.959,1.139,4746.15,csv,medium,"Headers inferred from first row. Delimiter `,`; sampled first 963 rows."
paper-1998-04,The Full Cost Of Intercity Highway Transportation,UPLOADED,/Users/dlev2617/Documents/Code/Agents/github-packages/UPLOADED/paper-1998-04-the-full-cost-of-intercity-highway-transportation,data/highway_full_cost_model/csv_exports/greg_1_original/sheet1.csv,,PATCB,,numeric,960,340.447 | 355.272 | 367.407 | 407.919 | 453.62,52.636,4393.21,csv,medium,"Headers inferred from first row. Delimiter `,`; sampled first 963 rows."
paper-1998-04,The Full Cost Of Intercity Highway Transportation,UPLOADED,/Users/dlev2617/Documents/Code/Agents/github-packages/UPLOADED/paper-1998-04-the-full-cost-of-intercity-highway-transportation,data/highway_full_cost_model/csv_exports/greg_1_original/sheet1.csv,,TETCB,,numeric,960,1293.31 | 1344.84 | 1334.06 | 1423.83 | 1474.26,99.77,9519.04,csv,medium,"Headers inferred from first row. Delimiter `,`; sampled first 963 rows."
paper-1998-04,The Full Cost Of Intercity Highway Transportation,UPLOADED,/Users/dlev2617/Documents/Code/Agents/github-packages/UPLOADED/paper-1998-04-the-full-cost-of-intercity-highway-transportation,data/highway_full_cost_model/csv_exports/greg_1_original/sheet1.csv,,SMINING,,numeric,960,786 | 832 | 742 | 781 | 818,-3,54543,csv,medium,"Headers inferred from first row. Delimiter `,`; sampled first 963 rows."
paper-1998-04,The Full Cost Of Intercity Highway Transportation,UPLOADED,/Users/dlev2617/Documents/Code/Agents/github-packages/UPLOADED/paper-1998-04-the-full-cost-of-intercity-highway-transportation,data/highway_full_cost_model/csv_exports/greg_1_original/sheet1.csv,,SCONSTR,,numeric,960,2078 | 1829 | 1815 | 1905 | 2149,227,22920,csv,medium,"Headers inferred from first row. Delimiter `,`; sampled first 963 rows."
paper-1998-04,The Full Cost Of Intercity Highway Transportation,UPLOADED,/Users/dlev2617/Documents/Code/Agents/github-packages/UPLOADED/paper-1998-04-the-full-cost-of-intercity-highway-transportation,data/highway_full_cost_model/csv_exports/greg_1_original/sheet1.csv,,SDURABL,,numeric,960,3994 | 3762 | 3816 | 4091 | 4461,68,79754,csv,medium,"Headers inferred from first row. Delimiter `,`; sampled first 963 rows."
paper-1998-04,The Full Cost Of Intercity Highway Transportation,UPLOADED,/Users/dlev2617/Documents/Code/Agents/github-packages/UPLOADED/paper-1998-04-the-full-cost-of-intercity-highway-transportation,data/highway_full_cost_model/csv_exports/greg_1_original/sheet1.csv,,SNONDUR,,numeric,960,3083 | 2970 | 3166 | 3542 | 3995,92,35293,csv,medium,"Headers inferred from first row. Delimiter `,`; sampled first 963 rows."
paper-1998-04,The Full Cost Of Intercity Highway Transportation,UPLOADED,/Users/dlev2617/Documents/Code/Agents/github-packages/UPLOADED/paper-1998-04-the-full-cost-of-intercity-highway-transportation,data/highway_full_cost_model/csv_exports/greg_1_original/sheet1.csv,,STRANS,,numeric,960,2377 | 2415 | 2490 | 2775 | 3058,315,40495,csv,medium,"Headers inferred from first row. Delimiter `,`; sampled first 963 rows."
paper-1998-04,The Full Cost Of Intercity Highway Transportation,UPLOADED,/Users/dlev2617/Documents/Code/Agents/github-packages/UPLOADED/paper-1998-04-the-full-cost-of-intercity-highway-transportation,data/highway_full_cost_model/csv_exports/greg_1_original/sheet1.csv,,SWHOLE,,numeric,960,1754 | 1775 | 1861 | 2055 | 2170,129,38841,csv,medium,"Headers inferred from first row. Delimiter `,`; sampled first 963 rows."
paper-1998-04,The Full Cost Of Intercity Highway Transportation,UPLOADED,/Users/dlev2617/Documents/Code/Agents/github-packages/UPLOADED/paper-1998-04-the-full-cost-of-intercity-highway-transportation,data/highway_full_cost_model/csv_exports/greg_1_original/sheet1.csv,,SRETAIL,,numeric,960,2665 | 2721 | 2892 | 3172 | 3378,376,53760,csv,medium,"Headers inferred from first row. Delimiter `,`; sampled first 963 rows."
paper-1998-04,The Full Cost Of Intercity Highway Transportation,UPLOADED,/Users/dlev2617/Documents/Code/Agents/github-packages/UPLOADED/paper-1998-04-the-full-cost-of-intercity-highway-transportation,data/highway_full_cost_model/csv_exports/greg_1_original/sheet1.csv,,SFINANC,,numeric,960,2939 | 2998 | 3152 | 3370 | 3574,535,86216,csv,medium,"Headers inferred from first row. Delimiter `,`; sampled first 963 rows."
paper-1998-04,The Full Cost Of Intercity Highway Transportation,UPLOADED,/Users/dlev2617/Documents/Code/Agents/github-packages/UPLOADED/paper-1998-04-the-full-cost-of-intercity-highway-transportation,data/highway_full_cost_model/csv_exports/greg_1_original/sheet1.csv,,SSERVICE,,numeric,960,879 | 857 | 986 | 997 | 856,52,15608,csv,medium,"Headers inferred from first row. Delimiter `,`; sampled first 963 rows."
paper-1998-04,The Full Cost Of Intercity Highway Transportation,UPLOADED,/Users/dlev2617/Documents/Code/Agents/github-packages/UPLOADED/paper-1998-04-the-full-cost-of-intercity-highway-transportation,data/highway_full_cost_model/csv_exports/greg_1_original/sheet1.csv,,SNAPROD,,numeric,960,27894 | 27561 | 28389 | 30306 | 32444,4080,513997,csv,medium,"Headers inferred from first row. Delimiter `,`; sampled first 963 rows."
paper-1998-04,The Full Cost Of Intercity Highway Transportation,UPLOADED,/Users/dlev2617/Documents/Code/Agents/github-packages/UPLOADED/paper-1998-04-the-full-cost-of-intercity-highway-transportation,data/highway_full_cost_model/csv_exports/greg_1_original/sheet1.csv,,TOTIND,,numeric,960,86.9 | 80.8 | 79.2 | 84.3 | 88.4,74.6,88.4,csv,medium,"Headers inferred from first row. Delimiter `,`; sampled first 963 rows."
paper-1998-04,The Full Cost Of Intercity Highway Transportation,UPLOADED,/Users/dlev2617/Documents/Code/Agents/github-packages/UPLOADED/paper-1998-04-the-full-cost-of-intercity-highway-transportation,data/highway_full_cost_model/csv_exports/greg_1_original/sheet1.csv,,GSP,,numeric,960,28773 | 28418 | 29375 | 31303 | 33430,4296,528674,csv,medium,"Headers inferred from first row. Delimiter `,`; sampled first 963 rows."
paper-1998-04,The Full Cost Of Intercity Highway Transportation,UPLOADED,/Users/dlev2617/Documents/Code/Agents/github-packages/UPLOADED/paper-1998-04-the-full-cost-of-intercity-highway-transportation,data/highway_full_cost_model/csv_exports/greg_1_original/sheet1.csv,,DURAB,,numeric,960,86.8 | 79.7 | 78.2 | 83.7 | 88.1,72.8,88.1,csv,medium,"Headers inferred from first row. Delimiter `,`; sampled first 963 rows."
paper-1998-04,The Full Cost Of Intercity Highway Transportation,UPLOADED,/Users/dlev2617/Documents/Code/Agents/github-packages/UPLOADED/paper-1998-04-the-full-cost-of-intercity-highway-transportation,data/highway_full_cost_model/csv_exports/greg_1_original/sheet1.csv,,NONDUR,,numeric,960,86.3 | 76.7 | 74.3 | 80.9 | 87.5,69,87.5,csv,medium,"Headers inferred from first row. Delimiter `,`; sampled first 963 rows."
paper-1998-04,The Full Cost Of Intercity Highway Transportation,UPLOADED,/Users/dlev2617/Documents/Code/Agents/github-packages/UPLOADED/paper-1998-04-the-full-cost-of-intercity-highway-transportation,data/highway_full_cost_model/csv_exports/greg_1_original/sheet1.csv,,PRIMARY,,numeric,960,86.6 | 82.9 | 82.8 | 87.5 | 84,76.4,87.5,csv,medium,"Headers inferred from first row. Delimiter `,`; sampled first 963 rows."
paper-1998-04,The Full Cost Of Intercity Highway Transportation,UPLOADED,/Users/dlev2617/Documents/Code/Agents/github-packages/UPLOADED/paper-1998-04-the-full-cost-of-intercity-highway-transportation,data/highway_full_cost_model/csv_exports/greg_1_original/sheet1.csv,,MINING,,numeric,960,86.5 | 79.1 | 77.4 | 82.5 | 82.8,73.5,86.5,csv,medium,"Headers inferred from first row. Delimiter `,`; sampled first 963 rows."
paper-1998-04,The Full Cost Of Intercity Highway Transportation,UPLOADED,/Users/dlev2617/Documents/Code/Agents/github-packages/UPLOADED/paper-1998-04-the-full-cost-of-intercity-highway-transportation,data/highway_full_cost_model/csv_exports/greg_1_original/sheet1.csv,,UTILIT,,numeric,960,95.8 | 95.4 | 93.9 | 94.6 | 92.9,79.5,95.8,csv,medium,"Headers inferred from first row. Delimiter `,`; sampled first 963 rows."
paper-1998-04,The Full Cost Of Intercity Highway Transportation,UPLOADED,/Users/dlev2617/Documents/Code/Agents/github-packages/UPLOADED/paper-1998-04-the-full-cost-of-intercity-highway-transportation,data/highway_full_cost_model/csv_exports/greg_1_original/sheet1.csv,,TOTPUB,,numeric,960,15032.68 | 15501.94 | 15972.41 | 16406.26 | 16762.67,2627.12,145321.6,csv,medium,"Headers inferred from first row. Delimiter `,`; sampled first 963 rows."
paper-1998-04,The Full Cost Of Intercity Highway Transportation,UPLOADED,/Users/dlev2617/Documents/Code/Agents/github-packages/UPLOADED/paper-1998-04-the-full-cost-of-intercity-highway-transportation,data/highway_full_cost_model/csv_exports/greg_1_original/sheet1.csv,,HIGHWAY,,numeric,960,7325.79 | 7525.94 | 7765.42 | 7907.66 | 8025.52,1816.9,47699.43,csv,medium,"Headers inferred from first row. Delimiter `,`; sampled first 963 rows."
paper-1998-04,The Full Cost Of Intercity Highway Transportation,UPLOADED,/Users/dlev2617/Documents/Code/Agents/github-packages/UPLOADED/paper-1998-04-the-full-cost-of-intercity-highway-transportation,data/highway_full_cost_model/csv_exports/greg_1_original/sheet1.csv,,OTHPK,,numeric,960,6051.2 | 6254.98 | 6442.23 | 6756.19 | 7002.29,538.49,80728.14,csv,medium,"Headers inferred from first row. Delimiter `,`; sampled first 963 rows."
paper-1998-04,The Full Cost Of Intercity Highway Transportation,UPLOADED,/Users/dlev2617/Documents/Code/Agents/github-packages/UPLOADED/paper-1998-04-the-full-cost-of-intercity-highway-transportation,data/highway_full_cost_model/csv_exports/greg_1_original/sheet1.csv,,PVTCAP,,numeric,960,35793.8 | 37299.91 | 38670.3 | 40084.01 | 42057.32,4052.71,400653.1,csv,medium,"Headers inferred from first row. Delimiter `,`; sampled first 963 rows."
paper-1998-04,The Full Cost Of Intercity Highway Transportation,UPLOADED,/Users/dlev2617/Documents/Code/Agents/github-packages/UPLOADED/paper-1998-04-the-full-cost-of-intercity-highway-transportation,data/highway_full_cost_model/csv_exports/greg_1_original/sheet1.csv,,AGCAP,,numeric,960,1687.63 | 1749.75 | 1812.37 | 1746.87 | 1847.31,30.83,17373.4,csv,medium,"Headers inferred from first row. Delimiter `,`; sampled first 963 rows."
paper-1998-04,The Full Cost Of Intercity Highway Transportation,UPLOADED,/Users/dlev2617/Documents/Code/Agents/github-packages/UPLOADED/paper-1998-04-the-full-cost-of-intercity-highway-transportation,data/highway_full_cost_model/csv_exports/greg_1_original/sheet1.csv,,MFGCAP,,mixed_numeric_text,960,9598.34 | 9914.18 | 10146.61 | 10386.7 | 10703.8,,,csv,medium,"Headers inferred from first row. Delimiter `,`; sampled first 963 rows."
paper-1998-04,The Full Cost Of Intercity Highway Transportation,UPLOADED,/Users/dlev2617/Documents/Code/Agents/github-packages/UPLOADED/paper-1998-04-the-full-cost-of-intercity-highway-transportation,data/highway_full_cost_model/csv_exports/greg_1_original/sheet1.csv,,NFNMCAP,,mixed_numeric_text,960,24507.83 | 25635.98 | 26711.32 | 27950.44 | 29506.21,,,csv,medium,"Headers inferred from first row. Delimiter `,`; sampled first 963 rows."
paper-1998-04,The Full Cost Of Intercity Highway Transportation,UPLOADED,/Users/dlev2617/Documents/Code/Agents/github-packages/UPLOADED/paper-1998-04-the-full-cost-of-intercity-highway-transportation,data/highway_full_cost_model/csv_exports/greg_1_original/sheet1.csv,,NAEMPL,,numeric,960,1000.2 | 1010.4 | 1021.9 | 1072.3 | 1135.5,106.9,12075.1,csv,medium,"Headers inferred from first row. Delimiter `,`; sampled first 963 rows."
paper-1998-04,The Full Cost Of Intercity Highway Transportation,UPLOADED,/Users/dlev2617/Documents/Code/Agents/github-packages/UPLOADED/paper-1998-04-the-full-cost-of-intercity-highway-transportation,data/highway_full_cost_model/csv_exports/greg_1_original/sheet1.csv,,CITIES,,numeric,960,10 | 9 | 5 | 47 | 8,1,47,csv,medium,"Headers inferred from first row. Delimiter `,`; sampled first 963 rows."
paper-1998-04,The Full Cost Of Intercity Highway Transportation,UPLOADED,/Users/dlev2617/Documents/Code/Agents/github-packages/UPLOADED/paper-1998-04-the-full-cost-of-intercity-highway-transportation,data/highway_full_cost_model/csv_exports/greg_1_original/sheet1.csv,,AREA,,numeric,960,52423 | 53182 | 114006 | 163707 | 104100,1545,268601,csv,medium,"Headers inferred from first row. Delimiter `,`; sampled first 963 rows."
paper-1998-04,The Full Cost Of Intercity Highway Transportation,UPLOADED,/Users/dlev2617/Documents/Code/Agents/github-packages/UPLOADED/paper-1998-04-the-full-cost-of-intercity-highway-transportation,data/highway_full_cost_model/csv_exports/greg_1_original/sheet1.csv,,CPI,,numeric,948,36.7 | 38.8 | 40.5 | 41.8 | 44.4,36,118.3,csv,medium,"Headers inferred from first row. Delimiter `,`; sampled first 963 rows."
paper-1998-04,The Full Cost Of Intercity Highway Transportation,UPLOADED,/Users/dlev2617/Documents/Code/Agents/github-packages/UPLOADED/paper-1998-04-the-full-cost-of-intercity-highway-transportation,data/highway_full_cost_model/csv_exports/greg_1_original/sheet1.csv,,PPI,,mixed_numeric_text,960,38.2 | 40 | 41.4 | 42.3 | 43.7,,,csv,medium,"Headers inferred from first row. Delimiter `,`; sampled first 963 rows."
paper-1998-04,The Full Cost Of Intercity Highway Transportation,UPLOADED,/Users/dlev2617/Documents/Code/Agents/github-packages/UPLOADED/paper-1998-04-the-full-cost-of-intercity-highway-transportation,data/highway_full_cost_model/csv_exports/greg_1_original/sheet1.csv,,ROWAY,,numeric,960,23642000 | 16648000 | 11223000 | 14390000 | 11812000,308000,292000000,csv,medium,"Headers inferred from first row. Delimiter `,`; sampled first 963 rows."
paper-1998-04,The Full Cost Of Intercity Highway Transportation,UPLOADED,/Users/dlev2617/Documents/Code/Agents/github-packages/UPLOADED/paper-1998-04-the-full-cost-of-intercity-highway-transportation,data/highway_full_cost_model/csv_exports/greg_1_original/sheet1.csv,,TCAPO,,numeric,960,175000000 | 190000000 | 206000000 | 215000000 | 202000000,17023000,2980000000,csv,medium,"Headers inferred from first row. Delimiter `,`; sampled first 963 rows."
paper-1998-04,The Full Cost Of Intercity Highway Transportation,UPLOADED,/Users/dlev2617/Documents/Code/Agents/github-packages/UPLOADED/paper-1998-04-the-full-cost-of-intercity-highway-transportation,data/highway_full_cost_model/csv_exports/greg_1_original/sheet1.csv,,TMANT,,numeric,960,75343000 | 87487000 | 91299000 | 89616000 | 93706000,11597000,1800000000,csv,medium,"Headers inferred from first row. Delimiter `,`; sampled first 963 rows."
paper-1998-04,The Full Cost Of Intercity Highway Transportation,UPLOADED,/Users/dlev2617/Documents/Code/Agents/github-packages/UPLOADED/paper-1998-04-the-full-cost-of-intercity-highway-transportation,data/highway_full_cost_model/csv_exports/greg_1_original/sheet1.csv,,HPOLC,,numeric,960,8231000 | 9259000 | 8762000 | 8814000 | 9716000,1783000,931000000,csv,medium,"Headers inferred from first row. Delimiter `,`; sampled first 963 rows."
paper-1998-04,The Full Cost Of Intercity Highway Transportation,UPLOADED,/Users/dlev2617/Documents/Code/Agents/github-packages/UPLOADED/paper-1998-04-the-full-cost-of-intercity-highway-transportation,data/highway_full_cost_model/csv_exports/greg_1_original/sheet1.csv,,TDISB,,numeric,960,309000000 | 335000000 | 361000000 | 367000000 | 366000000,68484000,5490000000,csv,medium,"Headers inferred from first row. Delimiter `,`; sampled first 963 rows."
paper-1998-04,The Full Cost Of Intercity Highway Transportation,UPLOADED,/Users/dlev2617/Documents/Code/Agents/github-packages/UPLOADED/paper-1998-04-the-full-cost-of-intercity-highway-transportation,data/highway_full_cost_model/csv_exports/greg_1_original/sheet1.csv,,IRFA4,,numeric,960,526 | 535 | 564 | 572 | 595,0,2282,csv,medium,"Headers inferred from first row. Delimiter `,`; sampled first 963 rows."
paper-1998-04,The Full Cost Of Intercity Highway Transportation,UPLOADED,/Users/dlev2617/Documents/Code/Agents/github-packages/UPLOADED/paper-1998-04-the-full-cost-of-intercity-highway-transportation,data/highway_full_cost_model/csv_exports/greg_1_original/sheet1.csv,,IRTT,,numeric,960,762 | 751 | 774 | 728 | 736,0,2414,csv,medium,"Headers inferred from first row. Delimiter `,`; sampled first 963 rows."
paper-1998-04,The Full Cost Of Intercity Highway Transportation,UPLOADED,/Users/dlev2617/Documents/Code/Agents/github-packages/UPLOADED/paper-1998-04-the-full-cost-of-intercity-highway-transportation,data/highway_full_cost_model/csv_exports/greg_1_original/sheet1.csv,,IUFA4,,numeric,960,45 | 66 | 74 | 87 | 91,0,978,csv,medium,"Headers inferred from first row. Delimiter `,`; sampled first 963 rows."
paper-1998-04,The Full Cost Of Intercity Highway Transportation,UPLOADED,/Users/dlev2617/Documents/Code/Agents/github-packages/UPLOADED/paper-1998-04-the-full-cost-of-intercity-highway-transportation,data/highway_full_cost_model/csv_exports/greg_1_original/sheet1.csv,,IUTT,,numeric,960,177 | 198 | 203 | 202 | 179,7,978,csv,medium,"Headers inferred from first row. Delimiter `,`; sampled first 963 rows."
paper-1998-04,The Full Cost Of Intercity Highway Transportation,UPLOADED,/Users/dlev2617/Documents/Code/Agents/github-packages/UPLOADED/paper-1998-04-the-full-cost-of-intercity-highway-transportation,data/highway_full_cost_model/csv_exports/greg_1_original/sheet1.csv,,PR2L,,numeric,960,4344 | 4322 | 4263 | 4209 | 4198,60,12336,csv,medium,"Headers inferred from first row. Delimiter `,`; sampled first 963 rows."
paper-1998-04,The Full Cost Of Intercity Highway Transportation,UPLOADED,/Users/dlev2617/Documents/Code/Agents/github-packages/UPLOADED/paper-1998-04-the-full-cost-of-intercity-highway-transportation,data/highway_full_cost_model/csv_exports/greg_1_original/sheet1.csv,,PRFA4,,numeric,960,526 | 535 | 564 | 572 | 595,0,2205,csv,medium,"Headers inferred from first row. Delimiter `,`; sampled first 963 rows."
paper-1998-04,The Full Cost Of Intercity Highway Transportation,UPLOADED,/Users/dlev2617/Documents/Code/Agents/github-packages/UPLOADED/paper-1998-04-the-full-cost-of-intercity-highway-transportation,data/highway_full_cost_model/csv_exports/greg_1_original/sheet1.csv,,PR4TT,,numeric,960,1015 | 1048 | 1109 | 1057 | 1094,0,4506,csv,medium,"Headers inferred from first row. Delimiter `,`; sampled first 963 rows."
paper-1998-04,The Full Cost Of Intercity Highway Transportation,UPLOADED,/Users/dlev2617/Documents/Code/Agents/github-packages/UPLOADED/paper-1998-04-the-full-cost-of-intercity-highway-transportation,data/highway_full_cost_model/csv_exports/greg_1_original/sheet1.csv,,PRTT,,numeric,960,5419 | 5428 | 5440 | 5434 | 5463,136,17548,csv,medium,"Headers inferred from first row. Delimiter `,`; sampled first 963 rows."
paper-1998-04,The Full Cost Of Intercity Highway Transportation,UPLOADED,/Users/dlev2617/Documents/Code/Agents/github-packages/UPLOADED/paper-1998-04-the-full-cost-of-intercity-highway-transportation,data/highway_full_cost_model/csv_exports/greg_1_original/sheet1.csv,,PU2L,,numeric,960,383 | 380 | 370 | 334 | 293,2,2787,csv,medium,"Headers inferred from first row. Delimiter `,`; sampled first 963 rows."
paper-1998-04,The Full Cost Of Intercity Highway Transportation,UPLOADED,/Users/dlev2617/Documents/Code/Agents/github-packages/UPLOADED/paper-1998-04-the-full-cost-of-intercity-highway-transportation,data/highway_full_cost_model/csv_exports/greg_1_original/sheet1.csv,,PUFA4,,numeric,960,46 | 66 | 74 | 87 | 91,0,1558,csv,medium,"Headers inferred from first row. Delimiter `,`; sampled first 963 rows."
paper-1998-04,The Full Cost Of Intercity Highway Transportation,UPLOADED,/Users/dlev2617/Documents/Code/Agents/github-packages/UPLOADED/paper-1998-04-the-full-cost-of-intercity-highway-transportation,data/highway_full_cost_model/csv_exports/greg_1_original/sheet1.csv,,PU4TT,,numeric,960,266 | 289 | 313 | 398 | 427,0,1888,csv,medium,"Headers inferred from first row. Delimiter `,`; sampled first 963 rows."
paper-1998-04,The Full Cost Of Intercity Highway Transportation,UPLOADED,/Users/dlev2617/Documents/Code/Agents/github-packages/UPLOADED/paper-1998-04-the-full-cost-of-intercity-highway-transportation,data/highway_full_cost_model/csv_exports/greg_1_original/sheet1.csv,,PUTT,,numeric,960,779 | 806 | 840 | 866 | 869,23,4215,csv,medium,"Headers inferred from first row. Delimiter `,`; sampled first 963 rows."
paper-1998-04,The Full Cost Of Intercity Highway Transportation,UPLOADED,/Users/dlev2617/Documents/Code/Agents/github-packages/UPLOADED/paper-1998-04-the-full-cost-of-intercity-highway-transportation,data/highway_full_cost_model/csv_exports/greg_1_original/sheet1.csv,,REGAUTO,,numeric,960,1470975 | 1559097 | 1656566 | 1746518 | 1828875,153141,16496522,csv,medium,"Headers inferred from first row. Delimiter `,`; sampled first 963 rows."
paper-1998-04,The Full Cost Of Intercity Highway Transportation,UPLOADED,/Users/dlev2617/Documents/Code/Agents/github-packages/UPLOADED/paper-1998-04-the-full-cost-of-intercity-highway-transportation,data/highway_full_cost_model/csv_exports/greg_1_original/sheet1.csv,,REGBUS,,numeric,960,7683 | 7807 | 7849 | 7893 | 7960,746,60075,csv,medium,"Headers inferred from first row. Delimiter `,`; sampled first 963 rows."
paper-1998-04,The Full Cost Of Intercity Highway Transportation,UPLOADED,/Users/dlev2617/Documents/Code/Agents/github-packages/UPLOADED/paper-1998-04-the-full-cost-of-intercity-highway-transportation,data/highway_full_cost_model/csv_exports/greg_1_original/sheet1.csv,,REGTRK,,numeric,960,378680 | 399028 | 428556 | 472882 | 516794,14224,4802909,csv,medium,"Headers inferred from first row. Delimiter `,`; sampled first 963 rows."
paper-1998-04,The Full Cost Of Intercity Highway Transportation,UPLOADED,/Users/dlev2617/Documents/Code/Agents/github-packages/UPLOADED/paper-1998-04-the-full-cost-of-intercity-highway-transportation,data/highway_full_cost_model/csv_exports/greg_1_original/sheet1.csv,,dt1,,boolean_or_indicator,960,1 | 0,,,csv,medium,"Headers inferred from first row. Delimiter `,`; sampled first 963 rows."
paper-1998-04,The Full Cost Of Intercity Highway Transportation,UPLOADED,/Users/dlev2617/Documents/Code/Agents/github-packages/UPLOADED/paper-1998-04-the-full-cost-of-intercity-highway-transportation,data/highway_full_cost_model/csv_exports/greg_1_original/sheet1.csv,,dt2,,boolean_or_indicator,960,0 | 1,,,csv,medium,"Headers inferred from first row. Delimiter `,`; sampled first 963 rows."
paper-1998-04,The Full Cost Of Intercity Highway Transportation,UPLOADED,/Users/dlev2617/Documents/Code/Agents/github-packages/UPLOADED/paper-1998-04-the-full-cost-of-intercity-highway-transportation,data/highway_full_cost_model/csv_exports/greg_1_original/sheet1.csv,,dt3,,boolean_or_indicator,960,0 | 1,,,csv,medium,"Headers inferred from first row. Delimiter `,`; sampled first 963 rows."
paper-1998-04,The Full Cost Of Intercity Highway Transportation,UPLOADED,/Users/dlev2617/Documents/Code/Agents/github-packages/UPLOADED/paper-1998-04-the-full-cost-of-intercity-highway-transportation,data/highway_full_cost_model/csv_exports/greg_1_original/sheet1.csv,,dt4,,boolean_or_indicator,960,0 | 1,,,csv,medium,"Headers inferred from first row. Delimiter `,`; sampled first 963 rows."
paper-1998-04,The Full Cost Of Intercity Highway Transportation,UPLOADED,/Users/dlev2617/Documents/Code/Agents/github-packages/UPLOADED/paper-1998-04-the-full-cost-of-intercity-highway-transportation,data/highway_full_cost_model/csv_exports/greg_1_original/sheet1.csv,,dt5,,boolean_or_indicator,960,0 | 1,,,csv,medium,"Headers inferred from first row. Delimiter `,`; sampled first 963 rows."
paper-1998-04,The Full Cost Of Intercity Highway Transportation,UPLOADED,/Users/dlev2617/Documents/Code/Agents/github-packages/UPLOADED/paper-1998-04-the-full-cost-of-intercity-highway-transportation,data/highway_full_cost_model/csv_exports/greg_1_original/sheet1.csv,,dt6,,boolean_or_indicator,960,0 | 1,,,csv,medium,"Headers inferred from first row. Delimiter `,`; sampled first 963 rows."
paper-1998-04,The Full Cost Of Intercity Highway Transportation,UPLOADED,/Users/dlev2617/Documents/Code/Agents/github-packages/UPLOADED/paper-1998-04-the-full-cost-of-intercity-highway-transportation,data/highway_full_cost_model/csv_exports/greg_1_original/sheet1.csv,,dt7,,boolean_or_indicator,960,0 | 1,,,csv,medium,"Headers inferred from first row. Delimiter `,`; sampled first 963 rows."
paper-1998-04,The Full Cost Of Intercity Highway Transportation,UPLOADED,/Users/dlev2617/Documents/Code/Agents/github-packages/UPLOADED/paper-1998-04-the-full-cost-of-intercity-highway-transportation,data/highway_full_cost_model/csv_exports/greg_1_original/sheet1.csv,,dt8,,boolean_or_indicator,960,0 | 1,,,csv,medium,"Headers inferred from first row. Delimiter `,`; sampled first 963 rows."
paper-1998-04,The Full Cost Of Intercity Highway Transportation,UPLOADED,/Users/dlev2617/Documents/Code/Agents/github-packages/UPLOADED/paper-1998-04-the-full-cost-of-intercity-highway-transportation,data/highway_full_cost_model/csv_exports/greg_1_original/sheet1.csv,,dt9,,boolean_or_indicator,960,0 | 1,,,csv,medium,"Headers inferred from first row. Delimiter `,`; sampled first 963 rows."
paper-1998-04,The Full Cost Of Intercity Highway Transportation,UPLOADED,/Users/dlev2617/Documents/Code/Agents/github-packages/UPLOADED/paper-1998-04-the-full-cost-of-intercity-highway-transportation,data/highway_full_cost_model/csv_exports/greg_1_original/sheet1.csv,,dt10,,boolean_or_indicator,960,0 | 1,,,csv,medium,"Headers inferred from first row. Delimiter `,`; sampled first 963 rows."
paper-1998-04,The Full Cost Of Intercity Highway Transportation,UPLOADED,/Users/dlev2617/Documents/Code/Agents/github-packages/UPLOADED/paper-1998-04-the-full-cost-of-intercity-highway-transportation,data/highway_full_cost_model/csv_exports/greg_1_original/sheet1.csv,,dt11,,boolean_or_indicator,960,0 | 1,,,csv,medium,"Headers inferred from first row. Delimiter `,`; sampled first 963 rows."
paper-1998-04,The Full Cost Of Intercity Highway Transportation,UPLOADED,/Users/dlev2617/Documents/Code/Agents/github-packages/UPLOADED/paper-1998-04-the-full-cost-of-intercity-highway-transportation,data/highway_full_cost_model/csv_exports/greg_1_original/sheet1.csv,,dt12,,boolean_or_indicator,960,0 | 1,,,csv,medium,"Headers inferred from first row. Delimiter `,`; sampled first 963 rows."
paper-1998-04,The Full Cost Of Intercity Highway Transportation,UPLOADED,/Users/dlev2617/Documents/Code/Agents/github-packages/UPLOADED/paper-1998-04-the-full-cost-of-intercity-highway-transportation,data/highway_full_cost_model/csv_exports/greg_1_original/sheet1.csv,,dt13,,boolean_or_indicator,960,0 | 1,,,csv,medium,"Headers inferred from first row. Delimiter `,`; sampled first 963 rows."
paper-1998-04,The Full Cost Of Intercity Highway Transportation,UPLOADED,/Users/dlev2617/Documents/Code/Agents/github-packages/UPLOADED/paper-1998-04-the-full-cost-of-intercity-highway-transportation,data/highway_full_cost_model/csv_exports/greg_1_original/sheet1.csv,,dt14,,boolean_or_indicator,960,0 | 1,,,csv,medium,"Headers inferred from first row. Delimiter `,`; sampled first 963 rows."
paper-1998-04,The Full Cost Of Intercity Highway Transportation,UPLOADED,/Users/dlev2617/Documents/Code/Agents/github-packages/UPLOADED/paper-1998-04-the-full-cost-of-intercity-highway-transportation,data/highway_full_cost_model/csv_exports/greg_1_original/sheet1.csv,,dt15,,boolean_or_indicator,960,0 | 1,,,csv,medium,"Headers inferred from first row. Delimiter `,`; sampled first 963 rows."
paper-1998-04,The Full Cost Of Intercity Highway Transportation,UPLOADED,/Users/dlev2617/Documents/Code/Agents/github-packages/UPLOADED/paper-1998-04-the-full-cost-of-intercity-highway-transportation,data/highway_full_cost_model/csv_exports/greg_1_original/sheet1.csv,,dt16,,boolean_or_indicator,960,0 | 1,,,csv,medium,"Headers inferred from first row. Delimiter `,`; sampled first 963 rows."
paper-1998-04,The Full Cost Of Intercity Highway Transportation,UPLOADED,/Users/dlev2617/Documents/Code/Agents/github-packages/UPLOADED/paper-1998-04-the-full-cost-of-intercity-highway-transportation,data/highway_full_cost_model/csv_exports/greg_1_original/sheet1.csv,,dt17,,boolean_or_indicator,960,0 | 1,,,csv,medium,"Headers inferred from first row. Delimiter `,`; sampled first 963 rows."
paper-1998-04,The Full Cost Of Intercity Highway Transportation,UPLOADED,/Users/dlev2617/Documents/Code/Agents/github-packages/UPLOADED/paper-1998-04-the-full-cost-of-intercity-highway-transportation,data/highway_full_cost_model/csv_exports/greg_1_original/sheet1.csv,,dt18,,boolean_or_indicator,960,0 | 1,,,csv,medium,"Headers inferred from first row. Delimiter `,`; sampled first 963 rows."
paper-1998-04,The Full Cost Of Intercity Highway Transportation,UPLOADED,/Users/dlev2617/Documents/Code/Agents/github-packages/UPLOADED/paper-1998-04-the-full-cost-of-intercity-highway-transportation,data/highway_full_cost_model/csv_exports/greg_1_original/sheet1.csv,,dt19,,boolean_or_indicator,960,0 | 1,,,csv,medium,"Headers inferred from first row. Delimiter `,`; sampled first 963 rows."
paper-1998-04,The Full Cost Of Intercity Highway Transportation,UPLOADED,/Users/dlev2617/Documents/Code/Agents/github-packages/UPLOADED/paper-1998-04-the-full-cost-of-intercity-highway-transportation,data/highway_full_cost_model/csv_exports/greg_1_original/sheet1.csv,,dt20,,boolean_or_indicator,960,0 | 1,,,csv,medium,"Headers inferred from first row. Delimiter `,`; sampled first 963 rows."
paper-1998-04,The Full Cost Of Intercity Highway Transportation,UPLOADED,/Users/dlev2617/Documents/Code/Agents/github-packages/UPLOADED/paper-1998-04-the-full-cost-of-intercity-highway-transportation,data/highway_full_cost_model/csv_exports/greg_2_original/sheet1.csv,,STATE,,text,960,ALABAMA | ARKANSAS | ARIZONA | CALIFORNIA | COLORADO,,,csv,medium,"Headers inferred from first row. Delimiter `,`; sampled first 962 rows."
paper-1998-04,The Full Cost Of Intercity Highway Transportation,UPLOADED,/Users/dlev2617/Documents/Code/Agents/github-packages/UPLOADED/paper-1998-04-the-full-cost-of-intercity-highway-transportation,data/highway_full_cost_model/csv_exports/greg_2_original/sheet1.csv,,YEAR,,numeric,960,1969 | 1970 | 1971 | 1972 | 1973,1969,1988,csv,medium,"Headers inferred from first row. Delimiter `,`; sampled first 962 rows."
paper-1998-04,The Full Cost Of Intercity Highway Transportation,UPLOADED,/Users/dlev2617/Documents/Code/Agents/github-packages/UPLOADED/paper-1998-04-the-full-cost-of-intercity-highway-transportation,data/highway_full_cost_model/csv_exports/greg_2_original/sheet1.csv,,HIGHWAY,,numeric,960,7325.79 | 7525.94 | 7765.42 | 7907.66 | 8025.52,1816.9,47699.43,csv,medium,"Headers inferred from first row. Delimiter `,`; sampled first 962 rows."
paper-1998-04,The Full Cost Of Intercity Highway Transportation,UPLOADED,/Users/dlev2617/Documents/Code/Agents/github-packages/UPLOADED/paper-1998-04-the-full-cost-of-intercity-highway-transportation,data/highway_full_cost_model/csv_exports/greg_2_original/sheet1.csv,,GSP,,numeric,960,28773 | 28418 | 29375 | 31303 | 33430,4296,528674,csv,medium,"Headers inferred from first row. Delimiter `,`; sampled first 962 rows."
paper-1998-04,The Full Cost Of Intercity Highway Transportation,UPLOADED,/Users/dlev2617/Documents/Code/Agents/github-packages/UPLOADED/paper-1998-04-the-full-cost-of-intercity-highway-transportation,data/highway_full_cost_model/csv_exports/greg_2_original/sheet1.csv,,TOTPUB,,numeric,960,15032.68 | 15501.94 | 15972.41 | 16406.26 | 16762.67,2627.12,145321.6,csv,medium,"Headers inferred from first row. Delimiter `,`; sampled first 962 rows."
paper-1998-04,The Full Cost Of Intercity Highway Transportation,UPLOADED,/Users/dlev2617/Documents/Code/Agents/github-packages/UPLOADED/paper-1998-04-the-full-cost-of-intercity-highway-transportation,data/highway_full_cost_model/csv_exports/greg_2_original/sheet1.csv,,PVTCAP,,numeric,960,35793.8 | 37299.91 | 38670.3 | 40084.01 | 42057.32,4052.71,400653.1,csv,medium,"Headers inferred from first row. Delimiter `,`; sampled first 962 rows."
paper-1998-04,The Full Cost Of Intercity Highway Transportation,UPLOADED,/Users/dlev2617/Documents/Code/Agents/github-packages/UPLOADED/paper-1998-04-the-full-cost-of-intercity-highway-transportation,data/highway_full_cost_model/csv_exports/greg_2_original/sheet1.csv,,AREA,,numeric,960,52423 | 53182 | 114006 | 163707 | 104100,1545,268601,csv,medium,"Headers inferred from first row. Delimiter `,`; sampled first 962 rows."
paper-1998-04,The Full Cost Of Intercity Highway Transportation,UPLOADED,/Users/dlev2617/Documents/Code/Agents/github-packages/UPLOADED/paper-1998-04-the-full-cost-of-intercity-highway-transportation,data/highway_full_cost_model/csv_exports/greg_2_original/sheet1.csv,,ROWAY,,numeric,960,23642000 | 16648000 | 11223000 | 14390000 | 11812000,308000,292000000,csv,medium,"Headers inferred from first row. Delimiter `,`; sampled first 962 rows."
paper-1998-04,The Full Cost Of Intercity Highway Transportation,UPLOADED,/Users/dlev2617/Documents/Code/Agents/github-packages/UPLOADED/paper-1998-04-the-full-cost-of-intercity-highway-transportation,data/highway_full_cost_model/csv_exports/greg_2_original/sheet1.csv,,TCAPO,,numeric,960,175000000 | 190000000 | 206000000 | 215000000 | 202000000,17023000,2980000000,csv,medium,"Headers inferred from first row. Delimiter `,`; sampled first 962 rows."
paper-1998-04,The Full Cost Of Intercity Highway Transportation,UPLOADED,/Users/dlev2617/Documents/Code/Agents/github-packages/UPLOADED/paper-1998-04-the-full-cost-of-intercity-highway-transportation,data/highway_full_cost_model/csv_exports/greg_2_original/sheet1.csv,,TMANT,,numeric,960,75343000 | 87487000 | 91299000 | 89616000 | 93706000,11597000,1800000000,csv,medium,"Headers inferred from first row. Delimiter `,`; sampled first 962 rows."
paper-1998-04,The Full Cost Of Intercity Highway Transportation,UPLOADED,/Users/dlev2617/Documents/Code/Agents/github-packages/UPLOADED/paper-1998-04-the-full-cost-of-intercity-highway-transportation,data/highway_full_cost_model/csv_exports/highway_statistics_1987_original/sheet1.csv,,column_1,,text,52,STATE | Alabama | Alaska | Arizona | Arkansas,,,csv,medium,"Some headers were missing; generated column_N names. Delimiter `,`; sampled first 55 rows."
paper-1998-04,The Full Cost Of Intercity Highway Transportation,UPLOADED,/Users/dlev2617/Documents/Code/Agents/github-packages/UPLOADED/paper-1998-04-the-full-cost-of-intercity-highway-transportation,data/highway_full_cost_model/csv_exports/highway_statistics_1987_original/sheet1.csv,,column_2,,mixed_numeric_text,53,STATE | ADMINISTERED | HIGHWAYS | 324946 | 146578,,,csv,medium,"Some headers were missing; generated column_N names. Delimiter `,`; sampled first 55 rows."
paper-1998-04,The Full Cost Of Intercity Highway Transportation,UPLOADED,/Users/dlev2617/Documents/Code/Agents/github-packages/UPLOADED/paper-1998-04-the-full-cost-of-intercity-highway-transportation,data/highway_full_cost_model/csv_exports/highway_statistics_1987_original/sheet1.csv,,CAPITAL OUTLAY,,mixed_numeric_text,50,LOCAL | RURAL | ROADS | 55267 | 24075,,,csv,medium,"Some headers were missing; generated column_N names. Delimiter `,`; sampled first 55 rows."
paper-1998-04,The Full Cost Of Intercity Highway Transportation,UPLOADED,/Users/dlev2617/Documents/Code/Agents/github-packages/UPLOADED/paper-1998-04-the-full-cost-of-intercity-highway-transportation,data/highway_full_cost_model/csv_exports/highway_statistics_1987_original/sheet1.csv,,column_4,,mixed_numeric_text,54,LOCAL | MUNICIPAL | STREETS | 8905 | 84061,,,csv,medium,"Some headers were missing; generated column_N names. Delimiter `,`; sampled first 55 rows."
paper-1998-04,The Full Cost Of Intercity Highway Transportation,UPLOADED,/Users/dlev2617/Documents/Code/Agents/github-packages/UPLOADED/paper-1998-04-the-full-cost-of-intercity-highway-transportation,data/highway_full_cost_model/csv_exports/highway_statistics_1987_original/sheet1.csv,,column_5,,mixed_numeric_text,51,FEDERAL | ROADS AND | UNCLASSIFIES | 1135 | 12341,,,csv,medium,"Some headers were missing; generated column_N names. Delimiter `,`; sampled first 55 rows."
paper-1998-04,The Full Cost Of Intercity Highway Transportation,UPLOADED,/Users/dlev2617/Documents/Code/Agents/github-packages/UPLOADED/paper-1998-04-the-full-cost-of-intercity-highway-transportation,data/highway_full_cost_model/csv_exports/highway_statistics_1987_original/sheet1.csv,,column_6,,text,52,TOTAL | =E5+D5+C5+B5 | =E6+D6+C6+B6 | =E7+D7+C7+B7 | =E8+D8+C8+B8,,,csv,medium,"Some headers were missing; generated column_N names. Delimiter `,`; sampled first 55 rows."
paper-1998-04,The Full Cost Of Intercity Highway Transportation,UPLOADED,/Users/dlev2617/Documents/Code/Agents/github-packages/UPLOADED/paper-1998-04-the-full-cost-of-intercity-highway-transportation,data/highway_full_cost_model/csv_exports/highway_statistics_1987_original/sheet1.csv,,column_7,,mixed_numeric_text,53,STATE | ADMINISTERED | HIGHWAYS | 50687 | 105463,,,csv,medium,"Some headers were missing; generated column_N names. Delimiter `,`; sampled first 55 rows."
paper-1998-04,The Full Cost Of Intercity Highway Transportation,UPLOADED,/Users/dlev2617/Documents/Code/Agents/github-packages/UPLOADED/paper-1998-04-the-full-cost-of-intercity-highway-transportation,data/highway_full_cost_model/csv_exports/highway_statistics_1987_original/sheet1.csv,,MAINTENANCE,,mixed_numeric_text,50,LOCAL | RURAL | ROADS | 100072 | 7365,,,csv,medium,"Some headers were missing; generated column_N names. Delimiter `,`; sampled first 55 rows."
paper-1998-04,The Full Cost Of Intercity Highway Transportation,UPLOADED,/Users/dlev2617/Documents/Code/Agents/github-packages/UPLOADED/paper-1998-04-the-full-cost-of-intercity-highway-transportation,data/highway_full_cost_model/csv_exports/highway_statistics_1987_original/sheet1.csv,,column_9,,mixed_numeric_text,54,LOCAL | MUNICIPAL | STREETS | 107265 | 26430,,,csv,medium,"Some headers were missing; generated column_N names. Delimiter `,`; sampled first 55 rows."
paper-1998-04,The Full Cost Of Intercity Highway Transportation,UPLOADED,/Users/dlev2617/Documents/Code/Agents/github-packages/UPLOADED/paper-1998-04-the-full-cost-of-intercity-highway-transportation,data/highway_full_cost_model/csv_exports/highway_statistics_1987_original/sheet1.csv,,column_10,,mixed_numeric_text,52,FEDERAL | ROADS AND | UNCLASSIFIES | 631 | 3054,,,csv,medium,"Some headers were missing; generated column_N names. Delimiter `,`; sampled first 55 rows."
paper-1998-04,The Full Cost Of Intercity Highway Transportation,UPLOADED,/Users/dlev2617/Documents/Code/Agents/github-packages/UPLOADED/paper-1998-04-the-full-cost-of-intercity-highway-transportation,data/highway_full_cost_model/csv_exports/highway_statistics_1987_original/sheet1.csv,,column_11,,text,52,TOTAL | =J5+I5+H5+G5 | =J6+I6+H6+G6 | =J7+I7+H7+G7 | =J8+I8+H8+G8,,,csv,medium,"Some headers were missing; generated column_N names. Delimiter `,`; sampled first 55 rows."
paper-1998-04,The Full Cost Of Intercity Highway Transportation,UPLOADED,/Users/dlev2617/Documents/Code/Agents/github-packages/UPLOADED/paper-1998-04-the-full-cost-of-intercity-highway-transportation,data/highway_full_cost_model/csv_exports/highway_statistics_1987_original/sheet1.csv,,column_12,,mixed_numeric_text,54,ADMINISTRATION | AND | MISCELLANEOUS | 53667 | 37004,,,csv,medium,"Some headers were missing; generated column_N names. Delimiter `,`; sampled first 55 rows."
paper-1998-04,The Full Cost Of Intercity Highway Transportation,UPLOADED,/Users/dlev2617/Documents/Code/Agents/github-packages/UPLOADED/paper-1998-04-the-full-cost-of-intercity-highway-transportation,data/highway_full_cost_model/csv_exports/highway_statistics_1987_original/sheet1.csv,,column_13,,mixed_numeric_text,19,HIGHWAY | POLICE | AND SAFETY | 44955 | 21201,,,csv,medium,"Some headers were missing; generated column_N names. Delimiter `,`; sampled first 55 rows."
paper-1998-04,The Full Cost Of Intercity Highway Transportation,UPLOADED,/Users/dlev2617/Documents/Code/Agents/github-packages/UPLOADED/paper-1998-04-the-full-cost-of-intercity-highway-transportation,data/highway_full_cost_model/csv_exports/highway_statistics_1987_original/sheet1.csv,,column_14,,text,2,BOND | RETIREMENT,,,csv,medium,"Some headers were missing; generated column_N names. Delimiter `,`; sampled first 55 rows."
paper-1998-04,The Full Cost Of Intercity Highway Transportation,UPLOADED,/Users/dlev2617/Documents/Code/Agents/github-packages/UPLOADED/paper-1998-04-the-full-cost-of-intercity-highway-transportation,data/highway_full_cost_model/csv_exports/highway_statistics_1987_original/sheet1.csv,,column_15,,text,2,TOTAL | DISBURSEMENTS,,,csv,medium,"Some headers were missing; generated column_N names. Delimiter `,`; sampled first 55 rows."
paper-1998-04,The Full Cost Of Intercity Highway Transportation,UPLOADED,/Users/dlev2617/Documents/Code/Agents/github-packages/UPLOADED/paper-1998-04-the-full-cost-of-intercity-highway-transportation,data/highway_full_cost_model/csv_exports/highway_statistics_1990_original/sheet1.csv,,"TOTAL DISBURSEMENTS FOR HIGHWAYS, ALL UNITS OF GOVERNMENT - 1990 REVISED",,text,61,"COMPILED FROM REPORTS OF FEDERAL, | STATE AND LOCAL AUTHORITIES | STATES | ALABAMA | ALASKA",,,csv,medium,"Some headers were missing; generated column_N names. Delimiter `,`; sampled first 67 rows."
paper-1998-04,The Full Cost Of Intercity Highway Transportation,UPLOADED,/Users/dlev2617/Documents/Code/Agents/github-packages/UPLOADED/paper-1998-04-the-full-cost-of-intercity-highway-transportation,data/highway_full_cost_model/csv_exports/highway_statistics_1990_original/sheet1.csv,,column_2,,mixed_numeric_text,58,CAPITL OUTLAY | STATE | ADMINISTERED | HIGHWAYS | =Excel_BuiltIn_Criteria,,,csv,medium,"Some headers were missing; generated column_N names. Delimiter `,`; sampled first 67 rows."
paper-1998-04,The Full Cost Of Intercity Highway Transportation,UPLOADED,/Users/dlev2617/Documents/Code/Agents/github-packages/UPLOADED/paper-1998-04-the-full-cost-of-intercity-highway-transportation,data/highway_full_cost_model/csv_exports/highway_statistics_1990_original/sheet1.csv,,column_3,,mixed_numeric_text,57,(THOUSANDS OF DOLLARS) | LOCAL | RURAL | ROADS | =Excel_BuiltIn_Database+Excel_BuiltIn_Criteria,,,csv,medium,"Some headers were missing; generated column_N names. Delimiter `,`; sampled first 67 rows."
paper-1998-04,The Full Cost Of Intercity Highway Transportation,UPLOADED,/Users/dlev2617/Documents/Code/Agents/github-packages/UPLOADED/paper-1998-04-the-full-cost-of-intercity-highway-transportation,data/highway_full_cost_model/csv_exports/highway_statistics_1990_original/sheet1.csv,,column_4,,mixed_numeric_text,56,LOCAL | MUNICIPAL | STREETS | =Excel_BuiltIn_Data_Form+Excel_BuiltIn_Criteria | =#NULL!+#NULL!,,,csv,medium,"Some headers were missing; generated column_N names. Delimiter `,`; sampled first 67 rows."
paper-1998-04,The Full Cost Of Intercity Highway Transportation,UPLOADED,/Users/dlev2617/Documents/Code/Agents/github-packages/UPLOADED/paper-1998-04-the-full-cost-of-intercity-highway-transportation,data/highway_full_cost_model/csv_exports/highway_statistics_1990_original/sheet1.csv,,column_5,,text,57,FEDERAL | ROADS AND | UNCLASSIFIED | 2/ | =Excel_BuiltIn_Criteria,,,csv,medium,"Some headers were missing; generated column_N names. Delimiter `,`; sampled first 67 rows."
paper-1998-04,The Full Cost Of Intercity Highway Transportation,UPLOADED,/Users/dlev2617/Documents/Code/Agents/github-packages/UPLOADED/paper-1998-04-the-full-cost-of-intercity-highway-transportation,data/highway_full_cost_model/csv_exports/highway_statistics_1990_original/sheet1.csv,,column_6,,text,58,SUMMARY | RIGHT-OF- | WAY | ONLY | 3/,,,csv,medium,"Some headers were missing; generated column_N names. Delimiter `,`; sampled first 67 rows."
paper-1998-04,The Full Cost Of Intercity Highway Transportation,UPLOADED,/Users/dlev2617/Documents/Code/Agents/github-packages/UPLOADED/paper-1998-04-the-full-cost-of-intercity-highway-transportation,data/highway_full_cost_model/csv_exports/highway_statistics_1990_original/sheet1.csv,,column_7,,text,56,TOTAL | CAPITAL | OUTLAY | =SUM(B14:E14) | =SUM(B15:E15),,,csv,medium,"Some headers were missing; generated column_N names. Delimiter `,`; sampled first 67 rows."
paper-1998-04,The Full Cost Of Intercity Highway Transportation,UPLOADED,/Users/dlev2617/Documents/Code/Agents/github-packages/UPLOADED/paper-1998-04-the-full-cost-of-intercity-highway-transportation,data/highway_full_cost_model/csv_exports/highway_statistics_1990_original/sheet1.csv,,column_8,,mixed_numeric_text,57,MAINTENANCE | STATE | ADMINISTERED | HIGHWAYS | =Excel_BuiltIn_Print_Area,,,csv,medium,"Some headers were missing; generated column_N names. Delimiter `,`; sampled first 67 rows."
paper-1998-04,The Full Cost Of Intercity Highway Transportation,UPLOADED,/Users/dlev2617/Documents/Code/Agents/github-packages/UPLOADED/paper-1998-04-the-full-cost-of-intercity-highway-transportation,data/highway_full_cost_model/csv_exports/highway_statistics_1990_original/sheet1.csv,,column_9,,mixed_numeric_text,56,LOCAL | RURAL | ROADS | =Excel_BuiltIn_Print_Titles+Excel_BuiltIn_Data_Form | =#NULL!+#NULL!,,,csv,medium,"Some headers were missing; generated column_N names. Delimiter `,`; sampled first 67 rows."
paper-1998-04,The Full Cost Of Intercity Highway Transportation,UPLOADED,/Users/dlev2617/Documents/Code/Agents/github-packages/UPLOADED/paper-1998-04-the-full-cost-of-intercity-highway-transportation,data/highway_full_cost_model/csv_exports/highway_statistics_1990_original/sheet1.csv,,column_10,,mixed_numeric_text,59,LOCAL | MUNICIPAL | STREETS | =Excel_BuiltIn_Recorder+Excel_BuiltIn_Data_Form | =#NULL!+#NULL!,,,csv,medium,"Some headers were missing; generated column_N names. Delimiter `,`; sampled first 67 rows."
paper-1998-04,The Full Cost Of Intercity Highway Transportation,UPLOADED,/Users/dlev2617/Documents/Code/Agents/github-packages/UPLOADED/paper-1998-04-the-full-cost-of-intercity-highway-transportation,data/highway_full_cost_model/csv_exports/highway_statistics_1990_original/sheet1.csv,,column_11,,text,56,FEDERAL | ROADS AND | UNCLASSIFIED | =Excel_BuiltIn_Data_Form | =,,,csv,medium,"Some headers were missing; generated column_N names. Delimiter `,`; sampled first 67 rows."
paper-1998-04,The Full Cost Of Intercity Highway Transportation,UPLOADED,/Users/dlev2617/Documents/Code/Agents/github-packages/UPLOADED/paper-1998-04-the-full-cost-of-intercity-highway-transportation,data/highway_full_cost_model/csv_exports/highway_statistics_1990_original/sheet1.csv,,column_12,,text,54,TOTAL | =SUM(H14:K14) | =SUM(H15:K15) | =SUM(H16:K16) | =SUM(H17:K17),,,csv,medium,"Some headers were missing; generated column_N names. Delimiter `,`; sampled first 67 rows."
paper-1998-04,The Full Cost Of Intercity Highway Transportation,UPLOADED,/Users/dlev2617/Documents/Code/Agents/github-packages/UPLOADED/paper-1998-04-the-full-cost-of-intercity-highway-transportation,data/highway_full_cost_model/csv_exports/highway_statistics_1990_original/sheet1.csv,,column_13,,text,58,ADMINIS- | TRATION | AND | MISCELLA- | NEOUS,,,csv,medium,"Some headers were missing; generated column_N names. Delimiter `,`; sampled first 67 rows."
paper-1998-04,The Full Cost Of Intercity Highway Transportation,UPLOADED,/Users/dlev2617/Documents/Code/Agents/github-packages/UPLOADED/paper-1998-04-the-full-cost-of-intercity-highway-transportation,data/highway_full_cost_model/csv_exports/highway_statistics_1990_original/sheet1.csv,,column_14,,mixed_numeric_text,58,HIGHWAY | LAW | ENFORCEMENT | AND | SAFETY,,,csv,medium,"Some headers were missing; generated column_N names. Delimiter `,`; sampled first 67 rows."
paper-1998-04,The Full Cost Of Intercity Highway Transportation,UPLOADED,/Users/dlev2617/Documents/Code/Agents/github-packages/UPLOADED/paper-1998-04-the-full-cost-of-intercity-highway-transportation,data/highway_full_cost_model/csv_exports/highway_statistics_1990_original/sheet1.csv,,column_15,,mixed_numeric_text,54,INTEREST | =#NULL!+Excel_BuiltIn_Recorder+Excel_BuiltIn_Recorder | =#NULL!+#NULL!+#NULL! | = | 0,,,csv,medium,"Some headers were missing; generated column_N names. Delimiter `,`; sampled first 67 rows."
paper-1998-04,The Full Cost Of Intercity Highway Transportation,UPLOADED,/Users/dlev2617/Documents/Code/Agents/github-packages/UPLOADED/paper-1998-04-the-full-cost-of-intercity-highway-transportation,data/highway_full_cost_model/csv_exports/highway_statistics_1990_original/sheet1.csv,,column_16,,mixed_numeric_text,56,BOND | RETIREMENT | 4/ | =#NULL!+#NULL!+#NULL! | =,,,csv,medium,"Some headers were missing; generated column_N names. Delimiter `,`; sampled first 67 rows."
paper-1998-04,The Full Cost Of Intercity Highway Transportation,UPLOADED,/Users/dlev2617/Documents/Code/Agents/github-packages/UPLOADED/paper-1998-04-the-full-cost-of-intercity-highway-transportation,data/highway_full_cost_model/csv_exports/highway_statistics_1990_original/sheet1.csv,,column_17,,text,58,"""TABLE HF-2R | ""MAY 1993 | TOTAL | DISBURSE- | MENTS",,,csv,medium,"Some headers were missing; generated column_N names. Delimiter `,`; sampled first 67 rows."
paper-1998-04,The Full Cost Of Intercity Highway Transportation,UPLOADED,/Users/dlev2617/Documents/Code/Agents/github-packages/UPLOADED/paper-1998-04-the-full-cost-of-intercity-highway-transportation,data/highway_full_cost_model/csv_exports/highway_statistics_1991_original/sheet1.csv,,"TOTAL DISBURSEMENTS FOR HIGHWAYS, ALL UNITS OF GOVERNMENT - 1991",,text,60,"COMPILED FROM REPORTS OF FEDERAL, | STATE AND LOCAL AUTHORITIES | STATE | Alabama | Alaska",,,csv,medium,"Some headers were missing; generated column_N names. Delimiter `,`; sampled first 65 rows."
paper-1998-04,The Full Cost Of Intercity Highway Transportation,UPLOADED,/Users/dlev2617/Documents/Code/Agents/github-packages/UPLOADED/paper-1998-04-the-full-cost-of-intercity-highway-transportation,data/highway_full_cost_model/csv_exports/highway_statistics_1991_original/sheet1.csv,,column_2,,mixed_numeric_text,58,CAPITAL OUTLAY | STATE | ADMINISTERED | HIGHWAYS | 377593,,,csv,medium,"Some headers were missing; generated column_N names. Delimiter `,`; sampled first 65 rows."
paper-1998-04,The Full Cost Of Intercity Highway Transportation,UPLOADED,/Users/dlev2617/Documents/Code/Agents/github-packages/UPLOADED/paper-1998-04-the-full-cost-of-intercity-highway-transportation,data/highway_full_cost_model/csv_exports/highway_statistics_1991_original/sheet1.csv,,column_3,,mixed_numeric_text,57,(THOUSANDS OF DOLLARS) | LOCALLY | ADMINISTERED | ROADS | 46065,,,csv,medium,"Some headers were missing; generated column_N names. Delimiter `,`; sampled first 65 rows."
paper-1998-04,The Full Cost Of Intercity Highway Transportation,UPLOADED,/Users/dlev2617/Documents/Code/Agents/github-packages/UPLOADED/paper-1998-04-the-full-cost-of-intercity-highway-transportation,data/highway_full_cost_model/csv_exports/highway_statistics_1991_original/sheet1.csv,,column_4,,mixed_numeric_text,56,FEDERAL | ROADS AND | UNCLASSIFIED | 805 | 3800,,,csv,medium,"Some headers were missing; generated column_N names. Delimiter `,`; sampled first 65 rows."
paper-1998-04,The Full Cost Of Intercity Highway Transportation,UPLOADED,/Users/dlev2617/Documents/Code/Agents/github-packages/UPLOADED/paper-1998-04-the-full-cost-of-intercity-highway-transportation,data/highway_full_cost_model/csv_exports/highway_statistics_1991_original/sheet1.csv,,column_5,,mixed_numeric_text,55,TOTAL | 2/ | 424463 | 262165 | 825891,,,csv,medium,"Some headers were missing; generated column_N names. Delimiter `,`; sampled first 65 rows."
paper-1998-04,The Full Cost Of Intercity Highway Transportation,UPLOADED,/Users/dlev2617/Documents/Code/Agents/github-packages/UPLOADED/paper-1998-04-the-full-cost-of-intercity-highway-transportation,data/highway_full_cost_model/csv_exports/highway_statistics_1991_original/sheet1.csv,,column_6,,mixed_numeric_text,57,MAINTENANCE | STATE | ADMINISTERED | HIGHWAYS | 123160,,,csv,medium,"Some headers were missing; generated column_N names. Delimiter `,`; sampled first 65 rows."
paper-1998-04,The Full Cost Of Intercity Highway Transportation,UPLOADED,/Users/dlev2617/Documents/Code/Agents/github-packages/UPLOADED/paper-1998-04-the-full-cost-of-intercity-highway-transportation,data/highway_full_cost_model/csv_exports/highway_statistics_1991_original/sheet1.csv,,column_7,,mixed_numeric_text,56,LOCALLY | ADMINISTERED | ROADS | 294461 | 36113,,,csv,medium,"Some headers were missing; generated column_N names. Delimiter `,`; sampled first 65 rows."
paper-1998-04,The Full Cost Of Intercity Highway Transportation,UPLOADED,/Users/dlev2617/Documents/Code/Agents/github-packages/UPLOADED/paper-1998-04-the-full-cost-of-intercity-highway-transportation,data/highway_full_cost_model/csv_exports/highway_statistics_1991_original/sheet1.csv,,column_8,,mixed_numeric_text,58,FEDERAL | ROADS AND | UNCLASSIFIED | 16 | 531,,,csv,medium,"Some headers were missing; generated column_N names. Delimiter `,`; sampled first 65 rows."
paper-1998-04,The Full Cost Of Intercity Highway Transportation,UPLOADED,/Users/dlev2617/Documents/Code/Agents/github-packages/UPLOADED/paper-1998-04-the-full-cost-of-intercity-highway-transportation,data/highway_full_cost_model/csv_exports/highway_statistics_1991_original/sheet1.csv,,column_9,,mixed_numeric_text,54,TOTAL | 417637 | 158181 | 154601 | 266817,,,csv,medium,"Some headers were missing; generated column_N names. Delimiter `,`; sampled first 65 rows."
paper-1998-04,The Full Cost Of Intercity Highway Transportation,UPLOADED,/Users/dlev2617/Documents/Code/Agents/github-packages/UPLOADED/paper-1998-04-the-full-cost-of-intercity-highway-transportation,data/highway_full_cost_model/csv_exports/highway_statistics_1991_original/sheet1.csv,,column_10,,mixed_numeric_text,58,ADMIN- | ISTRATION | AND | MISCEL- | LANEOUS,,,csv,medium,"Some headers were missing; generated column_N names. Delimiter `,`; sampled first 65 rows."
paper-1998-04,The Full Cost Of Intercity Highway Transportation,UPLOADED,/Users/dlev2617/Documents/Code/Agents/github-packages/UPLOADED/paper-1998-04-the-full-cost-of-intercity-highway-transportation,data/highway_full_cost_model/csv_exports/highway_statistics_1991_original/sheet1.csv,,column_11,,mixed_numeric_text,58,HIGHWAY | LAW | ENFORCEMENT | AND | SAFETY,,,csv,medium,"Some headers were missing; generated column_N names. Delimiter `,`; sampled first 65 rows."
paper-1998-04,The Full Cost Of Intercity Highway Transportation,UPLOADED,/Users/dlev2617/Documents/Code/Agents/github-packages/UPLOADED/paper-1998-04-the-full-cost-of-intercity-highway-transportation,data/highway_full_cost_model/csv_exports/highway_statistics_1991_original/sheet1.csv,,column_12,,mixed_numeric_text,54,INTEREST | 11618 | 16953 | 133726 | 362,,,csv,medium,"Some headers were missing; generated column_N names. Delimiter `,`; sampled first 65 rows."
paper-1998-04,The Full Cost Of Intercity Highway Transportation,UPLOADED,/Users/dlev2617/Documents/Code/Agents/github-packages/UPLOADED/paper-1998-04-the-full-cost-of-intercity-highway-transportation,data/highway_full_cost_model/csv_exports/highway_statistics_1991_original/sheet1.csv,,column_13,,mixed_numeric_text,56,BOND | RETIREMENT | 3/ | 40692 | 32881,,,csv,medium,"Some headers were missing; generated column_N names. Delimiter `,`; sampled first 65 rows."
paper-1998-04,The Full Cost Of Intercity Highway Transportation,UPLOADED,/Users/dlev2617/Documents/Code/Agents/github-packages/UPLOADED/paper-1998-04-the-full-cost-of-intercity-highway-transportation,data/highway_full_cost_model/csv_exports/highway_statistics_1991_original/sheet1.csv,,column_14,,mixed_numeric_text,57,"""TABLE HF-2 | ""OCTOBER 1993 | TOTAL | DISBURSEMENTS | 1016806",,,csv,medium,"Some headers were missing; generated column_N names. Delimiter `,`; sampled first 65 rows."
paper-1998-04,The Full Cost Of Intercity Highway Transportation,UPLOADED,/Users/dlev2617/Documents/Code/Agents/github-packages/UPLOADED/paper-1998-04-the-full-cost-of-intercity-highway-transportation,data/highway_full_cost_model/csv_exports/highway_statistics_1992_original/sheet1.csv,,"TOTAL DISBURSEMENTS FOR HIGHWAYS, ALL UNITS OF GOVERNMENT - 1992 /1",,text,60,"COMPILED FROM REPORTS OF FEDERAL, | STATE AND LOCAL AUTHORITIES | STATE | Alabama | Alaska",,,csv,medium,"Some headers were missing; generated column_N names. Delimiter `,`; sampled first 65 rows."
paper-1998-04,The Full Cost Of Intercity Highway Transportation,UPLOADED,/Users/dlev2617/Documents/Code/Agents/github-packages/UPLOADED/paper-1998-04-the-full-cost-of-intercity-highway-transportation,data/highway_full_cost_model/csv_exports/highway_statistics_1992_original/sheet1.csv,,column_2,,mixed_numeric_text,57,CAPITAL OUTLAY | STATE | ADMINISTERED | HIGHWAYS | 372518,,,csv,medium,"Some headers were missing; generated column_N names. Delimiter `,`; sampled first 65 rows."
paper-1998-04,The Full Cost Of Intercity Highway Transportation,UPLOADED,/Users/dlev2617/Documents/Code/Agents/github-packages/UPLOADED/paper-1998-04-the-full-cost-of-intercity-highway-transportation,data/highway_full_cost_model/csv_exports/highway_statistics_1992_original/sheet1.csv,,column_3,,mixed_numeric_text,57,(THOUSANDS OF DOLLARS) | LOCALLY | ADMINISTERED | ROADS | 42839,,,csv,medium,"Some headers were missing; generated column_N names. Delimiter `,`; sampled first 65 rows."
paper-1998-04,The Full Cost Of Intercity Highway Transportation,UPLOADED,/Users/dlev2617/Documents/Code/Agents/github-packages/UPLOADED/paper-1998-04-the-full-cost-of-intercity-highway-transportation,data/highway_full_cost_model/csv_exports/highway_statistics_1992_original/sheet1.csv,,column_4,,mixed_numeric_text,56,FEDERAL | ROADS AND | UNCLASSIFIED | 974 | 4942,,,csv,medium,"Some headers were missing; generated column_N names. Delimiter `,`; sampled first 65 rows."
paper-1998-04,The Full Cost Of Intercity Highway Transportation,UPLOADED,/Users/dlev2617/Documents/Code/Agents/github-packages/UPLOADED/paper-1998-04-the-full-cost-of-intercity-highway-transportation,data/highway_full_cost_model/csv_exports/highway_statistics_1992_original/sheet1.csv,,column_5,,mixed_numeric_text,54,TOTAL /2 | 416331 | 278830 | 712556 | 398933,,,csv,medium,"Some headers were missing; generated column_N names. Delimiter `,`; sampled first 65 rows."
paper-1998-04,The Full Cost Of Intercity Highway Transportation,UPLOADED,/Users/dlev2617/Documents/Code/Agents/github-packages/UPLOADED/paper-1998-04-the-full-cost-of-intercity-highway-transportation,data/highway_full_cost_model/csv_exports/highway_statistics_1992_original/sheet1.csv,,column_6,,mixed_numeric_text,57,MAINTENANCE AND SERVICES | STATE | ADMINISTERED | HIGHWAYS | 134450,,,csv,medium,"Some headers were missing; generated column_N names. Delimiter `,`; sampled first 65 rows."
paper-1998-04,The Full Cost Of Intercity Highway Transportation,UPLOADED,/Users/dlev2617/Documents/Code/Agents/github-packages/UPLOADED/paper-1998-04-the-full-cost-of-intercity-highway-transportation,data/highway_full_cost_model/csv_exports/highway_statistics_1992_original/sheet1.csv,,column_7,,mixed_numeric_text,56,LOCALLY | ADMINISTERED | ROADS | 299897 | 34166,,,csv,medium,"Some headers were missing; generated column_N names. Delimiter `,`; sampled first 65 rows."
paper-1998-04,The Full Cost Of Intercity Highway Transportation,UPLOADED,/Users/dlev2617/Documents/Code/Agents/github-packages/UPLOADED/paper-1998-04-the-full-cost-of-intercity-highway-transportation,data/highway_full_cost_model/csv_exports/highway_statistics_1992_original/sheet1.csv,,column_8,,mixed_numeric_text,58,FEDERAL | ROADS AND | UNCLASSIFIED | 14 | 831,,,csv,medium,"Some headers were missing; generated column_N names. Delimiter `,`; sampled first 65 rows."
paper-1998-04,The Full Cost Of Intercity Highway Transportation,UPLOADED,/Users/dlev2617/Documents/Code/Agents/github-packages/UPLOADED/paper-1998-04-the-full-cost-of-intercity-highway-transportation,data/highway_full_cost_model/csv_exports/highway_statistics_1992_original/sheet1.csv,,column_9,,mixed_numeric_text,54,TOTAL | 434361 | 156897 | 164064 | 243921,,,csv,medium,"Some headers were missing; generated column_N names. Delimiter `,`; sampled first 65 rows."
paper-1998-04,The Full Cost Of Intercity Highway Transportation,UPLOADED,/Users/dlev2617/Documents/Code/Agents/github-packages/UPLOADED/paper-1998-04-the-full-cost-of-intercity-highway-transportation,data/highway_full_cost_model/csv_exports/highway_statistics_1992_original/sheet1.csv,,column_10,,mixed_numeric_text,58,ADMIN- | ISTRATION | AND | MISCEL- | LANEOUS,,,csv,medium,"Some headers were missing; generated column_N names. Delimiter `,`; sampled first 65 rows."
paper-1998-04,The Full Cost Of Intercity Highway Transportation,UPLOADED,/Users/dlev2617/Documents/Code/Agents/github-packages/UPLOADED/paper-1998-04-the-full-cost-of-intercity-highway-transportation,data/highway_full_cost_model/csv_exports/highway_statistics_1992_original/sheet1.csv,,column_11,,mixed_numeric_text,58,HIGHWAY | LAW | ENFORCEMENT | AND | SAFETY,,,csv,medium,"Some headers were missing; generated column_N names. Delimiter `,`; sampled first 65 rows."
paper-1998-04,The Full Cost Of Intercity Highway Transportation,UPLOADED,/Users/dlev2617/Documents/Code/Agents/github-packages/UPLOADED/paper-1998-04-the-full-cost-of-intercity-highway-transportation,data/highway_full_cost_model/csv_exports/highway_statistics_1992_original/sheet1.csv,,column_12,,mixed_numeric_text,54,INTEREST | 11128 | 13411 | 154305 | 661,,,csv,medium,"Some headers were missing; generated column_N names. Delimiter `,`; sampled first 65 rows."
paper-1998-04,The Full Cost Of Intercity Highway Transportation,UPLOADED,/Users/dlev2617/Documents/Code/Agents/github-packages/UPLOADED/paper-1998-04-the-full-cost-of-intercity-highway-transportation,data/highway_full_cost_model/csv_exports/highway_statistics_1992_original/sheet1.csv,,column_13,,mixed_numeric_text,55,BOND | RETIREMENT /3 | 20436 | 21623 | 359239,,,csv,medium,"Some headers were missing; generated column_N names. Delimiter `,`; sampled first 65 rows."
paper-1998-04,The Full Cost Of Intercity Highway Transportation,UPLOADED,/Users/dlev2617/Documents/Code/Agents/github-packages/UPLOADED/paper-1998-04-the-full-cost-of-intercity-highway-transportation,data/highway_full_cost_model/csv_exports/highway_statistics_1992_original/sheet1.csv,,column_14,,mixed_numeric_text,57,"""TABLE HF-2 | ""SEPTEMBER 1994 | TOTAL | DISBURSEMENTS | 1012173",,,csv,medium,"Some headers were missing; generated column_N names. Delimiter `,`; sampled first 65 rows."
paper-1998-04,The Full Cost Of Intercity Highway Transportation,UPLOADED,/Users/dlev2617/Documents/Code/Agents/github-packages/UPLOADED/paper-1998-04-the-full-cost-of-intercity-highway-transportation,data/highway_full_cost_model/csv_exports/highway_statistics_format_original/sheet1.csv,,column_1,,text,52,STATE | Alabama | Alaska | Arizona | Arkansas,,,csv,medium,"Some headers were missing; generated column_N names. Delimiter `,`; sampled first 55 rows."
paper-1998-04,The Full Cost Of Intercity Highway Transportation,UPLOADED,/Users/dlev2617/Documents/Code/Agents/github-packages/UPLOADED/paper-1998-04-the-full-cost-of-intercity-highway-transportation,data/highway_full_cost_model/csv_exports/highway_statistics_format_original/sheet1.csv,,column_2,,text,3,STATE | ADMINISTERED | HIGHWAYS,,,csv,medium,"Some headers were missing; generated column_N names. Delimiter `,`; sampled first 55 rows."
paper-1998-04,The Full Cost Of Intercity Highway Transportation,UPLOADED,/Users/dlev2617/Documents/Code/Agents/github-packages/UPLOADED/paper-1998-04-the-full-cost-of-intercity-highway-transportation,data/highway_full_cost_model/csv_exports/highway_statistics_format_original/sheet1.csv,,CAPITAL OUTLAY,,text,3,LOCALLY | ADMINISTERED | ROADS,,,csv,medium,"Some headers were missing; generated column_N names. Delimiter `,`; sampled first 55 rows."
paper-1998-04,The Full Cost Of Intercity Highway Transportation,UPLOADED,/Users/dlev2617/Documents/Code/Agents/github-packages/UPLOADED/paper-1998-04-the-full-cost-of-intercity-highway-transportation,data/highway_full_cost_model/csv_exports/highway_statistics_format_original/sheet1.csv,,column_4,,text,3,FEDERAL | ROADS AND | UNCLASSIFIES,,,csv,medium,"Some headers were missing; generated column_N names. Delimiter `,`; sampled first 55 rows."
paper-1998-04,The Full Cost Of Intercity Highway Transportation,UPLOADED,/Users/dlev2617/Documents/Code/Agents/github-packages/UPLOADED/paper-1998-04-the-full-cost-of-intercity-highway-transportation,data/highway_full_cost_model/csv_exports/highway_statistics_format_original/sheet1.csv,,column_5,,text,1,TOTAL,,,csv,medium,"Some headers were missing; generated column_N names. Delimiter `,`; sampled first 55 rows."
paper-1998-04,The Full Cost Of Intercity Highway Transportation,UPLOADED,/Users/dlev2617/Documents/Code/Agents/github-packages/UPLOADED/paper-1998-04-the-full-cost-of-intercity-highway-transportation,data/highway_full_cost_model/csv_exports/highway_statistics_format_original/sheet1.csv,,column_6,,text,3,STATE | ADMINISTERED | HIGHWAYS,,,csv,medium,"Some headers were missing; generated column_N names. Delimiter `,`; sampled first 55 rows."
paper-1998-04,The Full Cost Of Intercity Highway Transportation,UPLOADED,/Users/dlev2617/Documents/Code/Agents/github-packages/UPLOADED/paper-1998-04-the-full-cost-of-intercity-highway-transportation,data/highway_full_cost_model/csv_exports/highway_statistics_format_original/sheet1.csv,,MAINTENANCE,,text,3,LOCALLY | ADMINISTERED | ROADS,,,csv,medium,"Some headers were missing; generated column_N names. Delimiter `,`; sampled first 55 rows."
paper-1998-04,The Full Cost Of Intercity Highway Transportation,UPLOADED,/Users/dlev2617/Documents/Code/Agents/github-packages/UPLOADED/paper-1998-04-the-full-cost-of-intercity-highway-transportation,data/highway_full_cost_model/csv_exports/highway_statistics_format_original/sheet1.csv,,column_8,,text,3,FEDERAL | ROADS AND | UNCLASSIFIES,,,csv,medium,"Some headers were missing; generated column_N names. Delimiter `,`; sampled first 55 rows."
paper-1998-04,The Full Cost Of Intercity Highway Transportation,UPLOADED,/Users/dlev2617/Documents/Code/Agents/github-packages/UPLOADED/paper-1998-04-the-full-cost-of-intercity-highway-transportation,data/highway_full_cost_model/csv_exports/highway_statistics_format_original/sheet1.csv,,column_9,,text,1,TOTAL,,,csv,medium,"Some headers were missing; generated column_N names. Delimiter `,`; sampled first 55 rows."
paper-1998-04,The Full Cost Of Intercity Highway Transportation,UPLOADED,/Users/dlev2617/Documents/Code/Agents/github-packages/UPLOADED/paper-1998-04-the-full-cost-of-intercity-highway-transportation,data/highway_full_cost_model/csv_exports/highway_statistics_format_original/sheet1.csv,,column_10,,text,3,ADMINISTRATION | AND | MISCELLANEOUS,,,csv,medium,"Some headers were missing; generated column_N names. Delimiter `,`; sampled first 55 rows."
paper-1998-04,The Full Cost Of Intercity Highway Transportation,UPLOADED,/Users/dlev2617/Documents/Code/Agents/github-packages/UPLOADED/paper-1998-04-the-full-cost-of-intercity-highway-transportation,data/highway_full_cost_model/csv_exports/highway_statistics_format_original/sheet1.csv,,column_11,,text,3,HIGHWAY LAW | ENFORCEMENT | AND SAFETY,,,csv,medium,"Some headers were missing; generated column_N names. Delimiter `,`; sampled first 55 rows."
paper-1998-04,The Full Cost Of Intercity Highway Transportation,UPLOADED,/Users/dlev2617/Documents/Code/Agents/github-packages/UPLOADED/paper-1998-04-the-full-cost-of-intercity-highway-transportation,data/highway_full_cost_model/csv_exports/highway_statistics_format_original/sheet1.csv,,column_12,,text,2,BOND | RETIREMENT,,,csv,medium,"Some headers were missing; generated column_N names. Delimiter `,`; sampled first 55 rows."
paper-1998-04,The Full Cost Of Intercity Highway Transportation,UPLOADED,/Users/dlev2617/Documents/Code/Agents/github-packages/UPLOADED/paper-1998-04-the-full-cost-of-intercity-highway-transportation,data/highway_full_cost_model/csv_exports/highway_statistics_format_original/sheet1.csv,,column_13,,text,2,TOTAL | DISBURSEMENTS,,,csv,medium,"Some headers were missing; generated column_N names. Delimiter `,`; sampled first 55 rows."
paper-1998-04,The Full Cost Of Intercity Highway Transportation,UPLOADED,/Users/dlev2617/Documents/Code/Agents/github-packages/UPLOADED/paper-1998-04-the-full-cost-of-intercity-highway-transportation,data/highway_full_cost_model/csv_exports/hwy92_original/dummies.csv,,STATE,,text,53,Alabama | Alaska | Arizona | Arkansas | California,,,csv,medium,"Some headers were missing; generated column_N names. Delimiter `,`; sampled first 56 rows."
paper-1998-04,The Full Cost Of Intercity Highway Transportation,UPLOADED,/Users/dlev2617/Documents/Code/Agents/github-packages/UPLOADED/paper-1998-04-the-full-cost-of-intercity-highway-transportation,data/highway_full_cost_model/csv_exports/hwy92_original/dummies.csv,,column_2,,mixed_numeric_text,53,ALASKA DUMMY | ALASKA | 0 | 1,,,csv,medium,"Some headers were missing; generated column_N names. Delimiter `,`; sampled first 56 rows."
paper-1998-04,The Full Cost Of Intercity Highway Transportation,UPLOADED,/Users/dlev2617/Documents/Code/Agents/github-packages/UPLOADED/paper-1998-04-the-full-cost-of-intercity-highway-transportation,data/highway_full_cost_model/csv_exports/hwy92_original/dummies.csv,,column_3,,mixed_numeric_text,53,NY DUMMY | NEWYORK | 0 | 1,,,csv,medium,"Some headers were missing; generated column_N names. Delimiter `,`; sampled first 56 rows."
paper-1998-04,The Full Cost Of Intercity Highway Transportation,UPLOADED,/Users/dlev2617/Documents/Code/Agents/github-packages/UPLOADED/paper-1998-04-the-full-cost-of-intercity-highway-transportation,data/highway_full_cost_model/csv_exports/hwy92_original/dummies.csv,,column_4,,mixed_numeric_text,53,CA DUMMY | CALIFORNIA | 0 | 1,,,csv,medium,"Some headers were missing; generated column_N names. Delimiter `,`; sampled first 56 rows."
paper-1998-04,The Full Cost Of Intercity Highway Transportation,UPLOADED,/Users/dlev2617/Documents/Code/Agents/github-packages/UPLOADED/paper-1998-04-the-full-cost-of-intercity-highway-transportation,data/highway_full_cost_model/csv_exports/hwy92_original/dummies.csv,,column_5,,mixed_numeric_text,53,SE DUMMY | SOUTHEAST | 1 | 0,,,csv,medium,"Some headers were missing; generated column_N names. Delimiter `,`; sampled first 56 rows."
paper-1998-04,The Full Cost Of Intercity Highway Transportation,UPLOADED,/Users/dlev2617/Documents/Code/Agents/github-packages/UPLOADED/paper-1998-04-the-full-cost-of-intercity-highway-transportation,data/highway_full_cost_model/csv_exports/hwy92_original/dummies.csv,,column_6,,mixed_numeric_text,53,MIDWEST DUMMY | MIDWEST | 0 | 1,,,csv,medium,"Some headers were missing; generated column_N names. Delimiter `,`; sampled first 56 rows."
paper-1998-04,The Full Cost Of Intercity Highway Transportation,UPLOADED,/Users/dlev2617/Documents/Code/Agents/github-packages/UPLOADED/paper-1998-04-the-full-cost-of-intercity-highway-transportation,data/highway_full_cost_model/csv_exports/hwy92_original/dummies.csv,,column_7,,mixed_numeric_text,53,NE DUMMY (incl NY) | NORTHEAST | 0 | 1,,,csv,medium,"Some headers were missing; generated column_N names. Delimiter `,`; sampled first 56 rows."
paper-1998-04,The Full Cost Of Intercity Highway Transportation,UPLOADED,/Users/dlev2617/Documents/Code/Agents/github-packages/UPLOADED/paper-1998-04-the-full-cost-of-intercity-highway-transportation,data/highway_full_cost_model/csv_exports/hwy92_original/dummies.csv,,column_8,,text,52,RURTOT | =+J4+K4 | =+J5+K5 | =+J6+K6 | =+J7+K7,,,csv,medium,"Some headers were missing; generated column_N names. Delimiter `,`; sampled first 56 rows."
paper-1998-04,The Full Cost Of Intercity Highway Transportation,UPLOADED,/Users/dlev2617/Documents/Code/Agents/github-packages/UPLOADED/paper-1998-04-the-full-cost-of-intercity-highway-transportation,data/highway_full_cost_model/csv_exports/hwy92_original/dummies.csv,,column_9,,text,52,URBTOT | =+L4+M4 | =+L5+M5 | =+L6+M6 | =+L7+M7,,,csv,medium,"Some headers were missing; generated column_N names. Delimiter `,`; sampled first 56 rows."
paper-1998-04,The Full Cost Of Intercity Highway Transportation,UPLOADED,/Users/dlev2617/Documents/Code/Agents/github-packages/UPLOADED/paper-1998-04-the-full-cost-of-intercity-highway-transportation,data/highway_full_cost_model/csv_exports/hwy92_original/dummies.csv,,RURAL,,mixed_numeric_text,54,INTERSTATE | RURINT | 4442 | 677 | 5110,,,csv,medium,"Some headers were missing; generated column_N names. Delimiter `,`; sampled first 56 rows."
paper-1998-04,The Full Cost Of Intercity Highway Transportation,UPLOADED,/Users/dlev2617/Documents/Code/Agents/github-packages/UPLOADED/paper-1998-04-the-full-cost-of-intercity-highway-transportation,data/highway_full_cost_model/csv_exports/hwy92_original/dummies.csv,,RURAL_2,,mixed_numeric_text,54,NON-INTERSTATE | RURLOC | 18361 | 1328 | 8678,,,csv,medium,"Some headers were missing; generated column_N names. Delimiter `,`; sampled first 56 rows."
paper-1998-04,The Full Cost Of Intercity Highway Transportation,UPLOADED,/Users/dlev2617/Documents/Code/Agents/github-packages/UPLOADED/paper-1998-04-the-full-cost-of-intercity-highway-transportation,data/highway_full_cost_model/csv_exports/hwy92_original/dummies.csv,,URBAN,,mixed_numeric_text,54,INTERSTATE + Other Freeways | URBINT | =4208+326 | 450 | =3003+1344,,,csv,medium,"Some headers were missing; generated column_N names. Delimiter `,`; sampled first 56 rows."
paper-1998-04,The Full Cost Of Intercity Highway Transportation,UPLOADED,/Users/dlev2617/Documents/Code/Agents/github-packages/UPLOADED/paper-1998-04-the-full-cost-of-intercity-highway-transportation,data/highway_full_cost_model/csv_exports/hwy92_original/dummies.csv,,URBAN_2,,mixed_numeric_text,54,NON-INTERSTATE | URBLOC | 18425 | 1386 | 16912,,,csv,medium,"Some headers were missing; generated column_N names. Delimiter `,`; sampled first 56 rows."
paper-1998-04,The Full Cost Of Intercity Highway Transportation,UPLOADED,/Users/dlev2617/Documents/Code/Agents/github-packages/UPLOADED/paper-1998-04-the-full-cost-of-intercity-highway-transportation,data/highway_full_cost_model/csv_exports/hwy92_original/dummies.csv,,column_14,,text,52,INTTOT | =+J4+L4 | =+J5+L5 | =+J6+L6 | =+J7+L7,,,csv,medium,"Some headers were missing; generated column_N names. Delimiter `,`; sampled first 56 rows."
paper-1998-04,The Full Cost Of Intercity Highway Transportation,UPLOADED,/Users/dlev2617/Documents/Code/Agents/github-packages/UPLOADED/paper-1998-04-the-full-cost-of-intercity-highway-transportation,data/highway_full_cost_model/csv_exports/hwy92_original/dummies.csv,,column_15,,text,52,%URBINT | =+L4/N4 | =+L5/N5 | =+L6/N6 | =+L7/N7,,,csv,medium,"Some headers were missing; generated column_N names. Delimiter `,`; sampled first 56 rows."
paper-1998-04,The Full Cost Of Intercity Highway Transportation,UPLOADED,/Users/dlev2617/Documents/Code/Agents/github-packages/UPLOADED/paper-1998-04-the-full-cost-of-intercity-highway-transportation,data/highway_full_cost_model/csv_exports/hwy92_original/dummies.csv,,column_16,,text,52,LOCTOT | =+K4+M4 | =+K5+M5 | =+K6+M6 | =+K7+M7,,,csv,medium,"Some headers were missing; generated column_N names. Delimiter `,`; sampled first 56 rows."
paper-1998-04,The Full Cost Of Intercity Highway Transportation,UPLOADED,/Users/dlev2617/Documents/Code/Agents/github-packages/UPLOADED/paper-1998-04-the-full-cost-of-intercity-highway-transportation,data/highway_full_cost_model/csv_exports/hwy92_original/dummies.csv,,column_17,,text,52,%URBLOC | =+M4/P4 | =+M5/P5 | =+M6/P6 | =+M7/P7,,,csv,medium,"Some headers were missing; generated column_N names. Delimiter `,`; sampled first 56 rows."
paper-1998-04,The Full Cost Of Intercity Highway Transportation,UPLOADED,/Users/dlev2617/Documents/Code/Agents/github-packages/UPLOADED/paper-1998-04-the-full-cost-of-intercity-highway-transportation,data/highway_full_cost_model/csv_exports/hwy92_original/dummies.csv,,column_18,,text,52,TOTVMT | =+N4+P4 | =+N5+P5 | =+N6+P6 | =+N7+P7,,,csv,medium,"Some headers were missing; generated column_N names. Delimiter `,`; sampled first 56 rows."
paper-1998-04,The Full Cost Of Intercity Highway Transportation,UPLOADED,/Users/dlev2617/Documents/Code/Agents/github-packages/UPLOADED/paper-1998-04-the-full-cost-of-intercity-highway-transportation,data/highway_full_cost_model/csv_exports/hwy92_original/dummies.csv,,TOTAL,,mixed_numeric_text,55,OPS & MAINT | OPSTOT | 434361 | 156897 | 164064,,,csv,medium,"Some headers were missing; generated column_N names. Delimiter `,`; sampled first 56 rows."
paper-1998-04,The Full Cost Of Intercity Highway Transportation,UPLOADED,/Users/dlev2617/Documents/Code/Agents/github-packages/UPLOADED/paper-1998-04-the-full-cost-of-intercity-highway-transportation,data/highway_full_cost_model/csv_exports/hwy92_original/dummies.csv,,column_20,,text,52,TOT%URB | =+(L4+M4)/R4 | =+(L5+M5)/R5 | =+(L6+M6)/R6 | =+(L7+M7)/R7,,,csv,medium,"Some headers were missing; generated column_N names. Delimiter `,`; sampled first 56 rows."
paper-1998-04,The Full Cost Of Intercity Highway Transportation,UPLOADED,/Users/dlev2617/Documents/Code/Agents/github-packages/UPLOADED/paper-1998-04-the-full-cost-of-intercity-highway-transportation,data/highway_full_cost_model/csv_exports/hwy92_original/expenditureexport.csv,,State,,text,53,Alabama | Alaska | Arizona | Arkansas | California,,,csv,medium,"Some headers were missing; generated column_N names. Delimiter `,`; sampled first 55 rows."
paper-1998-04,The Full Cost Of Intercity Highway Transportation,UPLOADED,/Users/dlev2617/Documents/Code/Agents/github-packages/UPLOADED/paper-1998-04-the-full-cost-of-intercity-highway-transportation,data/highway_full_cost_model/csv_exports/hwy92_original/expenditureexport.csv,,Stock Capital 1988 (millions),,mixed_numeric_text,53,8905.74 | 0 | 7955.02 | 4829.36 | 42835.42,,,csv,medium,"Some headers were missing; generated column_N names. Delimiter `,`; sampled first 55 rows."
paper-1998-04,The Full Cost Of Intercity Highway Transportation,UPLOADED,/Users/dlev2617/Documents/Code/Agents/github-packages/UPLOADED/paper-1998-04-the-full-cost-of-intercity-highway-transportation,data/highway_full_cost_model/csv_exports/hwy92_original/expenditureexport.csv,,CAPTOTTOT (thousands),,mixed_numeric_text,53,470232 | 242000 | 480799 | 362332 | 2135323,,,csv,medium,"Some headers were missing; generated column_N names. Delimiter `,`; sampled first 55 rows."
paper-1998-04,The Full Cost Of Intercity Highway Transportation,UPLOADED,/Users/dlev2617/Documents/Code/Agents/github-packages/UPLOADED/paper-1998-04-the-full-cost-of-intercity-highway-transportation,data/highway_full_cost_model/csv_exports/hwy92_original/expenditureexport.csv,,MNTTOTTOT (thousands),,mixed_numeric_text,53,157868 | 33400 | 68839 | 93412 | 342460,,,csv,medium,"Some headers were missing; generated column_N names. Delimiter `,`; sampled first 55 rows."
paper-1998-04,The Full Cost Of Intercity Highway Transportation,UPLOADED,/Users/dlev2617/Documents/Code/Agents/github-packages/UPLOADED/paper-1998-04-the-full-cost-of-intercity-highway-transportation,data/highway_full_cost_model/csv_exports/hwy92_original/expenditureexport.csv,,ADM_MISC (thousands),,mixed_numeric_text,53,72558 | 30088 | 70527 | 42524 | 1046908,,,csv,medium,"Some headers were missing; generated column_N names. Delimiter `,`; sampled first 55 rows."
paper-1998-04,The Full Cost Of Intercity Highway Transportation,UPLOADED,/Users/dlev2617/Documents/Code/Agents/github-packages/UPLOADED/paper-1998-04-the-full-cost-of-intercity-highway-transportation,data/highway_full_cost_model/csv_exports/hwy92_original/expenditureexport.csv,,LAW_SAFETY (thousands),,mixed_numeric_text,53,57359 | 40116 | 78446 | 45163 | 1182559,,,csv,medium,"Some headers were missing; generated column_N names. Delimiter `,`; sampled first 55 rows."
paper-1998-04,The Full Cost Of Intercity Highway Transportation,UPLOADED,/Users/dlev2617/Documents/Code/Agents/github-packages/UPLOADED/paper-1998-04-the-full-cost-of-intercity-highway-transportation,data/highway_full_cost_model/csv_exports/hwy92_original/expenditureexport.csv,,INTEREST (thousands),,mixed_numeric_text,53,11128 | 13411 | 154305 | 661 | 58263,,,csv,medium,"Some headers were missing; generated column_N names. Delimiter `,`; sampled first 55 rows."
paper-1998-04,The Full Cost Of Intercity Highway Transportation,UPLOADED,/Users/dlev2617/Documents/Code/Agents/github-packages/UPLOADED/paper-1998-04-the-full-cost-of-intercity-highway-transportation,data/highway_full_cost_model/csv_exports/hwy92_original/expenditureexport.csv,,BONDRETIRE (thousands),,mixed_numeric_text,53,20436 | 21623 | 359239 | 449 | 35336,,,csv,medium,"Some headers were missing; generated column_N names. Delimiter `,`; sampled first 55 rows."
paper-1998-04,The Full Cost Of Intercity Highway Transportation,UPLOADED,/Users/dlev2617/Documents/Code/Agents/github-packages/UPLOADED/paper-1998-04-the-full-cost-of-intercity-highway-transportation,data/highway_full_cost_model/csv_exports/hwy92_original/expenditureexport.csv,,column_9,,empty,0,,,,csv,medium,"Some headers were missing; generated column_N names. Delimiter `,`; sampled first 55 rows."
paper-1998-04,The Full Cost Of Intercity Highway Transportation,UPLOADED,/Users/dlev2617/Documents/Code/Agents/github-packages/UPLOADED/paper-1998-04-the-full-cost-of-intercity-highway-transportation,data/highway_full_cost_model/csv_exports/hwy92_original/expenditureexport.csv,,column_10,,empty,0,,,,csv,medium,"Some headers were missing; generated column_N names. Delimiter `,`; sampled first 55 rows."
paper-1998-04,The Full Cost Of Intercity Highway Transportation,UPLOADED,/Users/dlev2617/Documents/Code/Agents/github-packages/UPLOADED/paper-1998-04-the-full-cost-of-intercity-highway-transportation,data/highway_full_cost_model/csv_exports/hwy92_original/expenditureexport.csv,,column_11,,mixed_numeric_text,53,0.0515 | 0.0525 | 0.0535 | 0.0495 | 0.0475,,,csv,medium,"Some headers were missing; generated column_N names. Delimiter `,`; sampled first 55 rows."
paper-1998-04,The Full Cost Of Intercity Highway Transportation,UPLOADED,/Users/dlev2617/Documents/Code/Agents/github-packages/UPLOADED/paper-1998-04-the-full-cost-of-intercity-highway-transportation,data/highway_full_cost_model/csv_exports/hwy92_original/expenditureexport.csv,,Cc,,text,53,=1.2*K2*B2*1000 | =1.2*K3*B3*1000 | =1.2*K4*B4*1000 | =1.2*K5*B5*1000 | =1.2*K6*B6*1000,,,csv,medium,"Some headers were missing; generated column_N names. Delimiter `,`; sampled first 55 rows."
paper-1998-04,The Full Cost Of Intercity Highway Transportation,UPLOADED,/Users/dlev2617/Documents/Code/Agents/github-packages/UPLOADED/paper-1998-04-the-full-cost-of-intercity-highway-transportation,data/highway_full_cost_model/csv_exports/hwy92_original/expenditureexport.csv,,Cm,,text,53,=+D2 | =+D3 | =+D4 | =+D5 | =+D6,,,csv,medium,"Some headers were missing; generated column_N names. Delimiter `,`; sampled first 55 rows."
paper-1998-04,The Full Cost Of Intercity Highway Transportation,UPLOADED,/Users/dlev2617/Documents/Code/Agents/github-packages/UPLOADED/paper-1998-04-the-full-cost-of-intercity-highway-transportation,data/highway_full_cost_model/csv_exports/hwy92_original/expenditureexport.csv,,Cl,,text,53,=+E2+F2 | =+E3+F3 | =+E4+F4 | =+E5+F5 | =+E6+F6,,,csv,medium,"Some headers were missing; generated column_N names. Delimiter `,`; sampled first 55 rows."
paper-1998-04,The Full Cost Of Intercity Highway Transportation,UPLOADED,/Users/dlev2617/Documents/Code/Agents/github-packages/UPLOADED/paper-1998-04-the-full-cost-of-intercity-highway-transportation,data/highway_full_cost_model/csv_exports/hwy92_original/expenditureexport.csv,,LRTE,,text,53,=+L2+M2+N2 | =+L3+M3+N3 | =+L4+M4+N4 | =+L5+M5+N5 | =+L6+M6+N6,,,csv,medium,"Some headers were missing; generated column_N names. Delimiter `,`; sampled first 55 rows."
paper-1998-04,The Full Cost Of Intercity Highway Transportation,UPLOADED,/Users/dlev2617/Documents/Code/Agents/github-packages/UPLOADED/paper-1998-04-the-full-cost-of-intercity-highway-transportation,data/highway_full_cost_model/csv_exports/hwy92_original/expenditureexport.csv,,SRTE,,text,53,=+M2+N2 | =+M3+N3 | =+M4+N4 | =+M5+N5 | =+M6+N6,,,csv,medium,"Some headers were missing; generated column_N names. Delimiter `,`; sampled first 55 rows."
paper-1998-04,The Full Cost Of Intercity Highway Transportation,UPLOADED,/Users/dlev2617/Documents/Code/Agents/github-packages/UPLOADED/paper-1998-04-the-full-cost-of-intercity-highway-transportation,data/highway_full_cost_model/csv_exports/hwy92_original/lanes.csv,,STATE,,text,53,Alabama | Alaska | Arizona | Arkansas | California,,,csv,medium,"Some headers were missing; generated column_N names. Delimiter `,`; sampled first 57 rows."
paper-1998-04,The Full Cost Of Intercity Highway Transportation,UPLOADED,/Users/dlev2617/Documents/Code/Agents/github-packages/UPLOADED/paper-1998-04-the-full-cost-of-intercity-highway-transportation,data/highway_full_cost_model/csv_exports/hwy92_original/lanes.csv,,MILEAGE BY TRAFFIC LANES ... (HM-35) p. V19,,mixed_numeric_text,55,RURAL | INTERSTATE | MILRURINT | 602 | 1003,,,csv,medium,"Some headers were missing; generated column_N names. Delimiter `,`; sampled first 57 rows."
paper-1998-04,The Full Cost Of Intercity Highway Transportation,UPLOADED,/Users/dlev2617/Documents/Code/Agents/github-packages/UPLOADED/paper-1998-04-the-full-cost-of-intercity-highway-transportation,data/highway_full_cost_model/csv_exports/hwy92_original/lanes.csv,,column_3,,mixed_numeric_text,54,MILES > 4 lanes | RURMIL+4 | 0 | 3 | 286,,,csv,medium,"Some headers were missing; generated column_N names. Delimiter `,`; sampled first 57 rows."
paper-1998-04,The Full Cost Of Intercity Highway Transportation,UPLOADED,/Users/dlev2617/Documents/Code/Agents/github-packages/UPLOADED/paper-1998-04-the-full-cost-of-intercity-highway-transportation,data/highway_full_cost_model/csv_exports/hwy92_original/lanes.csv,,column_4,,mixed_numeric_text,54,MILES ≤ 4 lanes | RURMIL-4 | 602 | 1003 | 987,,,csv,medium,"Some headers were missing; generated column_N names. Delimiter `,`; sampled first 57 rows."
paper-1998-04,The Full Cost Of Intercity Highway Transportation,UPLOADED,/Users/dlev2617/Documents/Code/Agents/github-packages/UPLOADED/paper-1998-04-the-full-cost-of-intercity-highway-transportation,data/highway_full_cost_model/csv_exports/hwy92_original/lanes.csv,,column_5,,mixed_numeric_text,55,URBAN | INTERSTATE | MILURBINT | 297 | 54,,,csv,medium,"Some headers were missing; generated column_N names. Delimiter `,`; sampled first 57 rows."
paper-1998-04,The Full Cost Of Intercity Highway Transportation,UPLOADED,/Users/dlev2617/Documents/Code/Agents/github-packages/UPLOADED/paper-1998-04-the-full-cost-of-intercity-highway-transportation,data/highway_full_cost_model/csv_exports/hwy92_original/lanes.csv,,column_6,,mixed_numeric_text,54,MILES > 4 lanes | URBMIL+4 | 43 | 10 | 54,,,csv,medium,"Some headers were missing; generated column_N names. Delimiter `,`; sampled first 57 rows."
paper-1998-04,The Full Cost Of Intercity Highway Transportation,UPLOADED,/Users/dlev2617/Documents/Code/Agents/github-packages/UPLOADED/paper-1998-04-the-full-cost-of-intercity-highway-transportation,data/highway_full_cost_model/csv_exports/hwy92_original/lanes.csv,,column_7,,mixed_numeric_text,54,MILES ≤ 4 lanes | URBMIL-4 | 254 | 44 | 148,,,csv,medium,"Some headers were missing; generated column_N names. Delimiter `,`; sampled first 57 rows."
paper-1998-04,The Full Cost Of Intercity Highway Transportation,UPLOADED,/Users/dlev2617/Documents/Code/Agents/github-packages/UPLOADED/paper-1998-04-the-full-cost-of-intercity-highway-transportation,data/highway_full_cost_model/csv_exports/hwy92_original/lanes.csv,,column_8,,mixed_numeric_text,53,RURMIL+4 | 0 | 3 | 286 | 21,,,csv,medium,"Some headers were missing; generated column_N names. Delimiter `,`; sampled first 57 rows."
paper-1998-04,The Full Cost Of Intercity Highway Transportation,UPLOADED,/Users/dlev2617/Documents/Code/Agents/github-packages/UPLOADED/paper-1998-04-the-full-cost-of-intercity-highway-transportation,data/highway_full_cost_model/csv_exports/hwy92_original/lanes.csv,,column_9,,mixed_numeric_text,53,RURMIL-4 | 602 | 1003 | 987 | 409,,,csv,medium,"Some headers were missing; generated column_N names. Delimiter `,`; sampled first 57 rows."
paper-1998-04,The Full Cost Of Intercity Highway Transportation,UPLOADED,/Users/dlev2617/Documents/Code/Agents/github-packages/UPLOADED/paper-1998-04-the-full-cost-of-intercity-highway-transportation,data/highway_full_cost_model/csv_exports/hwy92_original/lrte.srte.csv,,State,,text,53,Alabama | Alaska | Arizona | Arkansas | California,,,csv,medium,"Some headers were missing; generated column_N names. Delimiter `,`; sampled first 55 rows."
paper-1998-04,The Full Cost Of Intercity Highway Transportation,UPLOADED,/Users/dlev2617/Documents/Code/Agents/github-packages/UPLOADED/paper-1998-04-the-full-cost-of-intercity-highway-transportation,data/highway_full_cost_model/csv_exports/hwy92_original/lrte.srte.csv,,LRTE,,mixed_numeric_text,53,838159.732 | 103604 | 718978.26 | 479553.448 | 5321960.964,,,csv,medium,"Some headers were missing; generated column_N names. Delimiter `,`; sampled first 55 rows."
paper-1998-04,The Full Cost Of Intercity Highway Transportation,UPLOADED,/Users/dlev2617/Documents/Code/Agents/github-packages/UPLOADED/paper-1998-04-the-full-cost-of-intercity-highway-transportation,data/highway_full_cost_model/csv_exports/hwy92_original/lrte.srte.csv,,LRTE-model,,mixed_numeric_text,53,881513.898536862 | 134812.025315494 | 643881.582523385 | 472258.63898235 | 4425388.92899159,,,csv,medium,"Some headers were missing; generated column_N names. Delimiter `,`; sampled first 55 rows."
paper-1998-04,The Full Cost Of Intercity Highway Transportation,UPLOADED,/Users/dlev2617/Documents/Code/Agents/github-packages/UPLOADED/paper-1998-04-the-full-cost-of-intercity-highway-transportation,data/highway_full_cost_model/csv_exports/hwy92_original/lrte.srte.csv,,column_4,,empty,0,,,,csv,medium,"Some headers were missing; generated column_N names. Delimiter `,`; sampled first 55 rows."
paper-1998-04,The Full Cost Of Intercity Highway Transportation,UPLOADED,/Users/dlev2617/Documents/Code/Agents/github-packages/UPLOADED/paper-1998-04-the-full-cost-of-intercity-highway-transportation,data/highway_full_cost_model/csv_exports/hwy92_original/lrte.srte.csv,,column_5,,text,51,Alabama | Alaska | Arizona | Arkansas | California,,,csv,medium,"Some headers were missing; generated column_N names. Delimiter `,`; sampled first 55 rows."
paper-1998-04,The Full Cost Of Intercity Highway Transportation,UPLOADED,/Users/dlev2617/Documents/Code/Agents/github-packages/UPLOADED/paper-1998-04-the-full-cost-of-intercity-highway-transportation,data/highway_full_cost_model/csv_exports/hwy92_original/lrte.srte.csv,,SRTE,,numeric,53,287785 | 103604 | 217812 | 181099 | 2571927,0,20984828,csv,medium,"Some headers were missing; generated column_N names. Delimiter `,`; sampled first 55 rows."
paper-1998-04,The Full Cost Of Intercity Highway Transportation,UPLOADED,/Users/dlev2617/Documents/Code/Agents/github-packages/UPLOADED/paper-1998-04-the-full-cost-of-intercity-highway-transportation,data/highway_full_cost_model/csv_exports/hwy92_original/lrte.srte.csv,,SRTE-model,,mixed_numeric_text,53,347370.626117842 | 25683.7952811081 | 218321.980698903 | 176551.296582179 | 1891712.4135725,,,csv,medium,"Some headers were missing; generated column_N names. Delimiter `,`; sampled first 55 rows."
paper-1998-04,The Full Cost Of Intercity Highway Transportation,UPLOADED,/Users/dlev2617/Documents/Code/Agents/github-packages/UPLOADED/paper-1998-04-the-full-cost-of-intercity-highway-transportation,data/highway_full_cost_model/csv_exports/hwy92_original/master.csv,,column_1,,text,51,"""",,,csv,medium,"Some headers were missing; generated column_N names. Delimiter `,`; sampled first 52 rows."
paper-1998-04,The Full Cost Of Intercity Highway Transportation,UPLOADED,/Users/dlev2617/Documents/Code/Agents/github-packages/UPLOADED/paper-1998-04-the-full-cost-of-intercity-highway-transportation,data/highway_full_cost_model/csv_exports/hwy92_original/master.csv,,STATE,,text,51,ALABAMA | ALASKA | ARIZONA | ARKANSAS | CALIFORNIA,,,csv,medium,"Some headers were missing; generated column_N names. Delimiter `,`; sampled first 52 rows."
paper-1998-04,The Full Cost Of Intercity Highway Transportation,UPLOADED,/Users/dlev2617/Documents/Code/Agents/github-packages/UPLOADED/paper-1998-04-the-full-cost-of-intercity-highway-transportation,data/highway_full_cost_model/csv_exports/hwy92_original/master.csv,,column_3,,text,51,"""",,,csv,medium,"Some headers were missing; generated column_N names. Delimiter `,`; sampled first 52 rows."
paper-1998-04,The Full Cost Of Intercity Highway Transportation,UPLOADED,/Users/dlev2617/Documents/Code/Agents/github-packages/UPLOADED/paper-1998-04-the-full-cost-of-intercity-highway-transportation,data/highway_full_cost_model/csv_exports/hwy92_original/master.csv,,YEAR,,numeric,51,1988 | 0,0,1988,csv,medium,"Some headers were missing; generated column_N names. Delimiter `,`; sampled first 52 rows."
paper-1998-04,The Full Cost Of Intercity Highway Transportation,UPLOADED,/Users/dlev2617/Documents/Code/Agents/github-packages/UPLOADED/paper-1998-04-the-full-cost-of-intercity-highway-transportation,data/highway_full_cost_model/csv_exports/hwy92_original/master.csv,,HIGHWAY,,numeric,51,8905.74 | 0 | 7955.02 | 4829.36 | 42835.42,0,42835.42,csv,medium,"Some headers were missing; generated column_N names. Delimiter `,`; sampled first 52 rows."
paper-1998-04,The Full Cost Of Intercity Highway Transportation,UPLOADED,/Users/dlev2617/Documents/Code/Agents/github-packages/UPLOADED/paper-1998-04-the-full-cost-of-intercity-highway-transportation,data/highway_full_cost_model/csv_exports/hwy92_original/master.csv,,GSP,,numeric,51,53547 | 0 | 50630 | 29802 | 528674,0,528674,csv,medium,"Some headers were missing; generated column_N names. Delimiter `,`; sampled first 52 rows."
paper-1998-04,The Full Cost Of Intercity Highway Transportation,UPLOADED,/Users/dlev2617/Documents/Code/Agents/github-packages/UPLOADED/paper-1998-04-the-full-cost-of-intercity-highway-transportation,data/highway_full_cost_model/csv_exports/hwy92_original/master.csv,,TOTPUB,,numeric,51,20204.46 | 0 | 23693.97 | 10411.96 | 145321.6,0,145321.6,csv,medium,"Some headers were missing; generated column_N names. Delimiter `,`; sampled first 52 rows."
paper-1998-04,The Full Cost Of Intercity Highway Transportation,UPLOADED,/Users/dlev2617/Documents/Code/Agents/github-packages/UPLOADED/paper-1998-04-the-full-cost-of-intercity-highway-transportation,data/highway_full_cost_model/csv_exports/hwy92_original/master.csv,,PVTCAP,,numeric,51,66008.17 | 0 | 48932.84 | 34924.26 | 400653.1,0,400653.1,csv,medium,"Some headers were missing; generated column_N names. Delimiter `,`; sampled first 52 rows."
paper-1998-04,The Full Cost Of Intercity Highway Transportation,UPLOADED,/Users/dlev2617/Documents/Code/Agents/github-packages/UPLOADED/paper-1998-04-the-full-cost-of-intercity-highway-transportation,data/highway_full_cost_model/csv_exports/hwy92_original/master.csv,,AREA,,numeric,51,52423 | 0 | 114006 | 53182 | 163707,0,268601,csv,medium,"Some headers were missing; generated column_N names. Delimiter `,`; sampled first 52 rows."
paper-1998-04,The Full Cost Of Intercity Highway Transportation,UPLOADED,/Users/dlev2617/Documents/Code/Agents/github-packages/UPLOADED/paper-1998-04-the-full-cost-of-intercity-highway-transportation,data/highway_full_cost_model/csv_exports/hwy92_original/master.csv,,ROW,,numeric,51,41714000 | 0 | 216000000 | 11366000 | 244000000,0,247000000,csv,medium,"Some headers were missing; generated column_N names. Delimiter `,`; sampled first 52 rows."
paper-1998-04,The Full Cost Of Intercity Highway Transportation,UPLOADED,/Users/dlev2617/Documents/Code/Agents/github-packages/UPLOADED/paper-1998-04-the-full-cost-of-intercity-highway-transportation,data/highway_full_cost_model/csv_exports/hwy92_original/master.csv,,TCAP,,numeric,51,470000000 | 0 | 1070000000 | 307000000 | 2220000000,0,2980000000,csv,medium,"Some headers were missing; generated column_N names. Delimiter `,`; sampled first 52 rows."
paper-1998-04,The Full Cost Of Intercity Highway Transportation,UPLOADED,/Users/dlev2617/Documents/Code/Agents/github-packages/UPLOADED/paper-1998-04-the-full-cost-of-intercity-highway-transportation,data/highway_full_cost_model/csv_exports/hwy92_original/master.csv,,TMANT,,numeric,51,342000000 | 0 | 199000000 | 197000000 | 1560000000,0,1740000000,csv,medium,"Some headers were missing; generated column_N names. Delimiter `,`; sampled first 52 rows."
paper-1998-04,The Full Cost Of Intercity Highway Transportation,UPLOADED,/Users/dlev2617/Documents/Code/Agents/github-packages/UPLOADED/paper-1998-04-the-full-cost-of-intercity-highway-transportation,data/highway_full_cost_model/csv_exports/hwy92_original/master.csv,,CAPURBINT,,mixed_numeric_text,51,125348 | 35459 | 48078 | 6623 | 513828,,,csv,medium,"Some headers were missing; generated column_N names. Delimiter `,`; sampled first 52 rows."
paper-1998-04,The Full Cost Of Intercity Highway Transportation,UPLOADED,/Users/dlev2617/Documents/Code/Agents/github-packages/UPLOADED/paper-1998-04-the-full-cost-of-intercity-highway-transportation,data/highway_full_cost_model/csv_exports/hwy92_original/master.csv,,CAPURBLOC,,mixed_numeric_text,51,77005 | 71217 | 229257 | 132474 | 881208,,,csv,medium,"Some headers were missing; generated column_N names. Delimiter `,`; sampled first 52 rows."
paper-1998-04,The Full Cost Of Intercity Highway Transportation,UPLOADED,/Users/dlev2617/Documents/Code/Agents/github-packages/UPLOADED/paper-1998-04-the-full-cost-of-intercity-highway-transportation,data/highway_full_cost_model/csv_exports/hwy92_original/master.csv,,CAPURBTOT,,mixed_numeric_text,51,202353 | 106676 | 277335 | 139097 | 1395036,,,csv,medium,"Some headers were missing; generated column_N names. Delimiter `,`; sampled first 52 rows."
paper-1998-04,The Full Cost Of Intercity Highway Transportation,UPLOADED,/Users/dlev2617/Documents/Code/Agents/github-packages/UPLOADED/paper-1998-04-the-full-cost-of-intercity-highway-transportation,data/highway_full_cost_model/csv_exports/hwy92_original/master.csv,,MNTURBINT,,mixed_numeric_text,51,7008 | 1369 | =#REF! | 1387 | 51921,,,csv,medium,"Some headers were missing; generated column_N names. Delimiter `,`; sampled first 52 rows."
paper-1998-04,The Full Cost Of Intercity Highway Transportation,UPLOADED,/Users/dlev2617/Documents/Code/Agents/github-packages/UPLOADED/paper-1998-04-the-full-cost-of-intercity-highway-transportation,data/highway_full_cost_model/csv_exports/hwy92_original/master.csv,,MNTURBLOC,,mixed_numeric_text,51,87510 | 19907 | =#REF! | 24221 | 80647,,,csv,medium,"Some headers were missing; generated column_N names. Delimiter `,`; sampled first 52 rows."
paper-1998-04,The Full Cost Of Intercity Highway Transportation,UPLOADED,/Users/dlev2617/Documents/Code/Agents/github-packages/UPLOADED/paper-1998-04-the-full-cost-of-intercity-highway-transportation,data/highway_full_cost_model/csv_exports/hwy92_original/master.csv,,MNTURBTOT,,mixed_numeric_text,51,94518 | 21276 | =#REF! | 25608 | 132568,,,csv,medium,"Some headers were missing; generated column_N names. Delimiter `,`; sampled first 52 rows."
paper-1998-04,The Full Cost Of Intercity Highway Transportation,UPLOADED,/Users/dlev2617/Documents/Code/Agents/github-packages/UPLOADED/paper-1998-04-the-full-cost-of-intercity-highway-transportation,data/highway_full_cost_model/csv_exports/hwy92_original/master.csv,,CAPRURINT,,mixed_numeric_text,51,29484 | 50659 | 66574 | 26357 | 61578,,,csv,medium,"Some headers were missing; generated column_N names. Delimiter `,`; sampled first 52 rows."
paper-1998-04,The Full Cost Of Intercity Highway Transportation,UPLOADED,/Users/dlev2617/Documents/Code/Agents/github-packages/UPLOADED/paper-1998-04-the-full-cost-of-intercity-highway-transportation,data/highway_full_cost_model/csv_exports/hwy92_original/master.csv,,CAPRURLOC,,mixed_numeric_text,51,238395 | 84665 | 136890 | 196878 | 678709,,,csv,medium,"Some headers were missing; generated column_N names. Delimiter `,`; sampled first 52 rows."
paper-1998-04,The Full Cost Of Intercity Highway Transportation,UPLOADED,/Users/dlev2617/Documents/Code/Agents/github-packages/UPLOADED/paper-1998-04-the-full-cost-of-intercity-highway-transportation,data/highway_full_cost_model/csv_exports/hwy92_original/master.csv,,CAPRURTOT,,mixed_numeric_text,51,267879 | 135324 | 203464 | 223235 | 740287,,,csv,medium,"Some headers were missing; generated column_N names. Delimiter `,`; sampled first 52 rows."
paper-1998-04,The Full Cost Of Intercity Highway Transportation,UPLOADED,/Users/dlev2617/Documents/Code/Agents/github-packages/UPLOADED/paper-1998-04-the-full-cost-of-intercity-highway-transportation,data/highway_full_cost_model/csv_exports/hwy92_original/master.csv,,MNTRURINT,,mixed_numeric_text,51,7412 | 3744 | NA | 7154 | 44901,,,csv,medium,"Some headers were missing; generated column_N names. Delimiter `,`; sampled first 52 rows."
paper-1998-04,The Full Cost Of Intercity Highway Transportation,UPLOADED,/Users/dlev2617/Documents/Code/Agents/github-packages/UPLOADED/paper-1998-04-the-full-cost-of-intercity-highway-transportation,data/highway_full_cost_model/csv_exports/hwy92_original/master.csv,,MNTRURLOC,,mixed_numeric_text,51,55938 | 8380 | =#REF! | 60650 | 164991,,,csv,medium,"Some headers were missing; generated column_N names. Delimiter `,`; sampled first 52 rows."
paper-1998-04,The Full Cost Of Intercity Highway Transportation,UPLOADED,/Users/dlev2617/Documents/Code/Agents/github-packages/UPLOADED/paper-1998-04-the-full-cost-of-intercity-highway-transportation,data/highway_full_cost_model/csv_exports/hwy92_original/master.csv,,MNTRURTOT,,mixed_numeric_text,51,63350 | 12124 | NA | 67804 | 209892,,,csv,medium,"Some headers were missing; generated column_N names. Delimiter `,`; sampled first 52 rows."
paper-1998-04,The Full Cost Of Intercity Highway Transportation,UPLOADED,/Users/dlev2617/Documents/Code/Agents/github-packages/UPLOADED/paper-1998-04-the-full-cost-of-intercity-highway-transportation,data/highway_full_cost_model/csv_exports/hwy92_original/master.csv,,CAPTOTINT,,mixed_numeric_text,51,154832 | 86118 | 114652 | 32980 | 575406,,,csv,medium,"Some headers were missing; generated column_N names. Delimiter `,`; sampled first 52 rows."
paper-1998-04,The Full Cost Of Intercity Highway Transportation,UPLOADED,/Users/dlev2617/Documents/Code/Agents/github-packages/UPLOADED/paper-1998-04-the-full-cost-of-intercity-highway-transportation,data/highway_full_cost_model/csv_exports/hwy92_original/master.csv,,CAPTOTLOC,,mixed_numeric_text,51,315400 | 155882 | 366147 | 329352 | 1559917,,,csv,medium,"Some headers were missing; generated column_N names. Delimiter `,`; sampled first 52 rows."
paper-1998-04,The Full Cost Of Intercity Highway Transportation,UPLOADED,/Users/dlev2617/Documents/Code/Agents/github-packages/UPLOADED/paper-1998-04-the-full-cost-of-intercity-highway-transportation,data/highway_full_cost_model/csv_exports/hwy92_original/master.csv,,CAPTOTTOT,,mixed_numeric_text,51,470232 | 242000 | 480799 | 362332 | 2135323,,,csv,medium,"Some headers were missing; generated column_N names. Delimiter `,`; sampled first 52 rows."
paper-1998-04,The Full Cost Of Intercity Highway Transportation,UPLOADED,/Users/dlev2617/Documents/Code/Agents/github-packages/UPLOADED/paper-1998-04-the-full-cost-of-intercity-highway-transportation,data/highway_full_cost_model/csv_exports/hwy92_original/master.csv,,MNTTOTINT,,mixed_numeric_text,51,14420 | 5113 | NA | 8541 | 96822,,,csv,medium,"Some headers were missing; generated column_N names. Delimiter `,`; sampled first 52 rows."
paper-1998-04,The Full Cost Of Intercity Highway Transportation,UPLOADED,/Users/dlev2617/Documents/Code/Agents/github-packages/UPLOADED/paper-1998-04-the-full-cost-of-intercity-highway-transportation,data/highway_full_cost_model/csv_exports/hwy92_original/master.csv,,MNTTOTLOC,,mixed_numeric_text,51,143448 | 28287 | =#REF! | 84871 | 245638,,,csv,medium,"Some headers were missing; generated column_N names. Delimiter `,`; sampled first 52 rows."
paper-1998-04,The Full Cost Of Intercity Highway Transportation,UPLOADED,/Users/dlev2617/Documents/Code/Agents/github-packages/UPLOADED/paper-1998-04-the-full-cost-of-intercity-highway-transportation,data/highway_full_cost_model/csv_exports/hwy92_original/master.csv,,MNTTOTTOT,,mixed_numeric_text,51,157868 | 33400 | 68839 | 93412 | 342460,,,csv,medium,"Some headers were missing; generated column_N names. Delimiter `,`; sampled first 52 rows."
paper-1998-04,The Full Cost Of Intercity Highway Transportation,UPLOADED,/Users/dlev2617/Documents/Code/Agents/github-packages/UPLOADED/paper-1998-04-the-full-cost-of-intercity-highway-transportation,data/highway_full_cost_model/csv_exports/hwy92_original/master.csv,,MILRURINT,,numeric,51,602 | 1003 | 987 | 412 | 1356,0,2203,csv,medium,"Some headers were missing; generated column_N names. Delimiter `,`; sampled first 52 rows."
paper-1998-04,The Full Cost Of Intercity Highway Transportation,UPLOADED,/Users/dlev2617/Documents/Code/Agents/github-packages/UPLOADED/paper-1998-04-the-full-cost-of-intercity-highway-transportation,data/highway_full_cost_model/csv_exports/hwy92_original/master.csv,,MILRURLOC,,text,51,=+AG2-AE2 | =+AG3-AE3 | =+AG4-AE4 | =+AG5-AE5 | =+AG6-AE6,,,csv,medium,"Some headers were missing; generated column_N names. Delimiter `,`; sampled first 52 rows."
paper-1998-04,The Full Cost Of Intercity Highway Transportation,UPLOADED,/Users/dlev2617/Documents/Code/Agents/github-packages/UPLOADED/paper-1998-04-the-full-cost-of-intercity-highway-transportation,data/highway_full_cost_model/csv_exports/hwy92_original/master.csv,,MILRURTOT,,numeric,51,72828 | 12107 | 39423 | 69597 | 88140,0,215010,csv,medium,"Some headers were missing; generated column_N names. Delimiter `,`; sampled first 52 rows."
paper-1998-04,The Full Cost Of Intercity Highway Transportation,UPLOADED,/Users/dlev2617/Documents/Code/Agents/github-packages/UPLOADED/paper-1998-04-the-full-cost-of-intercity-highway-transportation,data/highway_full_cost_model/csv_exports/hwy92_original/master.csv,,MILURBINT,,numeric,51,297 | 54 | 202 | 131 | 1067,14,1067,csv,medium,"Some headers were missing; generated column_N names. Delimiter `,`; sampled first 52 rows."
paper-1998-04,The Full Cost Of Intercity Highway Transportation,UPLOADED,/Users/dlev2617/Documents/Code/Agents/github-packages/UPLOADED/paper-1998-04-the-full-cost-of-intercity-highway-transportation,data/highway_full_cost_model/csv_exports/hwy92_original/master.csv,,MILURBFWY,,numeric,51,21 | 0 | 70 | 94 | 1393,0,1393,csv,medium,"Some headers were missing; generated column_N names. Delimiter `,`; sampled first 52 rows."
paper-1998-04,The Full Cost Of Intercity Highway Transportation,UPLOADED,/Users/dlev2617/Documents/Code/Agents/github-packages/UPLOADED/paper-1998-04-the-full-cost-of-intercity-highway-transportation,data/highway_full_cost_model/csv_exports/hwy92_original/master.csv,,MILURBLOC,,text,51,=+AK2-AH2-AI2 | =+AK3-AH3-AI3 | =+AK4-AH4-AI4 | =+AK5-AH5-AI5 | =+AK6-AH6-AI6,,,csv,medium,"Some headers were missing; generated column_N names. Delimiter `,`; sampled first 52 rows."
paper-1998-04,The Full Cost Of Intercity Highway Transportation,UPLOADED,/Users/dlev2617/Documents/Code/Agents/github-packages/UPLOADED/paper-1998-04-the-full-cost-of-intercity-highway-transportation,data/highway_full_cost_model/csv_exports/hwy92_original/master.csv,,MILURBTOT,,numeric,51,19381 | 1742 | 16340 | 7595 | 81061,1107,81061,csv,medium,"Some headers were missing; generated column_N names. Delimiter `,`; sampled first 52 rows."
paper-1998-04,The Full Cost Of Intercity Highway Transportation,UPLOADED,/Users/dlev2617/Documents/Code/Agents/github-packages/UPLOADED/paper-1998-04-the-full-cost-of-intercity-highway-transportation,data/highway_full_cost_model/csv_exports/hwy92_original/master.csv,,MILTOTTOT,,text,51,=AG2+AK2 | =AG3+AK3 | =AG4+AK4 | =AG5+AK5 | =AG6+AK6,,,csv,medium,"Some headers were missing; generated column_N names. Delimiter `,`; sampled first 52 rows."
paper-1998-04,The Full Cost Of Intercity Highway Transportation,UPLOADED,/Users/dlev2617/Documents/Code/Agents/github-packages/UPLOADED/paper-1998-04-the-full-cost-of-intercity-highway-transportation,data/highway_full_cost_model/csv_exports/hwy92_original/master.csv,,URBMIL+4,,numeric,51,43 | 10 | 54 | 45 | 940,0,940,csv,medium,"Some headers were missing; generated column_N names. Delimiter `,`; sampled first 52 rows."
paper-1998-04,The Full Cost Of Intercity Highway Transportation,UPLOADED,/Users/dlev2617/Documents/Code/Agents/github-packages/UPLOADED/paper-1998-04-the-full-cost-of-intercity-highway-transportation,data/highway_full_cost_model/csv_exports/hwy92_original/master.csv,,URBMIL-4,,numeric,51,254 | 44 | 148 | 86 | 127,4,514,csv,medium,"Some headers were missing; generated column_N names. Delimiter `,`; sampled first 52 rows."
paper-1998-04,The Full Cost Of Intercity Highway Transportation,UPLOADED,/Users/dlev2617/Documents/Code/Agents/github-packages/UPLOADED/paper-1998-04-the-full-cost-of-intercity-highway-transportation,data/highway_full_cost_model/csv_exports/hwy92_original/master.csv,,RURMIL+4,,numeric,51,0 | 3 | 286 | 21 | 22,0,286,csv,medium,"Some headers were missing; generated column_N names. Delimiter `,`; sampled first 52 rows."
paper-1998-04,The Full Cost Of Intercity Highway Transportation,UPLOADED,/Users/dlev2617/Documents/Code/Agents/github-packages/UPLOADED/paper-1998-04-the-full-cost-of-intercity-highway-transportation,data/highway_full_cost_model/csv_exports/hwy92_original/master.csv,,RURMIL-4,,numeric,51,602 | 1003 | 987 | 409 | 1070,0,2158,csv,medium,"Some headers were missing; generated column_N names. Delimiter `,`; sampled first 52 rows."
paper-1998-04,The Full Cost Of Intercity Highway Transportation,UPLOADED,/Users/dlev2617/Documents/Code/Agents/github-packages/UPLOADED/paper-1998-04-the-full-cost-of-intercity-highway-transportation,data/highway_full_cost_model/csv_exports/hwy92_original/master.csv,,RURPASSVEH,,numeric,51,56 | 57.9 | 57.7 | 56.5 | 69.3,41.2,100,csv,medium,"Some headers were missing; generated column_N names. Delimiter `,`; sampled first 52 rows."
paper-1998-04,The Full Cost Of Intercity Highway Transportation,UPLOADED,/Users/dlev2617/Documents/Code/Agents/github-packages/UPLOADED/paper-1998-04-the-full-cost-of-intercity-highway-transportation,data/highway_full_cost_model/csv_exports/hwy92_original/master.csv,,RURTRUSING,,numeric,51,16.9 | 39.7 | 26 | 13.4 | 17.2,0,39.7,csv,medium,"Some headers were missing; generated column_N names. Delimiter `,`; sampled first 52 rows."
paper-1998-04,The Full Cost Of Intercity Highway Transportation,UPLOADED,/Users/dlev2617/Documents/Code/Agents/github-packages/UPLOADED/paper-1998-04-the-full-cost-of-intercity-highway-transportation,data/highway_full_cost_model/csv_exports/hwy92_original/master.csv,,RURTRUCOM,,numeric,51,27.1 | 2.4 | 16.3 | 30.1 | 13.5,0,34.4,csv,medium,"Some headers were missing; generated column_N names. Delimiter `,`; sampled first 52 rows."
paper-1998-04,The Full Cost Of Intercity Highway Transportation,UPLOADED,/Users/dlev2617/Documents/Code/Agents/github-packages/UPLOADED/paper-1998-04-the-full-cost-of-intercity-highway-transportation,data/highway_full_cost_model/csv_exports/hwy92_original/master.csv,,URBPASSVEH,,numeric,51,72.7 | 85.1 | 58.7 | 68.8 | 86.2,55.1,811,csv,medium,"Some headers were missing; generated column_N names. Delimiter `,`; sampled first 52 rows."
paper-1998-04,The Full Cost Of Intercity Highway Transportation,UPLOADED,/Users/dlev2617/Documents/Code/Agents/github-packages/UPLOADED/paper-1998-04-the-full-cost-of-intercity-highway-transportation,data/highway_full_cost_model/csv_exports/hwy92_original/master.csv,,URBTRUSING,,numeric,51,14.3 | 14.2 | 33.2 | 14.8 | 11,2.6,34.7,csv,medium,"Some headers were missing; generated column_N names. Delimiter `,`; sampled first 52 rows."
paper-1998-04,The Full Cost Of Intercity Highway Transportation,UPLOADED,/Users/dlev2617/Documents/Code/Agents/github-packages/UPLOADED/paper-1998-04-the-full-cost-of-intercity-highway-transportation,data/highway_full_cost_model/csv_exports/hwy92_original/master.csv,,URBTRUCOMB,,numeric,51,13 | 0.700000000000006 | 8.09999999999999 | 16.4 | 2.8,0.3,19.3,csv,medium,"Some headers were missing; generated column_N names. Delimiter `,`; sampled first 52 rows."
paper-1998-04,The Full Cost Of Intercity Highway Transportation,UPLOADED,/Users/dlev2617/Documents/Code/Agents/github-packages/UPLOADED/paper-1998-04-the-full-cost-of-intercity-highway-transportation,data/highway_full_cost_model/csv_exports/hwy92_original/master.csv,,ALASKA,,boolean_or_indicator,51,0 | 1,,,csv,medium,"Some headers were missing; generated column_N names. Delimiter `,`; sampled first 52 rows."
paper-1998-04,The Full Cost Of Intercity Highway Transportation,UPLOADED,/Users/dlev2617/Documents/Code/Agents/github-packages/UPLOADED/paper-1998-04-the-full-cost-of-intercity-highway-transportation,data/highway_full_cost_model/csv_exports/hwy92_original/master.csv,,NEWYORK,,boolean_or_indicator,51,0 | 1,,,csv,medium,"Some headers were missing; generated column_N names. Delimiter `,`; sampled first 52 rows."
paper-1998-04,The Full Cost Of Intercity Highway Transportation,UPLOADED,/Users/dlev2617/Documents/Code/Agents/github-packages/UPLOADED/paper-1998-04-the-full-cost-of-intercity-highway-transportation,data/highway_full_cost_model/csv_exports/hwy92_original/master.csv,,CALIFORNIA,,boolean_or_indicator,51,0 | 1,,,csv,medium,"Some headers were missing; generated column_N names. Delimiter `,`; sampled first 52 rows."
paper-1998-04,The Full Cost Of Intercity Highway Transportation,UPLOADED,/Users/dlev2617/Documents/Code/Agents/github-packages/UPLOADED/paper-1998-04-the-full-cost-of-intercity-highway-transportation,data/highway_full_cost_model/csv_exports/hwy92_original/master.csv,,SOUTHEAST,,boolean_or_indicator,51,1 | 0,,,csv,medium,"Some headers were missing; generated column_N names. Delimiter `,`; sampled first 52 rows."
paper-1998-04,The Full Cost Of Intercity Highway Transportation,UPLOADED,/Users/dlev2617/Documents/Code/Agents/github-packages/UPLOADED/paper-1998-04-the-full-cost-of-intercity-highway-transportation,data/highway_full_cost_model/csv_exports/hwy92_original/master.csv,,MIDWEST,,boolean_or_indicator,51,0 | 1,,,csv,medium,"Some headers were missing; generated column_N names. Delimiter `,`; sampled first 52 rows."
paper-1998-04,The Full Cost Of Intercity Highway Transportation,UPLOADED,/Users/dlev2617/Documents/Code/Agents/github-packages/UPLOADED/paper-1998-04-the-full-cost-of-intercity-highway-transportation,data/highway_full_cost_model/csv_exports/hwy92_original/master.csv,,NORTHEAST,,boolean_or_indicator,51,0 | 1,,,csv,medium,"Some headers were missing; generated column_N names. Delimiter `,`; sampled first 52 rows."
paper-1998-04,The Full Cost Of Intercity Highway Transportation,UPLOADED,/Users/dlev2617/Documents/Code/Agents/github-packages/UPLOADED/paper-1998-04-the-full-cost-of-intercity-highway-transportation,data/highway_full_cost_model/csv_exports/hwy92_original/master.csv,,VMTRURINT,,numeric,51,4442 | 677 | 5110 | 3140 | 14322,0,14322,csv,medium,"Some headers were missing; generated column_N names. Delimiter `,`; sampled first 52 rows."
paper-1998-04,The Full Cost Of Intercity Highway Transportation,UPLOADED,/Users/dlev2617/Documents/Code/Agents/github-packages/UPLOADED/paper-1998-04-the-full-cost-of-intercity-highway-transportation,data/highway_full_cost_model/csv_exports/hwy92_original/master.csv,,VMTRURLOC,,numeric,51,18361 | 1328 | 8678 | 11908 | 37875,0,44556,csv,medium,"Some headers were missing; generated column_N names. Delimiter `,`; sampled first 52 rows."
paper-1998-04,The Full Cost Of Intercity Highway Transportation,UPLOADED,/Users/dlev2617/Documents/Code/Agents/github-packages/UPLOADED/paper-1998-04-the-full-cost-of-intercity-highway-transportation,data/highway_full_cost_model/csv_exports/hwy92_original/master.csv,,VMTRURTOT,,numeric,51,22803 | 2005 | 13788 | 15048 | 52197,0,57168,csv,medium,"Some headers were missing; generated column_N names. Delimiter `,`; sampled first 52 rows."
paper-1998-04,The Full Cost Of Intercity Highway Transportation,UPLOADED,/Users/dlev2617/Documents/Code/Agents/github-packages/UPLOADED/paper-1998-04-the-full-cost-of-intercity-highway-transportation,data/highway_full_cost_model/csv_exports/hwy92_original/master.csv,,VMTURBINT,,numeric,51,4208 | 450 | 3003 | 1758 | 52566,184,52566,csv,medium,"Some headers were missing; generated column_N names. Delimiter `,`; sampled first 52 rows."
paper-1998-04,The Full Cost Of Intercity Highway Transportation,UPLOADED,/Users/dlev2617/Documents/Code/Agents/github-packages/UPLOADED/paper-1998-04-the-full-cost-of-intercity-highway-transportation,data/highway_full_cost_model/csv_exports/hwy92_original/master.csv,,VMTURBFWY,,numeric,51,326 | 0 | 1344 | 717 | 42332,0,42332,csv,medium,"Some headers were missing; generated column_N names. Delimiter `,`; sampled first 52 rows."
paper-1998-04,The Full Cost Of Intercity Highway Transportation,UPLOADED,/Users/dlev2617/Documents/Code/Agents/github-packages/UPLOADED/paper-1998-04-the-full-cost-of-intercity-highway-transportation,data/highway_full_cost_model/csv_exports/hwy92_original/master.csv,,VMTURBLOC,,numeric,51,18425 | 1386 | 16912 | 5558 | 115453,1294,115453,csv,medium,"Some headers were missing; generated column_N names. Delimiter `,`; sampled first 52 rows."
paper-1998-04,The Full Cost Of Intercity Highway Transportation,UPLOADED,/Users/dlev2617/Documents/Code/Agents/github-packages/UPLOADED/paper-1998-04-the-full-cost-of-intercity-highway-transportation,data/highway_full_cost_model/csv_exports/hwy92_original/master.csv,,VMTURBTOT,,numeric,51,22959 | 1836 | 21259 | 8033 | 210351,1540,210351,csv,medium,"Some headers were missing; generated column_N names. Delimiter `,`; sampled first 52 rows."
paper-1998-04,The Full Cost Of Intercity Highway Transportation,UPLOADED,/Users/dlev2617/Documents/Code/Agents/github-packages/UPLOADED/paper-1998-04-the-full-cost-of-intercity-highway-transportation,data/highway_full_cost_model/csv_exports/hwy92_original/master.csv,,CSTADMHWY,,numeric,51,372518 | 213000 | 488274 | 325826 | 2089004,0,2089004,csv,medium,"Some headers were missing; generated column_N names. Delimiter `,`; sampled first 52 rows."
paper-1998-04,The Full Cost Of Intercity Highway Transportation,UPLOADED,/Users/dlev2617/Documents/Code/Agents/github-packages/UPLOADED/paper-1998-04-the-full-cost-of-intercity-highway-transportation,data/highway_full_cost_model/csv_exports/hwy92_original/master.csv,,CLOCADMRD,,numeric,51,42839 | 60888 | 205236 | 72239 | 1700434,3375,1700434,csv,medium,"Some headers were missing; generated column_N names. Delimiter `,`; sampled first 52 rows."
paper-1998-04,The Full Cost Of Intercity Highway Transportation,UPLOADED,/Users/dlev2617/Documents/Code/Agents/github-packages/UPLOADED/paper-1998-04-the-full-cost-of-intercity-highway-transportation,data/highway_full_cost_model/csv_exports/hwy92_original/master.csv,,CFEDROAD,,numeric,51,974 | 4942 | 19046 | 868 | 15983,0,34598,csv,medium,"Some headers were missing; generated column_N names. Delimiter `,`; sampled first 52 rows."
paper-1998-04,The Full Cost Of Intercity Highway Transportation,UPLOADED,/Users/dlev2617/Documents/Code/Agents/github-packages/UPLOADED/paper-1998-04-the-full-cost-of-intercity-highway-transportation,data/highway_full_cost_model/csv_exports/hwy92_original/master.csv,,CTOTAL,,numeric,51,416331 | 278830 | 712556 | 398933 | 3805421,106218,3805421,csv,medium,"Some headers were missing; generated column_N names. Delimiter `,`; sampled first 52 rows."
paper-1998-04,The Full Cost Of Intercity Highway Transportation,UPLOADED,/Users/dlev2617/Documents/Code/Agents/github-packages/UPLOADED/paper-1998-04-the-full-cost-of-intercity-highway-transportation,data/highway_full_cost_model/csv_exports/hwy92_original/master.csv,,MSTADMHWY,,numeric,51,134450 | 121900 | 68907 | 113232 | 511977,0,764351,csv,medium,"Some headers were missing; generated column_N names. Delimiter `,`; sampled first 52 rows."
paper-1998-04,The Full Cost Of Intercity Highway Transportation,UPLOADED,/Users/dlev2617/Documents/Code/Agents/github-packages/UPLOADED/paper-1998-04-the-full-cost-of-intercity-highway-transportation,data/highway_full_cost_model/csv_exports/hwy92_original/master.csv,,MLOCADMRD,,numeric,51,299897 | 34166 | 84516 | 130379 | 1474922,8148,1839465,csv,medium,"Some headers were missing; generated column_N names. Delimiter `,`; sampled first 52 rows."
paper-1998-04,The Full Cost Of Intercity Highway Transportation,UPLOADED,/Users/dlev2617/Documents/Code/Agents/github-packages/UPLOADED/paper-1998-04-the-full-cost-of-intercity-highway-transportation,data/highway_full_cost_model/csv_exports/hwy92_original/master.csv,,MREDROAD,,numeric,51,14 | 831 | 10641 | 310 | 1685,0,10641,csv,medium,"Some headers were missing; generated column_N names. Delimiter `,`; sampled first 52 rows."
paper-1998-04,The Full Cost Of Intercity Highway Transportation,UPLOADED,/Users/dlev2617/Documents/Code/Agents/github-packages/UPLOADED/paper-1998-04-the-full-cost-of-intercity-highway-transportation,data/highway_full_cost_model/csv_exports/hwy92_original/master.csv,,MTOTAL,,numeric,51,434361 | 156897 | 164064 | 243921 | 1988584,28536,2446441,csv,medium,"Some headers were missing; generated column_N names. Delimiter `,`; sampled first 52 rows."
paper-1998-04,The Full Cost Of Intercity Highway Transportation,UPLOADED,/Users/dlev2617/Documents/Code/Agents/github-packages/UPLOADED/paper-1998-04-the-full-cost-of-intercity-highway-transportation,data/highway_full_cost_model/csv_exports/hwy92_original/master.csv,,ADM_MISC,,numeric,51,72558 | 30088 | 70527 | 42524 | 1046908,9798,1046908,csv,medium,"Some headers were missing; generated column_N names. Delimiter `,`; sampled first 52 rows."
paper-1998-04,The Full Cost Of Intercity Highway Transportation,UPLOADED,/Users/dlev2617/Documents/Code/Agents/github-packages/UPLOADED/paper-1998-04-the-full-cost-of-intercity-highway-transportation,data/highway_full_cost_model/csv_exports/hwy92_original/master.csv,,LAW_SAFETY,,numeric,51,57359 | 40116 | 78446 | 45163 | 1182559,0,1182559,csv,medium,"Some headers were missing; generated column_N names. Delimiter `,`; sampled first 52 rows."
paper-1998-04,The Full Cost Of Intercity Highway Transportation,UPLOADED,/Users/dlev2617/Documents/Code/Agents/github-packages/UPLOADED/paper-1998-04-the-full-cost-of-intercity-highway-transportation,data/highway_full_cost_model/csv_exports/hwy92_original/master.csv,,INTEREST,,numeric,51,11128 | 13411 | 154305 | 661 | 58263,0,586457,csv,medium,"Some headers were missing; generated column_N names. Delimiter `,`; sampled first 52 rows."
paper-1998-04,The Full Cost Of Intercity Highway Transportation,UPLOADED,/Users/dlev2617/Documents/Code/Agents/github-packages/UPLOADED/paper-1998-04-the-full-cost-of-intercity-highway-transportation,data/highway_full_cost_model/csv_exports/hwy92_original/master.csv,,BONDRETIRE,,numeric,51,20436 | 21623 | 359239 | 449 | 35336,0,409463,csv,medium,"Some headers were missing; generated column_N names. Delimiter `,`; sampled first 52 rows."
paper-1998-04,The Full Cost Of Intercity Highway Transportation,UPLOADED,/Users/dlev2617/Documents/Code/Agents/github-packages/UPLOADED/paper-1998-04-the-full-cost-of-intercity-highway-transportation,data/highway_full_cost_model/csv_exports/hwy92_original/master.csv,,TOTALDISB,,numeric,51,1012173 | 540965 | 1539137 | 731651 | 8117071,253490,8117071,csv,medium,"Some headers were missing; generated column_N names. Delimiter `,`; sampled first 52 rows."
paper-1998-04,The Full Cost Of Intercity Highway Transportation,UPLOADED,/Users/dlev2617/Documents/Code/Agents/github-packages/UPLOADED/paper-1998-04-the-full-cost-of-intercity-highway-transportation,data/highway_full_cost_model/csv_exports/hwy92_original/master.csv,,PGOVSAL93,,numeric,51,25028 | 37943 | 24995 | 22793 | 33080,20777,43855,csv,medium,"Some headers were missing; generated column_N names. Delimiter `,`; sampled first 52 rows."
paper-1998-04,The Full Cost Of Intercity Highway Transportation,UPLOADED,/Users/dlev2617/Documents/Code/Agents/github-packages/UPLOADED/paper-1998-04-the-full-cost-of-intercity-highway-transportation,data/highway_full_cost_model/csv_exports/hwy92_original/master.csv,,PGOVSAL94,,numeric,51,26376 | 38889 | 25906 | 23336 | 33795,21643,46872,csv,medium,"Some headers were missing; generated column_N names. Delimiter `,`; sampled first 52 rows."
paper-1998-04,The Full Cost Of Intercity Highway Transportation,UPLOADED,/Users/dlev2617/Documents/Code/Agents/github-packages/UPLOADED/paper-1998-04-the-full-cost-of-intercity-highway-transportation,data/highway_full_cost_model/csv_exports/hwy92_original/master.csv,,PBITCONC93,,numeric,51,25.49 | 31.89 | 22.42 | 26.28 | 28.79,2.08,65.14,csv,medium,"Some headers were missing; generated column_N names. Delimiter `,`; sampled first 52 rows."
paper-1998-04,The Full Cost Of Intercity Highway Transportation,UPLOADED,/Users/dlev2617/Documents/Code/Agents/github-packages/UPLOADED/paper-1998-04-the-full-cost-of-intercity-highway-transportation,data/highway_full_cost_model/csv_exports/hwy92_original/master.csv,,PEXCAV93,,numeric,51,1.6 | 1.89 | 5.21 | 1.31 | 3.15,1.02,18.58,csv,medium,"Some headers were missing; generated column_N names. Delimiter `,`; sampled first 52 rows."
paper-1998-04,The Full Cost Of Intercity Highway Transportation,UPLOADED,/Users/dlev2617/Documents/Code/Agents/github-packages/UPLOADED/paper-1998-04-the-full-cost-of-intercity-highway-transportation,data/highway_full_cost_model/csv_exports/hwy92_original/master.csv,,PREINFSTL93,,numeric,51,0.419 | 0.464 | 0.354 | 0.544 | 0.414,0.322,0.811,csv,medium,"Some headers were missing; generated column_N names. Delimiter `,`; sampled first 52 rows."
paper-1998-04,The Full Cost Of Intercity Highway Transportation,UPLOADED,/Users/dlev2617/Documents/Code/Agents/github-packages/UPLOADED/paper-1998-04-the-full-cost-of-intercity-highway-transportation,data/highway_full_cost_model/csv_exports/hwy92_original/master.csv,,PSTRUCTSTL93,,numeric,51,0.862 | 1.161 | 1.62 | 0.674 | 1.07,0.47,2.241,csv,medium,"Some headers were missing; generated column_N names. Delimiter `,`; sampled first 52 rows."
paper-1998-04,The Full Cost Of Intercity Highway Transportation,UPLOADED,/Users/dlev2617/Documents/Code/Agents/github-packages/UPLOADED/paper-1998-04-the-full-cost-of-intercity-highway-transportation,data/highway_full_cost_model/csv_exports/hwy92_original/master.csv,,PSTRUCCON93,,numeric,51,217.9 | 855.03 | 206.73 | 259.97 | 256.86,93.8,855.03,csv,medium,"Some headers were missing; generated column_N names. Delimiter `,`; sampled first 52 rows."
paper-1998-04,The Full Cost Of Intercity Highway Transportation,UPLOADED,/Users/dlev2617/Documents/Code/Agents/github-packages/UPLOADED/paper-1998-04-the-full-cost-of-intercity-highway-transportation,data/highway_full_cost_model/csv_exports/hwy92_original/master.csv,,POP90(THSD),,numeric,51,4089 | 570 | 3750 | 2372 | 30380,460,30380,csv,medium,"Some headers were missing; generated column_N names. Delimiter `,`; sampled first 52 rows."
paper-1998-04,The Full Cost Of Intercity Highway Transportation,UPLOADED,/Users/dlev2617/Documents/Code/Agents/github-packages/UPLOADED/paper-1998-04-the-full-cost-of-intercity-highway-transportation,data/highway_full_cost_model/csv_exports/hwy92_original/master.csv,,SQMILES,,numeric,51,52423 | 591004 | 114006 | 53182 | 163707,67,591004,csv,medium,"Some headers were missing; generated column_N names. Delimiter `,`; sampled first 52 rows."
paper-1998-04,The Full Cost Of Intercity Highway Transportation,UPLOADED,/Users/dlev2617/Documents/Code/Agents/github-packages/UPLOADED/paper-1998-04-the-full-cost-of-intercity-highway-transportation,data/highway_full_cost_model/csv_exports/hwy92_original/master.csv,,POPDENS=LAND,,numeric,51,78.0001144535795 | 0.964460477424857 | 32.8930056312826 | 44.6015569177541 | 185.575448820148,0.964460477425,8925.37313433,csv,medium,"Some headers were missing; generated column_N names. Delimiter `,`; sampled first 52 rows."
paper-1998-04,The Full Cost Of Intercity Highway Transportation,UPLOADED,/Users/dlev2617/Documents/Code/Agents/github-packages/UPLOADED/paper-1998-04-the-full-cost-of-intercity-highway-transportation,data/highway_full_cost_model/csv_exports/hwy92_original/master.csv,,BONDRATE (Moody's),,text,51,AA | X | A1 | AA1 | AAA,,,csv,medium,"Some headers were missing; generated column_N names. Delimiter `,`; sampled first 52 rows."
paper-1998-04,The Full Cost Of Intercity Highway Transportation,UPLOADED,/Users/dlev2617/Documents/Code/Agents/github-packages/UPLOADED/paper-1998-04-the-full-cost-of-intercity-highway-transportation,data/highway_full_cost_model/csv_exports/hwy92_original/miles.csv,,STATE,,text,53,Alabama | Alaska | Arizona | Arkansas | California,,,csv,medium,"Some headers were missing; generated column_N names. Delimiter `,`; sampled first 57 rows."
paper-1998-04,The Full Cost Of Intercity Highway Transportation,UPLOADED,/Users/dlev2617/Documents/Code/Agents/github-packages/UPLOADED/paper-1998-04-the-full-cost-of-intercity-highway-transportation,data/highway_full_cost_model/csv_exports/hwy92_original/miles.csv,,PUBLIC ROAD AND STREET MILES (HM-20) p. V14,,mixed_numeric_text,55,RURAL | INTERSTATE | MILRURINT | 602 | 1003,,,csv,medium,"Some headers were missing; generated column_N names. Delimiter `,`; sampled first 57 rows."
paper-1998-04,The Full Cost Of Intercity Highway Transportation,UPLOADED,/Users/dlev2617/Documents/Code/Agents/github-packages/UPLOADED/paper-1998-04-the-full-cost-of-intercity-highway-transportation,data/highway_full_cost_model/csv_exports/hwy92_original/miles.csv,,column_3,,text,55,RURAL | LOCAL | MILRURLOC | =+D5-B5 | =+D6-B6,,,csv,medium,"Some headers were missing; generated column_N names. Delimiter `,`; sampled first 57 rows."
paper-1998-04,The Full Cost Of Intercity Highway Transportation,UPLOADED,/Users/dlev2617/Documents/Code/Agents/github-packages/UPLOADED/paper-1998-04-the-full-cost-of-intercity-highway-transportation,data/highway_full_cost_model/csv_exports/hwy92_original/miles.csv,,column_4,,mixed_numeric_text,55,RURAL | TOTAL | MILRURTOT | 72828 | 12107,,,csv,medium,"Some headers were missing; generated column_N names. Delimiter `,`; sampled first 57 rows."
paper-1998-04,The Full Cost Of Intercity Highway Transportation,UPLOADED,/Users/dlev2617/Documents/Code/Agents/github-packages/UPLOADED/paper-1998-04-the-full-cost-of-intercity-highway-transportation,data/highway_full_cost_model/csv_exports/hwy92_original/miles.csv,,column_5,,mixed_numeric_text,55,URBAN | INTERSTATE | MILURBINT | 297 | 54,,,csv,medium,"Some headers were missing; generated column_N names. Delimiter `,`; sampled first 57 rows."
paper-1998-04,The Full Cost Of Intercity Highway Transportation,UPLOADED,/Users/dlev2617/Documents/Code/Agents/github-packages/UPLOADED/paper-1998-04-the-full-cost-of-intercity-highway-transportation,data/highway_full_cost_model/csv_exports/hwy92_original/miles.csv,,column_6,,mixed_numeric_text,55,OTHER | FWY&EXPWY | MILURBFWY | 21 | 0,,,csv,medium,"Some headers were missing; generated column_N names. Delimiter `,`; sampled first 57 rows."
paper-1998-04,The Full Cost Of Intercity Highway Transportation,UPLOADED,/Users/dlev2617/Documents/Code/Agents/github-packages/UPLOADED/paper-1998-04-the-full-cost-of-intercity-highway-transportation,data/highway_full_cost_model/csv_exports/hwy92_original/miles.csv,,column_7,,text,55,URBAN | LOCAL | MILURBLOC | =+H5-E5-F5 | =+H6-E6-F6,,,csv,medium,"Some headers were missing; generated column_N names. Delimiter `,`; sampled first 57 rows."
paper-1998-04,The Full Cost Of Intercity Highway Transportation,UPLOADED,/Users/dlev2617/Documents/Code/Agents/github-packages/UPLOADED/paper-1998-04-the-full-cost-of-intercity-highway-transportation,data/highway_full_cost_model/csv_exports/hwy92_original/miles.csv,,column_8,,mixed_numeric_text,55,URBAN | TOTAL | MILURBTOT | 19381 | 1742,,,csv,medium,"Some headers were missing; generated column_N names. Delimiter `,`; sampled first 57 rows."
paper-1998-04,The Full Cost Of Intercity Highway Transportation,UPLOADED,/Users/dlev2617/Documents/Code/Agents/github-packages/UPLOADED/paper-1998-04-the-full-cost-of-intercity-highway-transportation,data/highway_full_cost_model/csv_exports/hwy92_original/miles.csv,,column_9,,text,54,MILTOTTOT | =D5+H5 | =D6+H6 | =D7+H7 | =D8+H8,,,csv,medium,"Some headers were missing; generated column_N names. Delimiter `,`; sampled first 57 rows."
paper-1998-04,The Full Cost Of Intercity Highway Transportation,UPLOADED,/Users/dlev2617/Documents/Code/Agents/github-packages/UPLOADED/paper-1998-04-the-full-cost-of-intercity-highway-transportation,data/highway_full_cost_model/csv_exports/hwy92_original/model.csv,,State,,text,53,Alabama | Alaska | Arizona | Arkansas | California,,,csv,medium,"Some headers were missing; generated column_N names. Delimiter `,`; sampled first 56 rows."
paper-1998-04,The Full Cost Of Intercity Highway Transportation,UPLOADED,/Users/dlev2617/Documents/Code/Agents/github-packages/UPLOADED/paper-1998-04-the-full-cost-of-intercity-highway-transportation,data/highway_full_cost_model/csv_exports/hwy92_original/model.csv,,LRMC-Auto ($/mi),,text,53,=79221*($R2^1.83)*($S2^0.786)*($T2^0.00492)*0.439*($U2^-0.561)*($V2^0.225)*($W2^0.179)/1000 | =79221*($R3^1.83)*($S3^0.786)*($T3^0.00492)*0.439*($U3^-0.561)*($V3^0.225)*($W3^0.179)/1000 | =79221*($R4^1.83)*($S4^0.786)*($T4^0.00492)*0.439*($U4^-0.561)*($V4^0.225)*($W4^0.179)/1000 | =79221*($R5^1.83)*($S5^0.786)*($T5^0.00492)*0.439*($U5^-0.561)*($V5^0.225)*($W5^0.179)/1000 | =79221*($R6^1.83)*($S6^0.786)*($T6^0.00492)*0.439*($U6^-0.561)*($V6^0.225)*($W6^0.179)/1000,,,csv,medium,"Some headers were missing; generated column_N names. Delimiter `,`; sampled first 56 rows."
paper-1998-04,The Full Cost Of Intercity Highway Transportation,UPLOADED,/Users/dlev2617/Documents/Code/Agents/github-packages/UPLOADED/paper-1998-04-the-full-cost-of-intercity-highway-transportation,data/highway_full_cost_model/csv_exports/hwy92_original/model.csv,,LRMC-Comb,,text,53,=79221*($R2^1.83)*($S2^0.786)*($T2^0.00492)*($U2^0.439)*0.225*($V2^-0.775)*($W2^0.179)/1000 | =79221*($R3^1.83)*($S3^0.786)*($T3^0.00492)*($U3^0.439)*0.225*($V3^-0.775)*($W3^0.179)/1000 | =79221*($R4^1.83)*($S4^0.786)*($T4^0.00492)*($U4^0.439)*0.225*($V4^-0.775)*($W4^0.179)/1000 | =79221*($R5^1.83)*($S5^0.786)*($T5^0.00492)*($U5^0.439)*0.225*($V5^-0.775)*($W5^0.179)/1000 | =79221*($R6^1.83)*($S6^0.786)*($T6^0.00492)*($U6^0.439)*0.225*($V6^-0.775)*($W6^0.179)/1000,,,csv,medium,"Some headers were missing; generated column_N names. Delimiter `,`; sampled first 56 rows."
paper-1998-04,The Full Cost Of Intercity Highway Transportation,UPLOADED,/Users/dlev2617/Documents/Code/Agents/github-packages/UPLOADED/paper-1998-04-the-full-cost-of-intercity-highway-transportation,data/highway_full_cost_model/csv_exports/hwy92_original/model.csv,,LRMC-Sing,,text,53,=79221*($R2^1.83)*($S2^0.786)*($T2^0.00492)*($U2^0.439)*($V2^0.225)*0.179*($W2^-0.821)/1000 | =79221*($R3^1.83)*($S3^0.786)*($T3^0.00492)*($U3^0.439)*($V3^0.225)*0.179*($W3^-0.821)/1000 | =79221*($R4^1.83)*($S4^0.786)*($T4^0.00492)*($U4^0.439)*($V4^0.225)*0.179*($W4^-0.821)/1000 | =79221*($R5^1.83)*($S5^0.786)*($T5^0.00492)*($U5^0.439)*($V5^0.225)*0.179*($W5^-0.821)/1000 | =79221*($R6^1.83)*($S6^0.786)*($T6^0.00492)*($U6^0.439)*($V6^0.225)*0.179*($W6^-0.821)/1000,,,csv,medium,"Some headers were missing; generated column_N names. Delimiter `,`; sampled first 56 rows."
paper-1998-04,The Full Cost Of Intercity Highway Transportation,UPLOADED,/Users/dlev2617/Documents/Code/Agents/github-packages/UPLOADED/paper-1998-04-the-full-cost-of-intercity-highway-transportation,data/highway_full_cost_model/csv_exports/hwy92_original/model.csv,,LRMC-Truck,,text,53,=(C2*V2+D2*W2)/(V2+W2) | =+(C3*V3+D3*W3)/(V3+W3) | =+(C4*V4+D4*W4)/(V4+W4) | =+(C5*V5+D5*W5)/(V5+W5) | =+(C6*V6+D6*W6)/(V6+W6),,,csv,medium,"Some headers were missing; generated column_N names. Delimiter `,`; sampled first 56 rows."
paper-1998-04,The Full Cost Of Intercity Highway Transportation,UPLOADED,/Users/dlev2617/Documents/Code/Agents/github-packages/UPLOADED/paper-1998-04-the-full-cost-of-intercity-highway-transportation,data/highway_full_cost_model/csv_exports/hwy92_original/model.csv,,column_6,,empty,0,,,,csv,medium,"Some headers were missing; generated column_N names. Delimiter `,`; sampled first 56 rows."
paper-1998-04,The Full Cost Of Intercity Highway Transportation,UPLOADED,/Users/dlev2617/Documents/Code/Agents/github-packages/UPLOADED/paper-1998-04-the-full-cost-of-intercity-highway-transportation,data/highway_full_cost_model/csv_exports/hwy92_original/model.csv,,State_2,,text,53,Alabama | Alaska | Arizona | Arkansas | California,,,csv,medium,"Some headers were missing; generated column_N names. Delimiter `,`; sampled first 56 rows."
paper-1998-04,The Full Cost Of Intercity Highway Transportation,UPLOADED,/Users/dlev2617/Documents/Code/Agents/github-packages/UPLOADED/paper-1998-04-the-full-cost-of-intercity-highway-transportation,data/highway_full_cost_model/csv_exports/hwy92_original/model.csv,,SRMC-Auto,,text,52,=73.99*($P2^0.126)*($Q2^-0.326)*($R2^0.473)*($S2^0.605)*($T2^-0.0271)*0.685*($U2^-0.315)*($V2^0.00271)*($W2^0.193)/1000 | =73.99*($P3^0.126)*($Q3^-0.326)*($R3^0.473)*($S3^0.605)*($T3^-0.0271)*0.685*($U3^-0.315)*($V3^0.00271)*($W3^0.193)/1000 | =73.99*($P4^0.126)*($Q4^-0.326)*($R4^0.473)*($S4^0.605)*($T4^-0.0271)*0.685*($U4^-0.315)*($V4^0.00271)*($W4^0.193)/1000 | =73.99*($P5^0.126)*($Q5^-0.326)*($R5^0.473)*($S5^0.605)*($T5^-0.0271)*0.685*($U5^-0.315)*($V5^0.00271)*($W5^0.193)/1000 | =73.99*($P6^0.126)*($Q6^-0.326)*($R6^0.473)*($S6^0.605)*($T6^-0.0271)*0.685*($U6^-0.315)*($V6^0.00271)*($W6^0.193)/1000,,,csv,medium,"Some headers were missing; generated column_N names. Delimiter `,`; sampled first 56 rows."
paper-1998-04,The Full Cost Of Intercity Highway Transportation,UPLOADED,/Users/dlev2617/Documents/Code/Agents/github-packages/UPLOADED/paper-1998-04-the-full-cost-of-intercity-highway-transportation,data/highway_full_cost_model/csv_exports/hwy92_original/model.csv,,SRMC-Comb,,text,52,=73.99*($P2^0.126)*($Q2^-0.326)*($R2^0.473)*($S2^0.605)*($T2^-0.0271)*($U2^0.685)*0.00271*($V2^-0.997)*($W2^0.193)/1000 | =73.99*($P3^0.126)*($Q3^-0.326)*($R3^0.473)*($S3^0.605)*($T3^-0.0271)*($U3^0.685)*0.00271*($V3^-0.997)*($W3^0.193)/1000 | =73.99*($P4^0.126)*($Q4^-0.326)*($R4^0.473)*($S4^0.605)*($T4^-0.0271)*($U4^0.685)*0.00271*($V4^-0.997)*($W4^0.193)/1000 | =73.99*($P5^0.126)*($Q5^-0.326)*($R5^0.473)*($S5^0.605)*($T5^-0.0271)*($U5^0.685)*0.00271*($V5^-0.997)*($W5^0.193)/1000 | =73.99*($P6^0.126)*($Q6^-0.326)*($R6^0.473)*($S6^0.605)*($T6^-0.0271)*($U6^0.685)*0.00271*($V6^-0.997)*($W6^0.193)/1000,,,csv,medium,"Some headers were missing; generated column_N names. Delimiter `,`; sampled first 56 rows."
paper-1998-04,The Full Cost Of Intercity Highway Transportation,UPLOADED,/Users/dlev2617/Documents/Code/Agents/github-packages/UPLOADED/paper-1998-04-the-full-cost-of-intercity-highway-transportation,data/highway_full_cost_model/csv_exports/hwy92_original/model.csv,,SRMC-Sing,,text,52,=73.99*($P2^0.126)*($Q2^-0.326)*($R2^0.473)*($S2^0.605)*($T2^-0.0271)*($U2^0.685)*($V2^0.00271)*0.193*($W2^-0.803)/1000 | =73.99*($P3^0.126)*($Q3^-0.326)*($R3^0.473)*($S3^0.605)*($T3^-0.0271)*($U3^0.685)*($V3^0.00271)*0.193*($W3^-0.803)/1000 | =73.99*($P4^0.126)*($Q4^-0.326)*($R4^0.473)*($S4^0.605)*($T4^-0.0271)*($U4^0.685)*($V4^0.00271)*0.193*($W4^-0.803)/1000 | =73.99*($P5^0.126)*($Q5^-0.326)*($R5^0.473)*($S5^0.605)*($T5^-0.0271)*($U5^0.685)*($V5^0.00271)*0.193*($W5^-0.803)/1000 | =73.99*($P6^0.126)*($Q6^-0.326)*($R6^0.473)*($S6^0.605)*($T6^-0.0271)*($U6^0.685)*($V6^0.00271)*0.193*($W6^-0.803)/1000,,,csv,medium,"Some headers were missing; generated column_N names. Delimiter `,`; sampled first 56 rows."
paper-1998-04,The Full Cost Of Intercity Highway Transportation,UPLOADED,/Users/dlev2617/Documents/Code/Agents/github-packages/UPLOADED/paper-1998-04-the-full-cost-of-intercity-highway-transportation,data/highway_full_cost_model/csv_exports/hwy92_original/model.csv,,SRMC-Truck,,text,52,=+(I2*V2+J2*W2)/(V2+W2) | =+(I3*V3+J3*W3)/(V3+W3) | =+(I4*V4+J4*W4)/(V4+W4) | =+(I5*V5+J5*W5)/(V5+W5) | =+(I6*V6+J6*W6)/(V6+W6),,,csv,medium,"Some headers were missing; generated column_N names. Delimiter `,`; sampled first 56 rows."
paper-1998-04,The Full Cost Of Intercity Highway Transportation,UPLOADED,/Users/dlev2617/Documents/Code/Agents/github-packages/UPLOADED/paper-1998-04-the-full-cost-of-intercity-highway-transportation,data/highway_full_cost_model/csv_exports/hwy92_original/model.csv,,LRTE,,mixed_numeric_text,53,838159.732 | 103604 | 718978.26 | 479553.448 | 5321960.964,,,csv,medium,"Some headers were missing; generated column_N names. Delimiter `,`; sampled first 56 rows."
paper-1998-04,The Full Cost Of Intercity Highway Transportation,UPLOADED,/Users/dlev2617/Documents/Code/Agents/github-packages/UPLOADED/paper-1998-04-the-full-cost-of-intercity-highway-transportation,data/highway_full_cost_model/csv_exports/hwy92_original/model.csv,,SRTE,,mixed_numeric_text,53,287785 | 103604 | 217812 | 181099 | 2571927,,,csv,medium,"Some headers were missing; generated column_N names. Delimiter `,`; sampled first 56 rows."
paper-1998-04,The Full Cost Of Intercity Highway Transportation,UPLOADED,/Users/dlev2617/Documents/Code/Agents/github-packages/UPLOADED/paper-1998-04-the-full-cost-of-intercity-highway-transportation,data/highway_full_cost_model/csv_exports/hwy92_original/model.csv,,"LRTE = 71,682 Nl 0.183 Nw -0.643 Pk 1.92 Pl 1.176 Pm 0.0445 Ya 0.450 Yc 0.103 Ys 0.149",,text,53,=71682*($P2^0.183)*($Q2^-0.643)*($R2^1.92)*($S2^1.176)*($T2^0.0445)*($U2^0.45)*($V2^0.103)*($W2^0.149) | =71682*(P3^0.183)*(Q3^-0.643)*(R3^1.92)*(S3^1.176)*(T3^0.0445)*(U3^0.45)*(V3^0.103)*(W3^0.149) | =71682*(P4^0.183)*(Q4^-0.643)*(R4^1.92)*(S4^1.176)*(T4^0.0445)*(U4^0.45)*(V4^0.103)*(W4^0.149) | =71682*(P5^0.183)*(Q5^-0.643)*(R5^1.92)*(S5^1.176)*(T5^0.0445)*(U5^0.45)*(V5^0.103)*(W5^0.149) | =71682*(P6^0.183)*(Q6^-0.643)*(R6^1.92)*(S6^1.176)*(T6^0.0445)*(U6^0.45)*(V6^0.103)*(W6^0.149),,,csv,medium,"Some headers were missing; generated column_N names. Delimiter `,`; sampled first 56 rows."
paper-1998-04,The Full Cost Of Intercity Highway Transportation,UPLOADED,/Users/dlev2617/Documents/Code/Agents/github-packages/UPLOADED/paper-1998-04-the-full-cost-of-intercity-highway-transportation,data/highway_full_cost_model/csv_exports/hwy92_original/model.csv,,SRTE = 73.99 Nl 0.126 Nw -0.326 Pk 0.473 Pl 0.605 Pm -0.0271 Ya 0.685 Yc 0.00271 Ys 0.193,,text,53,=73.99*($P2^0.126)*($Q2^-0.326)*($R2^0.473)*($S2^0.605)*($T2^-0.0271)*($U2^0.685)*($V2^0.00271)*($W2^0.193) | =73.99*(P3^0.126)*(Q3^-0.326)*(R3^0.473)*(S3^0.605)*(T3^-0.0271)*(U3^0.685)*(V3^0.00271)*(W3^0.193) | =73.99*(P4^0.126)*(Q4^-0.326)*(R4^0.473)*(S4^0.605)*(T4^-0.0271)*(U4^0.685)*(V4^0.00271)*(W4^0.193) | =73.99*(P5^0.126)*(Q5^-0.326)*(R5^0.473)*(S5^0.605)*(T5^-0.0271)*(U5^0.685)*(V5^0.00271)*(W5^0.193) | =73.99*(P6^0.126)*(Q6^-0.326)*(R6^0.473)*(S6^0.605)*(T6^-0.0271)*(U6^0.685)*(V6^0.00271)*(W6^0.193),,,csv,medium,"Some headers were missing; generated column_N names. Delimiter `,`; sampled first 56 rows."
paper-1998-04,The Full Cost Of Intercity Highway Transportation,UPLOADED,/Users/dlev2617/Documents/Code/Agents/github-packages/UPLOADED/paper-1998-04-the-full-cost-of-intercity-highway-transportation,data/highway_full_cost_model/csv_exports/hwy92_original/model.csv,,Nl,,mixed_numeric_text,53,92209 | 13849 | 55763 | 77192 | 169201,,,csv,medium,"Some headers were missing; generated column_N names. Delimiter `,`; sampled first 56 rows."
paper-1998-04,The Full Cost Of Intercity Highway Transportation,UPLOADED,/Users/dlev2617/Documents/Code/Agents/github-packages/UPLOADED/paper-1998-04-the-full-cost-of-intercity-highway-transportation,data/highway_full_cost_model/csv_exports/hwy92_original/model.csv,,Nw,,numeric,52,3.01088819203367 | 3.08165671868817 | 3.02788347401141 | 3.00925140893557 | 3.05854284372906,3,3.08165671869,csv,medium,"Some headers were missing; generated column_N names. Delimiter `,`; sampled first 56 rows."
paper-1998-04,The Full Cost Of Intercity Highway Transportation,UPLOADED,/Users/dlev2617/Documents/Code/Agents/github-packages/UPLOADED/paper-1998-04-the-full-cost-of-intercity-highway-transportation,data/highway_full_cost_model/csv_exports/hwy92_original/model.csv,,Pk,,mixed_numeric_text,54,0.0515 | 0.0525 | 0.0535 | 0.0495 | 0.0475,,,csv,medium,"Some headers were missing; generated column_N names. Delimiter `,`; sampled first 56 rows."
paper-1998-04,The Full Cost Of Intercity Highway Transportation,UPLOADED,/Users/dlev2617/Documents/Code/Agents/github-packages/UPLOADED/paper-1998-04-the-full-cost-of-intercity-highway-transportation,data/highway_full_cost_model/csv_exports/hwy92_original/model.csv,,Pl,,mixed_numeric_text,54,0.921233519346634 | 1.39661033340936 | 0.920018851529052 | 0.838967380792226 | 1.21761246683661,,,csv,medium,"Some headers were missing; generated column_N names. Delimiter `,`; sampled first 56 rows."
paper-1998-04,The Full Cost Of Intercity Highway Transportation,UPLOADED,/Users/dlev2617/Documents/Code/Agents/github-packages/UPLOADED/paper-1998-04-the-full-cost-of-intercity-highway-transportation,data/highway_full_cost_model/csv_exports/hwy92_original/model.csv,,Pm,,mixed_numeric_text,52,1.35513024986709 | 1.69537480063796 | 1.19191919191919 | 1.39712918660287 | 1.53056884635832,,,csv,medium,"Some headers were missing; generated column_N names. Delimiter `,`; sampled first 56 rows."
paper-1998-04,The Full Cost Of Intercity Highway Transportation,UPLOADED,/Users/dlev2617/Documents/Code/Agents/github-packages/UPLOADED/paper-1998-04-the-full-cost-of-intercity-highway-transportation,data/highway_full_cost_model/csv_exports/hwy92_original/model.csv,,Ya,,mixed_numeric_text,53,29460.873 | 2723.331 | 20434.709 | 14028.824 | 217495.083,,,csv,medium,"Some headers were missing; generated column_N names. Delimiter `,`; sampled first 56 rows."
paper-1998-04,The Full Cost Of Intercity Highway Transportation,UPLOADED,/Users/dlev2617/Documents/Code/Agents/github-packages/UPLOADED/paper-1998-04-the-full-cost-of-intercity-highway-transportation,data/highway_full_cost_model/csv_exports/hwy92_original/model.csv,,Yc,,mixed_numeric_text,53,7136.844 | 1056.697 | 10642.868 | 3205.316 | 32116.494,,,csv,medium,"Some headers were missing; generated column_N names. Delimiter `,`; sampled first 56 rows."
paper-1998-04,The Full Cost Of Intercity Highway Transportation,UPLOADED,/Users/dlev2617/Documents/Code/Agents/github-packages/UPLOADED/paper-1998-04-the-full-cost-of-intercity-highway-transportation,data/highway_full_cost_model/csv_exports/hwy92_original/model.csv,,Ys,,mixed_numeric_text,53,9164.283 | 60.9720000000001 | 3969.423 | 5846.86 | 12936.423,,,csv,medium,"Some headers were missing; generated column_N names. Delimiter `,`; sampled first 56 rows."
paper-1998-04,The Full Cost Of Intercity Highway Transportation,UPLOADED,/Users/dlev2617/Documents/Code/Agents/github-packages/UPLOADED/paper-1998-04-the-full-cost-of-intercity-highway-transportation,data/highway_full_cost_model/csv_exports/hwy92_original/n-size.csv,,State,,text,53,Alabama | Alaska | Arizona | Arkansas | California,,,csv,medium,"Headers inferred from first row. Delimiter `,`; sampled first 55 rows."
paper-1998-04,The Full Cost Of Intercity Highway Transportation,UPLOADED,/Users/dlev2617/Documents/Code/Agents/github-packages/UPLOADED/paper-1998-04-the-full-cost-of-intercity-highway-transportation,data/highway_full_cost_model/csv_exports/hwy92_original/n-size.csv,,L - Total Miles,,mixed_numeric_text,53,92209 | 13849 | 55763 | 77192 | 169201,,,csv,medium,"Headers inferred from first row. Delimiter `,`; sampled first 55 rows."
paper-1998-04,The Full Cost Of Intercity Highway Transportation,UPLOADED,/Users/dlev2617/Documents/Code/Agents/github-packages/UPLOADED/paper-1998-04-the-full-cost-of-intercity-highway-transportation,data/highway_full_cost_model/csv_exports/hwy92_original/n-size.csv,,L - % Freeway,,mixed_numeric_text,52,0.00997733409970827 | 0.0763232002310636 | 0.0225776948872909 | 0.00825215048191523 | 0.0225530581970556,,,csv,medium,"Headers inferred from first row. Delimiter `,`; sampled first 55 rows."
paper-1998-04,The Full Cost Of Intercity Highway Transportation,UPLOADED,/Users/dlev2617/Documents/Code/Agents/github-packages/UPLOADED/paper-1998-04-the-full-cost-of-intercity-highway-transportation,data/highway_full_cost_model/csv_exports/hwy92_original/n-size.csv,,L - % Urban,,mixed_numeric_text,52,0.210185556724398 | 0.125785255253087 | 0.29302584150781 | 0.0983910249766815 | 0.479081092901342,,,csv,medium,"Headers inferred from first row. Delimiter `,`; sampled first 55 rows."
paper-1998-04,The Full Cost Of Intercity Highway Transportation,UPLOADED,/Users/dlev2617/Documents/Code/Agents/github-packages/UPLOADED/paper-1998-04-the-full-cost-of-intercity-highway-transportation,data/highway_full_cost_model/csv_exports/hwy92_original/n-size.csv,,W - % UrbFwy > 4 lanes,,mixed_numeric_text,52,0.144781144781145 | 0.185185185185185 | 0.267326732673267 | 0.343511450381679 | 0.880974695407685,,,csv,medium,"Headers inferred from first row. Delimiter `,`; sampled first 55 rows."
paper-1998-04,The Full Cost Of Intercity Highway Transportation,UPLOADED,/Users/dlev2617/Documents/Code/Agents/github-packages/UPLOADED/paper-1998-04-the-full-cost-of-intercity-highway-transportation,data/highway_full_cost_model/csv_exports/hwy92_original/n-size.csv,,W - % RurFwy > 4 lanes,,mixed_numeric_text,52,0 | 0.00728155339805825 | 0.210914454277286 | 0.02734375 | 0.217821782178218,,,csv,medium,"Headers inferred from first row. Delimiter `,`; sampled first 55 rows."
paper-1998-04,The Full Cost Of Intercity Highway Transportation,UPLOADED,/Users/dlev2617/Documents/Code/Agents/github-packages/UPLOADED/paper-1998-04-the-full-cost-of-intercity-highway-transportation,data/highway_full_cost_model/csv_exports/hwy92_original/n-size.csv,,Nw,,mixed_numeric_text,54,3.01088819203367 | 3.08165671868817 | 3.02788347401141 | 3.00925140893557 | 3.05854284372906,,,csv,medium,"Headers inferred from first row. Delimiter `,`; sampled first 55 rows."
paper-1998-04,The Full Cost Of Intercity Highway Transportation,UPLOADED,/Users/dlev2617/Documents/Code/Agents/github-packages/UPLOADED/paper-1998-04-the-full-cost-of-intercity-highway-transportation,data/highway_full_cost_model/csv_exports/hwy92_original/orig.csv,,"TOTAL DISBURSEMENTS FOR HIGHWAYS, ALL UNITS OF GOVERNMENT - 1992 /1",,text,60,"COMPILED FROM REPORTS OF FEDERAL, | STATE AND LOCAL AUTHORITIES | STATE | Alabama | Alaska",,,csv,medium,"Some headers were missing; generated column_N names. Delimiter `,`; sampled first 66 rows."
paper-1998-04,The Full Cost Of Intercity Highway Transportation,UPLOADED,/Users/dlev2617/Documents/Code/Agents/github-packages/UPLOADED/paper-1998-04-the-full-cost-of-intercity-highway-transportation,data/highway_full_cost_model/csv_exports/hwy92_original/orig.csv,,column_2,,mixed_numeric_text,58,CAPITAL OUTLAY | STATE | ADMINISTERED | HIGHWAYS | CSTADMHWY,,,csv,medium,"Some headers were missing; generated column_N names. Delimiter `,`; sampled first 66 rows."
paper-1998-04,The Full Cost Of Intercity Highway Transportation,UPLOADED,/Users/dlev2617/Documents/Code/Agents/github-packages/UPLOADED/paper-1998-04-the-full-cost-of-intercity-highway-transportation,data/highway_full_cost_model/csv_exports/hwy92_original/orig.csv,,column_3,,mixed_numeric_text,58,(THOUSANDS OF DOLLARS) | LOCALLY | ADMINISTERED | ROADS | CLOCADMRD,,,csv,medium,"Some headers were missing; generated column_N names. Delimiter `,`; sampled first 66 rows."
paper-1998-04,The Full Cost Of Intercity Highway Transportation,UPLOADED,/Users/dlev2617/Documents/Code/Agents/github-packages/UPLOADED/paper-1998-04-the-full-cost-of-intercity-highway-transportation,data/highway_full_cost_model/csv_exports/hwy92_original/orig.csv,,column_4,,mixed_numeric_text,57,FEDERAL | ROADS AND | UNCLASSIFIED | CFEDROAD | 974,,,csv,medium,"Some headers were missing; generated column_N names. Delimiter `,`; sampled first 66 rows."
paper-1998-04,The Full Cost Of Intercity Highway Transportation,UPLOADED,/Users/dlev2617/Documents/Code/Agents/github-packages/UPLOADED/paper-1998-04-the-full-cost-of-intercity-highway-transportation,data/highway_full_cost_model/csv_exports/hwy92_original/orig.csv,,column_5,,mixed_numeric_text,55,TOTAL /2 | CTOTAL | 416331 | 278830 | 712556,,,csv,medium,"Some headers were missing; generated column_N names. Delimiter `,`; sampled first 66 rows."
paper-1998-04,The Full Cost Of Intercity Highway Transportation,UPLOADED,/Users/dlev2617/Documents/Code/Agents/github-packages/UPLOADED/paper-1998-04-the-full-cost-of-intercity-highway-transportation,data/highway_full_cost_model/csv_exports/hwy92_original/orig.csv,,column_6,,mixed_numeric_text,58,MAINTENANCE AND SERVICES | STATE | ADMINISTERED | HIGHWAYS | MSTADMHWY,,,csv,medium,"Some headers were missing; generated column_N names. Delimiter `,`; sampled first 66 rows."
paper-1998-04,The Full Cost Of Intercity Highway Transportation,UPLOADED,/Users/dlev2617/Documents/Code/Agents/github-packages/UPLOADED/paper-1998-04-the-full-cost-of-intercity-highway-transportation,data/highway_full_cost_model/csv_exports/hwy92_original/orig.csv,,column_7,,mixed_numeric_text,57,LOCALLY | ADMINISTERED | ROADS | MLOCADMRD | 299897,,,csv,medium,"Some headers were missing; generated column_N names. Delimiter `,`; sampled first 66 rows."
paper-1998-04,The Full Cost Of Intercity Highway Transportation,UPLOADED,/Users/dlev2617/Documents/Code/Agents/github-packages/UPLOADED/paper-1998-04-the-full-cost-of-intercity-highway-transportation,data/highway_full_cost_model/csv_exports/hwy92_original/orig.csv,,column_8,,mixed_numeric_text,59,FEDERAL | ROADS AND | UNCLASSIFIED | MREDROAD | 14,,,csv,medium,"Some headers were missing; generated column_N names. Delimiter `,`; sampled first 66 rows."
paper-1998-04,The Full Cost Of Intercity Highway Transportation,UPLOADED,/Users/dlev2617/Documents/Code/Agents/github-packages/UPLOADED/paper-1998-04-the-full-cost-of-intercity-highway-transportation,data/highway_full_cost_model/csv_exports/hwy92_original/orig.csv,,column_9,,mixed_numeric_text,55,TOTAL | MTOTAL | 434361 | 156897 | 164064,,,csv,medium,"Some headers were missing; generated column_N names. Delimiter `,`; sampled first 66 rows."
paper-1998-04,The Full Cost Of Intercity Highway Transportation,UPLOADED,/Users/dlev2617/Documents/Code/Agents/github-packages/UPLOADED/paper-1998-04-the-full-cost-of-intercity-highway-transportation,data/highway_full_cost_model/csv_exports/hwy92_original/orig.csv,,column_10,,mixed_numeric_text,59,ADMIN- | ISTRATION | AND | MISCEL- | LANEOUS,,,csv,medium,"Some headers were missing; generated column_N names. Delimiter `,`; sampled first 66 rows."
paper-1998-04,The Full Cost Of Intercity Highway Transportation,UPLOADED,/Users/dlev2617/Documents/Code/Agents/github-packages/UPLOADED/paper-1998-04-the-full-cost-of-intercity-highway-transportation,data/highway_full_cost_model/csv_exports/hwy92_original/orig.csv,,column_11,,mixed_numeric_text,59,HIGHWAY | LAW | ENFORCEMENT | AND | SAFETY,,,csv,medium,"Some headers were missing; generated column_N names. Delimiter `,`; sampled first 66 rows."
paper-1998-04,The Full Cost Of Intercity Highway Transportation,UPLOADED,/Users/dlev2617/Documents/Code/Agents/github-packages/UPLOADED/paper-1998-04-the-full-cost-of-intercity-highway-transportation,data/highway_full_cost_model/csv_exports/hwy92_original/orig.csv,,column_12,,mixed_numeric_text,55,INTEREST | 11128 | 13411 | 154305 | 661,,,csv,medium,"Some headers were missing; generated column_N names. Delimiter `,`; sampled first 66 rows."
paper-1998-04,The Full Cost Of Intercity Highway Transportation,UPLOADED,/Users/dlev2617/Documents/Code/Agents/github-packages/UPLOADED/paper-1998-04-the-full-cost-of-intercity-highway-transportation,data/highway_full_cost_model/csv_exports/hwy92_original/orig.csv,,column_13,,mixed_numeric_text,56,BOND | RETIREMENT /3 | BONDRETIRE | 20436 | 21623,,,csv,medium,"Some headers were missing; generated column_N names. Delimiter `,`; sampled first 66 rows."
paper-1998-04,The Full Cost Of Intercity Highway Transportation,UPLOADED,/Users/dlev2617/Documents/Code/Agents/github-packages/UPLOADED/paper-1998-04-the-full-cost-of-intercity-highway-transportation,data/highway_full_cost_model/csv_exports/hwy92_original/orig.csv,,column_14,,mixed_numeric_text,58,"""TABLE HF-2 | ""SEPTEMBER 1994 | TOTAL | DISBURSEMENTS | TOTALDISB",,,csv,medium,"Some headers were missing; generated column_N names. Delimiter `,`; sampled first 66 rows."
paper-1998-04,The Full Cost Of Intercity Highway Transportation,UPLOADED,/Users/dlev2617/Documents/Code/Agents/github-packages/UPLOADED/paper-1998-04-the-full-cost-of-intercity-highway-transportation,data/highway_full_cost_model/csv_exports/hwy92_original/priceexport.csv,,State,,text,58,Alabama | Alaska | Arizona | Arkansas | California,,,csv,medium,"Some headers were missing; generated column_N names. Delimiter `,`; sampled first 60 rows."
paper-1998-04,The Full Cost Of Intercity Highway Transportation,UPLOADED,/Users/dlev2617/Documents/Code/Agents/github-packages/UPLOADED/paper-1998-04-the-full-cost-of-intercity-highway-transportation,data/highway_full_cost_model/csv_exports/hwy92_original/priceexport.csv,,Pl Goverment Salary (1993),,mixed_numeric_text,52,25028 | 37943 | 24995 | 22793 | 33080,,,csv,medium,"Some headers were missing; generated column_N names. Delimiter `,`; sampled first 60 rows."
paper-1998-04,The Full Cost Of Intercity Highway Transportation,UPLOADED,/Users/dlev2617/Documents/Code/Agents/github-packages/UPLOADED/paper-1998-04-the-full-cost-of-intercity-highway-transportation,data/highway_full_cost_model/csv_exports/hwy92_original/priceexport.csv,,Pl,,text,53,=+B2/$B$54 | =+B3/$B$54 | =+B4/$B$54 | =+B5/$B$54 | =+B6/$B$54,,,csv,medium,"Some headers were missing; generated column_N names. Delimiter `,`; sampled first 60 rows."
paper-1998-04,The Full Cost Of Intercity Highway Transportation,UPLOADED,/Users/dlev2617/Documents/Code/Agents/github-packages/UPLOADED/paper-1998-04-the-full-cost-of-intercity-highway-transportation,data/highway_full_cost_model/csv_exports/hwy92_original/priceexport.csv,,Pk Moody's Bond Rating,,text,52,AA | X | A1 | AA1 | AAA,,,csv,medium,"Some headers were missing; generated column_N names. Delimiter `,`; sampled first 60 rows."
paper-1998-04,The Full Cost Of Intercity Highway Transportation,UPLOADED,/Users/dlev2617/Documents/Code/Agents/github-packages/UPLOADED/paper-1998-04-the-full-cost-of-intercity-highway-transportation,data/highway_full_cost_model/csv_exports/hwy92_original/priceexport.csv,,column_5,,text,53,"=VLOOKUP(D2,$P$2:$Q$9,2,TRUE()) | =VLOOKUP(D3,$P$2:$Q$9,2,TRUE()) | =VLOOKUP(D4,$P$2:$Q$9,2,TRUE()) | =VLOOKUP(D5,$P$2:$Q$9,2,TRUE()) | =VLOOKUP(D6,$P$2:$Q$9,2,TRUE())",,,csv,medium,"Some headers were missing; generated column_N names. Delimiter `,`; sampled first 60 rows."
paper-1998-04,The Full Cost Of Intercity Highway Transportation,UPLOADED,/Users/dlev2617/Documents/Code/Agents/github-packages/UPLOADED/paper-1998-04-the-full-cost-of-intercity-highway-transportation,data/highway_full_cost_model/csv_exports/hwy92_original/priceexport.csv,,Pm Bituminous Concrete (1993),,numeric,52,25.49 | 31.89 | 22.42 | 26.28 | 28.79,2.08,65.14,csv,medium,"Some headers were missing; generated column_N names. Delimiter `,`; sampled first 60 rows."
paper-1998-04,The Full Cost Of Intercity Highway Transportation,UPLOADED,/Users/dlev2617/Documents/Code/Agents/github-packages/UPLOADED/paper-1998-04-the-full-cost-of-intercity-highway-transportation,data/highway_full_cost_model/csv_exports/hwy92_original/priceexport.csv,,column_7,,text,53,=+F2/F$54 | =+F3/F$54 | =+F4/F$54 | =+F5/F$54 | =+F6/F$54,,,csv,medium,"Some headers were missing; generated column_N names. Delimiter `,`; sampled first 60 rows."
paper-1998-04,The Full Cost Of Intercity Highway Transportation,UPLOADED,/Users/dlev2617/Documents/Code/Agents/github-packages/UPLOADED/paper-1998-04-the-full-cost-of-intercity-highway-transportation,data/highway_full_cost_model/csv_exports/hwy92_original/priceexport.csv,,Excavation (1993),,numeric,52,1.6 | 1.89 | 5.21 | 1.31 | 3.15,1.02,18.58,csv,medium,"Some headers were missing; generated column_N names. Delimiter `,`; sampled first 60 rows."
paper-1998-04,The Full Cost Of Intercity Highway Transportation,UPLOADED,/Users/dlev2617/Documents/Code/Agents/github-packages/UPLOADED/paper-1998-04-the-full-cost-of-intercity-highway-transportation,data/highway_full_cost_model/csv_exports/hwy92_original/priceexport.csv,,Reinforced Steel (1993),,numeric,52,0.419 | 0.464 | 0.354 | 0.544 | 0.414,0.322,0.811,csv,medium,"Some headers were missing; generated column_N names. Delimiter `,`; sampled first 60 rows."
paper-1998-04,The Full Cost Of Intercity Highway Transportation,UPLOADED,/Users/dlev2617/Documents/Code/Agents/github-packages/UPLOADED/paper-1998-04-the-full-cost-of-intercity-highway-transportation,data/highway_full_cost_model/csv_exports/hwy92_original/priceexport.csv,,Structural Steel (1993),,numeric,52,0.862 | 1.161 | 1.62 | 0.674 | 1.07,0.47,2.241,csv,medium,"Some headers were missing; generated column_N names. Delimiter `,`; sampled first 60 rows."
paper-1998-04,The Full Cost Of Intercity Highway Transportation,UPLOADED,/Users/dlev2617/Documents/Code/Agents/github-packages/UPLOADED/paper-1998-04-the-full-cost-of-intercity-highway-transportation,data/highway_full_cost_model/csv_exports/hwy92_original/priceexport.csv,,Structural Concrete (1993),,numeric,52,217.9 | 855.03 | 206.73 | 259.97 | 256.86,93.8,855.03,csv,medium,"Some headers were missing; generated column_N names. Delimiter `,`; sampled first 60 rows."
paper-1998-04,The Full Cost Of Intercity Highway Transportation,UPLOADED,/Users/dlev2617/Documents/Code/Agents/github-packages/UPLOADED/paper-1998-04-the-full-cost-of-intercity-highway-transportation,data/highway_full_cost_model/csv_exports/hwy92_original/priceexport.csv,,column_12,,empty,0,,,,csv,medium,"Some headers were missing; generated column_N names. Delimiter `,`; sampled first 60 rows."
paper-1998-04,The Full Cost Of Intercity Highway Transportation,UPLOADED,/Users/dlev2617/Documents/Code/Agents/github-packages/UPLOADED/paper-1998-04-the-full-cost-of-intercity-highway-transportation,data/highway_full_cost_model/csv_exports/hwy92_original/priceexport.csv,,column_13,,empty,0,,,,csv,medium,"Some headers were missing; generated column_N names. Delimiter `,`; sampled first 60 rows."
paper-1998-04,The Full Cost Of Intercity Highway Transportation,UPLOADED,/Users/dlev2617/Documents/Code/Agents/github-packages/UPLOADED/paper-1998-04-the-full-cost-of-intercity-highway-transportation,data/highway_full_cost_model/csv_exports/hwy92_original/priceexport.csv,,PGOVSAL94,,numeric,51,26376 | 38889 | 25906 | 23336 | 33795,21643,46872,csv,medium,"Some headers were missing; generated column_N names. Delimiter `,`; sampled first 60 rows."
paper-1998-04,The Full Cost Of Intercity Highway Transportation,UPLOADED,/Users/dlev2617/Documents/Code/Agents/github-packages/UPLOADED/paper-1998-04-the-full-cost-of-intercity-highway-transportation,data/highway_full_cost_model/csv_exports/hwy92_original/priceexport.csv,,column_15,,empty,0,,,,csv,medium,"Some headers were missing; generated column_N names. Delimiter `,`; sampled first 60 rows."
paper-1998-04,The Full Cost Of Intercity Highway Transportation,UPLOADED,/Users/dlev2617/Documents/Code/Agents/github-packages/UPLOADED/paper-1998-04-the-full-cost-of-intercity-highway-transportation,data/highway_full_cost_model/csv_exports/hwy92_original/priceexport.csv,,column_16,,text,8,A | X | A1 | AA | AA1,,,csv,medium,"Some headers were missing; generated column_N names. Delimiter `,`; sampled first 60 rows."
paper-1998-04,The Full Cost Of Intercity Highway Transportation,UPLOADED,/Users/dlev2617/Documents/Code/Agents/github-packages/UPLOADED/paper-1998-04-the-full-cost-of-intercity-highway-transportation,data/highway_full_cost_model/csv_exports/hwy92_original/priceexport.csv,,column_17,,numeric,8,0.0555 | 0.0525 | 0.0535 | 0.0515 | 0.0495,0.0475,0.0595,csv,medium,"Some headers were missing; generated column_N names. Delimiter `,`; sampled first 60 rows."
paper-1998-04,The Full Cost Of Intercity Highway Transportation,UPLOADED,/Users/dlev2617/Documents/Code/Agents/github-packages/UPLOADED/paper-1998-04-the-full-cost-of-intercity-highway-transportation,data/highway_full_cost_model/csv_exports/hwy92_original/priceexport.csv,,column_18,,empty,0,,,,csv,medium,"Some headers were missing; generated column_N names. Delimiter `,`; sampled first 60 rows."
paper-1998-04,The Full Cost Of Intercity Highway Transportation,UPLOADED,/Users/dlev2617/Documents/Code/Agents/github-packages/UPLOADED/paper-1998-04-the-full-cost-of-intercity-highway-transportation,data/highway_full_cost_model/csv_exports/hwy92_original/priceexport.csv,,column_19,,text,14,AA | X | A1 | AA1 | AAA,,,csv,medium,"Some headers were missing; generated column_N names. Delimiter `,`; sampled first 60 rows."
paper-1998-04,The Full Cost Of Intercity Highway Transportation,UPLOADED,/Users/dlev2617/Documents/Code/Agents/github-packages/UPLOADED/paper-1998-04-the-full-cost-of-intercity-highway-transportation,data/highway_full_cost_model/csv_exports/hwy92_original/prices.csv,,column_1,,text,59,Alabama | Alaska | Arizona | Arkansas | California,,,csv,medium,"Some headers were missing; generated column_N names. Delimiter `,`; sampled first 60 rows."
paper-1998-04,The Full Cost Of Intercity Highway Transportation,UPLOADED,/Users/dlev2617/Documents/Code/Agents/github-packages/UPLOADED/paper-1998-04-the-full-cost-of-intercity-highway-transportation,data/highway_full_cost_model/csv_exports/hwy92_original/prices.csv,,PGOVSAL93,,numeric,51,25028 | 37943 | 24995 | 22793 | 33080,20777,43855,csv,medium,"Some headers were missing; generated column_N names. Delimiter `,`; sampled first 60 rows."
paper-1998-04,The Full Cost Of Intercity Highway Transportation,UPLOADED,/Users/dlev2617/Documents/Code/Agents/github-packages/UPLOADED/paper-1998-04-the-full-cost-of-intercity-highway-transportation,data/highway_full_cost_model/csv_exports/hwy92_original/prices.csv,,PGOVSAL94,,numeric,51,26376 | 38889 | 25906 | 23336 | 33795,21643,46872,csv,medium,"Some headers were missing; generated column_N names. Delimiter `,`; sampled first 60 rows."
paper-1998-04,The Full Cost Of Intercity Highway Transportation,UPLOADED,/Users/dlev2617/Documents/Code/Agents/github-packages/UPLOADED/paper-1998-04-the-full-cost-of-intercity-highway-transportation,data/highway_full_cost_model/csv_exports/hwy92_original/prices.csv,,PBITCONC93,,numeric,52,25.49 | 31.89 | 22.42 | 26.28 | 28.79,2.08,65.14,csv,medium,"Some headers were missing; generated column_N names. Delimiter `,`; sampled first 60 rows."
paper-1998-04,The Full Cost Of Intercity Highway Transportation,UPLOADED,/Users/dlev2617/Documents/Code/Agents/github-packages/UPLOADED/paper-1998-04-the-full-cost-of-intercity-highway-transportation,data/highway_full_cost_model/csv_exports/hwy92_original/prices.csv,,PEXCAV93,,numeric,52,1.6 | 1.89 | 5.21 | 1.31 | 3.15,1.02,18.58,csv,medium,"Some headers were missing; generated column_N names. Delimiter `,`; sampled first 60 rows."
paper-1998-04,The Full Cost Of Intercity Highway Transportation,UPLOADED,/Users/dlev2617/Documents/Code/Agents/github-packages/UPLOADED/paper-1998-04-the-full-cost-of-intercity-highway-transportation,data/highway_full_cost_model/csv_exports/hwy92_original/prices.csv,,PREINFSTL93,,numeric,52,0.419 | 0.464 | 0.354 | 0.544 | 0.414,0.322,0.811,csv,medium,"Some headers were missing; generated column_N names. Delimiter `,`; sampled first 60 rows."
paper-1998-04,The Full Cost Of Intercity Highway Transportation,UPLOADED,/Users/dlev2617/Documents/Code/Agents/github-packages/UPLOADED/paper-1998-04-the-full-cost-of-intercity-highway-transportation,data/highway_full_cost_model/csv_exports/hwy92_original/prices.csv,,PSTRUCTSTL93,,numeric,52,0.862 | 1.161 | 1.62 | 0.674 | 1.07,0.47,2.241,csv,medium,"Some headers were missing; generated column_N names. Delimiter `,`; sampled first 60 rows."
paper-1998-04,The Full Cost Of Intercity Highway Transportation,UPLOADED,/Users/dlev2617/Documents/Code/Agents/github-packages/UPLOADED/paper-1998-04-the-full-cost-of-intercity-highway-transportation,data/highway_full_cost_model/csv_exports/hwy92_original/prices.csv,,PSTRUCCON93,,numeric,52,217.9 | 855.03 | 206.73 | 259.97 | 256.86,93.8,855.03,csv,medium,"Some headers were missing; generated column_N names. Delimiter `,`; sampled first 60 rows."
paper-1998-04,The Full Cost Of Intercity Highway Transportation,UPLOADED,/Users/dlev2617/Documents/Code/Agents/github-packages/UPLOADED/paper-1998-04-the-full-cost-of-intercity-highway-transportation,data/highway_full_cost_model/csv_exports/hwy92_original/prices.csv,,POP90(THSD),,numeric,52,4089 | 570 | 3750 | 2372 | 30380,460,252181,csv,medium,"Some headers were missing; generated column_N names. Delimiter `,`; sampled first 60 rows."
paper-1998-04,The Full Cost Of Intercity Highway Transportation,UPLOADED,/Users/dlev2617/Documents/Code/Agents/github-packages/UPLOADED/paper-1998-04-the-full-cost-of-intercity-highway-transportation,data/highway_full_cost_model/csv_exports/hwy92_original/prices.csv,,SQMILES,,numeric,52,52423 | 591004 | 114006 | 53182 | 163707,67,3717528,csv,medium,"Some headers were missing; generated column_N names. Delimiter `,`; sampled first 60 rows."
paper-1998-04,The Full Cost Of Intercity Highway Transportation,UPLOADED,/Users/dlev2617/Documents/Code/Agents/github-packages/UPLOADED/paper-1998-04-the-full-cost-of-intercity-highway-transportation,data/highway_full_cost_model/csv_exports/hwy92_original/prices.csv,,POPDENS=LAND,,numeric,52,78.0001144535795 | 0.964460477424857 | 32.8930056312826 | 44.6015569177541 | 185.575448820148,0.964460477425,8925.37313433,csv,medium,"Some headers were missing; generated column_N names. Delimiter `,`; sampled first 60 rows."
paper-1998-04,The Full Cost Of Intercity Highway Transportation,UPLOADED,/Users/dlev2617/Documents/Code/Agents/github-packages/UPLOADED/paper-1998-04-the-full-cost-of-intercity-highway-transportation,data/highway_full_cost_model/csv_exports/hwy92_original/prices.csv,,CAPTOTTOT93,,mixed_numeric_text,52,470232 | 242000 | 480799 | 362332 | 2135323,,,csv,medium,"Some headers were missing; generated column_N names. Delimiter `,`; sampled first 60 rows."
paper-1998-04,The Full Cost Of Intercity Highway Transportation,UPLOADED,/Users/dlev2617/Documents/Code/Agents/github-packages/UPLOADED/paper-1998-04-the-full-cost-of-intercity-highway-transportation,data/highway_full_cost_model/csv_exports/hwy92_original/prices.csv,,MILTOTTOT93,,numeric,53,92209 | 13849 | 55763 | 77192 | 169201,0,3904721,csv,medium,"Some headers were missing; generated column_N names. Delimiter `,`; sampled first 60 rows."
paper-1998-04,The Full Cost Of Intercity Highway Transportation,UPLOADED,/Users/dlev2617/Documents/Code/Agents/github-packages/UPLOADED/paper-1998-04-the-full-cost-of-intercity-highway-transportation,data/highway_full_cost_model/csv_exports/hwy92_original/prices.csv,,MILES92,,numeric,52,92201 | 13634 | 55969 | 77162 | 168378,1104,3901715,csv,medium,"Some headers were missing; generated column_N names. Delimiter `,`; sampled first 60 rows."
paper-1998-04,The Full Cost Of Intercity Highway Transportation,UPLOADED,/Users/dlev2617/Documents/Code/Agents/github-packages/UPLOADED/paper-1998-04-the-full-cost-of-intercity-highway-transportation,data/highway_full_cost_model/csv_exports/hwy92_original/prices.csv,,NETMILES,,numeric,53,8 | 215 | -206 | 30 | 823,-3760,3006,csv,medium,"Some headers were missing; generated column_N names. Delimiter `,`; sampled first 60 rows."
paper-1998-04,The Full Cost Of Intercity Highway Transportation,UPLOADED,/Users/dlev2617/Documents/Code/Agents/github-packages/UPLOADED/paper-1998-04-the-full-cost-of-intercity-highway-transportation,data/highway_full_cost_model/csv_exports/hwy92_original/prices.csv,,PCAPperMIL93,,mixed_numeric_text,51,58779 | 1125.58139534884 | -2333.97572815534 | 12077.7333333333 | 2594.56014580802,,,csv,medium,"Some headers were missing; generated column_N names. Delimiter `,`; sampled first 60 rows."
paper-1998-04,The Full Cost Of Intercity Highway Transportation,UPLOADED,/Users/dlev2617/Documents/Code/Agents/github-packages/UPLOADED/paper-1998-04-the-full-cost-of-intercity-highway-transportation,data/highway_full_cost_model/csv_exports/hwy92_original/prices.csv,,BONDRATE (Moody's),,text,51,AA | X | A1 | AA1 | AAA,,,csv,medium,"Some headers were missing; generated column_N names. Delimiter `,`; sampled first 60 rows."
paper-1998-04,The Full Cost Of Intercity Highway Transportation,UPLOADED,/Users/dlev2617/Documents/Code/Agents/github-packages/UPLOADED/paper-1998-04-the-full-cost-of-intercity-highway-transportation,data/highway_full_cost_model/csv_exports/hwy92_original/rur_exp_93.csv,,column_1,,text,54,STATE | Alabama | Alaska | Arizona | Arkansas,,,csv,medium,"Some headers were missing; generated column_N names. Delimiter `,`; sampled first 59 rows."
paper-1998-04,The Full Cost Of Intercity Highway Transportation,UPLOADED,/Users/dlev2617/Documents/Code/Agents/github-packages/UPLOADED/paper-1998-04-the-full-cost-of-intercity-highway-transportation,data/highway_full_cost_model/csv_exports/hwy92_original/rur_exp_93.csv,,"STATE HIGHWAY AGENCY CAPITAL OUTLAY AND MAINTENANCE - 1993, Table SF-12 p.IV-64",,mixed_numeric_text,56,CAPITAL | RURAL | INTERSTATE | CAPRURINT | 29484,,,csv,medium,"Some headers were missing; generated column_N names. Delimiter `,`; sampled first 59 rows."
paper-1998-04,The Full Cost Of Intercity Highway Transportation,UPLOADED,/Users/dlev2617/Documents/Code/Agents/github-packages/UPLOADED/paper-1998-04-the-full-cost-of-intercity-highway-transportation,data/highway_full_cost_model/csv_exports/hwy92_original/rur_exp_93.csv,,column_3,,mixed_numeric_text,56,(thousands of dollars) | RURAL | LOCAL | CAPRURLOC | 238395,,,csv,medium,"Some headers were missing; generated column_N names. Delimiter `,`; sampled first 59 rows."
paper-1998-04,The Full Cost Of Intercity Highway Transportation,UPLOADED,/Users/dlev2617/Documents/Code/Agents/github-packages/UPLOADED/paper-1998-04-the-full-cost-of-intercity-highway-transportation,data/highway_full_cost_model/csv_exports/hwy92_original/rur_exp_93.csv,,column_4,,mixed_numeric_text,55,RURAL | TOTAL | CAPRURTOT | 267879 | 135324,,,csv,medium,"Some headers were missing; generated column_N names. Delimiter `,`; sampled first 59 rows."
paper-1998-04,The Full Cost Of Intercity Highway Transportation,UPLOADED,/Users/dlev2617/Documents/Code/Agents/github-packages/UPLOADED/paper-1998-04-the-full-cost-of-intercity-highway-transportation,data/highway_full_cost_model/csv_exports/hwy92_original/rur_exp_93.csv,,column_5,,mixed_numeric_text,56,MAINTENANCE | RURAL | INTERSTATE | MNTRURINT | 7412,,,csv,medium,"Some headers were missing; generated column_N names. Delimiter `,`; sampled first 59 rows."
paper-1998-04,The Full Cost Of Intercity Highway Transportation,UPLOADED,/Users/dlev2617/Documents/Code/Agents/github-packages/UPLOADED/paper-1998-04-the-full-cost-of-intercity-highway-transportation,data/highway_full_cost_model/csv_exports/hwy92_original/rur_exp_93.csv,,column_6,,mixed_numeric_text,55,RURAL | LOCAL | MNTRURLOC | 55938 | 8380,,,csv,medium,"Some headers were missing; generated column_N names. Delimiter `,`; sampled first 59 rows."
paper-1998-04,The Full Cost Of Intercity Highway Transportation,UPLOADED,/Users/dlev2617/Documents/Code/Agents/github-packages/UPLOADED/paper-1998-04-the-full-cost-of-intercity-highway-transportation,data/highway_full_cost_model/csv_exports/hwy92_original/rur_exp_93.csv,,column_7,,mixed_numeric_text,55,RURAL | TOTAL | MNTRURTOT | 63350 | 12124,,,csv,medium,"Some headers were missing; generated column_N names. Delimiter `,`; sampled first 59 rows."
paper-1998-04,The Full Cost Of Intercity Highway Transportation,UPLOADED,/Users/dlev2617/Documents/Code/Agents/github-packages/UPLOADED/paper-1998-04-the-full-cost-of-intercity-highway-transportation,data/highway_full_cost_model/csv_exports/hwy92_original/rur_exp_93.csv,,column_8,,empty,0,,,,csv,medium,"Some headers were missing; generated column_N names. Delimiter `,`; sampled first 59 rows."
paper-1998-04,The Full Cost Of Intercity Highway Transportation,UPLOADED,/Users/dlev2617/Documents/Code/Agents/github-packages/UPLOADED/paper-1998-04-the-full-cost-of-intercity-highway-transportation,data/highway_full_cost_model/csv_exports/hwy92_original/rur_exp_93.csv,,column_9,,mixed_numeric_text,53,MNTRURINT | 7412 | 3744 | NA | 7154,,,csv,medium,"Some headers were missing; generated column_N names. Delimiter `,`; sampled first 59 rows."
paper-1998-04,The Full Cost Of Intercity Highway Transportation,UPLOADED,/Users/dlev2617/Documents/Code/Agents/github-packages/UPLOADED/paper-1998-04-the-full-cost-of-intercity-highway-transportation,data/highway_full_cost_model/csv_exports/hwy92_original/rur_exp_93.csv,,column_10,,mixed_numeric_text,55,RURAL | INTERSTATE | VMTRURINT | 4442 | 677,,,csv,medium,"Some headers were missing; generated column_N names. Delimiter `,`; sampled first 59 rows."
paper-1998-04,The Full Cost Of Intercity Highway Transportation,UPLOADED,/Users/dlev2617/Documents/Code/Agents/github-packages/UPLOADED/paper-1998-04-the-full-cost-of-intercity-highway-transportation,data/highway_full_cost_model/csv_exports/hwy92_original/rur_exp_93.csv,,column_11,,mixed_numeric_text,55,RURAL | NON-INTERSTATE | VMTRURLOC | 18361 | 1328,,,csv,medium,"Some headers were missing; generated column_N names. Delimiter `,`; sampled first 59 rows."
paper-1998-04,The Full Cost Of Intercity Highway Transportation,UPLOADED,/Users/dlev2617/Documents/Code/Agents/github-packages/UPLOADED/paper-1998-04-the-full-cost-of-intercity-highway-transportation,data/highway_full_cost_model/csv_exports/hwy92_original/rur_exp_93.csv,,column_12,,mixed_numeric_text,54,RURAL TOTAL | VMTRURTOT | 22803 | 2005 | 13788,,,csv,medium,"Some headers were missing; generated column_N names. Delimiter `,`; sampled first 59 rows."
paper-1998-04,The Full Cost Of Intercity Highway Transportation,UPLOADED,/Users/dlev2617/Documents/Code/Agents/github-packages/UPLOADED/paper-1998-04-the-full-cost-of-intercity-highway-transportation,data/highway_full_cost_model/csv_exports/hwy92_original/rur_exp_93.csv,,column_13,,mixed_numeric_text,53,CAPRURINT | 29484 | 50659 | 66574 | 26357,,,csv,medium,"Some headers were missing; generated column_N names. Delimiter `,`; sampled first 59 rows."
paper-1998-04,The Full Cost Of Intercity Highway Transportation,UPLOADED,/Users/dlev2617/Documents/Code/Agents/github-packages/UPLOADED/paper-1998-04-the-full-cost-of-intercity-highway-transportation,data/highway_full_cost_model/csv_exports/hwy92_original/rur_exp_93.csv,,column_14,,mixed_numeric_text,55,RURAL | INTERSTATE | VMTRURINT | 4442 | 677,,,csv,medium,"Some headers were missing; generated column_N names. Delimiter `,`; sampled first 59 rows."
paper-1998-04,The Full Cost Of Intercity Highway Transportation,UPLOADED,/Users/dlev2617/Documents/Code/Agents/github-packages/UPLOADED/paper-1998-04-the-full-cost-of-intercity-highway-transportation,data/highway_full_cost_model/csv_exports/hwy92_original/sheet2.csv,,column_1,,text,59,Alabama | Alaska | Arizona | Arkansas | California,,,csv,medium,"Some headers were missing; generated column_N names. Delimiter `,`; sampled first 60 rows."
paper-1998-04,The Full Cost Of Intercity Highway Transportation,UPLOADED,/Users/dlev2617/Documents/Code/Agents/github-packages/UPLOADED/paper-1998-04-the-full-cost-of-intercity-highway-transportation,data/highway_full_cost_model/csv_exports/hwy92_original/sheet2.csv,,POP90(THSD),,numeric,52,4089 | 570 | 3750 | 2372 | 30380,460,252181,csv,medium,"Some headers were missing; generated column_N names. Delimiter `,`; sampled first 60 rows."
paper-1998-04,The Full Cost Of Intercity Highway Transportation,UPLOADED,/Users/dlev2617/Documents/Code/Agents/github-packages/UPLOADED/paper-1998-04-the-full-cost-of-intercity-highway-transportation,data/highway_full_cost_model/csv_exports/hwy92_original/sheet2.csv,,SQMILES,,numeric,52,52423 | 591004 | 114006 | 53182 | 163707,67,3717528,csv,medium,"Some headers were missing; generated column_N names. Delimiter `,`; sampled first 60 rows."
paper-1998-04,The Full Cost Of Intercity Highway Transportation,UPLOADED,/Users/dlev2617/Documents/Code/Agents/github-packages/UPLOADED/paper-1998-04-the-full-cost-of-intercity-highway-transportation,data/highway_full_cost_model/csv_exports/hwy92_original/sheet2.csv,,POPDENS=LAND,,numeric,52,78.0001144535795 | 0.964460477424857 | 32.8930056312826 | 44.6015569177541 | 185.575448820148,0.964460477425,8925.37313433,csv,medium,"Some headers were missing; generated column_N names. Delimiter `,`; sampled first 60 rows."
paper-1998-04,The Full Cost Of Intercity Highway Transportation,UPLOADED,/Users/dlev2617/Documents/Code/Agents/github-packages/UPLOADED/paper-1998-04-the-full-cost-of-intercity-highway-transportation,data/highway_full_cost_model/csv_exports/hwy92_original/sheet2.csv,,CAPTOTTOT93,,mixed_numeric_text,52,470232 | 242000 | 480799 | 362332 | 2135323,,,csv,medium,"Some headers were missing; generated column_N names. Delimiter `,`; sampled first 60 rows."
paper-1998-04,The Full Cost Of Intercity Highway Transportation,UPLOADED,/Users/dlev2617/Documents/Code/Agents/github-packages/UPLOADED/paper-1998-04-the-full-cost-of-intercity-highway-transportation,data/highway_full_cost_model/csv_exports/hwy92_original/sheet2.csv,,MILTOTTOT93,,numeric,53,92209 | 13849 | 55763 | 77192 | 169201,0,3904721,csv,medium,"Some headers were missing; generated column_N names. Delimiter `,`; sampled first 60 rows."
paper-1998-04,The Full Cost Of Intercity Highway Transportation,UPLOADED,/Users/dlev2617/Documents/Code/Agents/github-packages/UPLOADED/paper-1998-04-the-full-cost-of-intercity-highway-transportation,data/highway_full_cost_model/csv_exports/hwy92_original/sheet2.csv,,MILES92,,numeric,52,92201 | 13634 | 55969 | 77162 | 168378,1104,3901715,csv,medium,"Some headers were missing; generated column_N names. Delimiter `,`; sampled first 60 rows."
paper-1998-04,The Full Cost Of Intercity Highway Transportation,UPLOADED,/Users/dlev2617/Documents/Code/Agents/github-packages/UPLOADED/paper-1998-04-the-full-cost-of-intercity-highway-transportation,data/highway_full_cost_model/csv_exports/hwy92_original/sheet2.csv,,NETMILES,,numeric,53,8 | 215 | -206 | 30 | 823,-3760,3006,csv,medium,"Some headers were missing; generated column_N names. Delimiter `,`; sampled first 60 rows."
paper-1998-04,The Full Cost Of Intercity Highway Transportation,UPLOADED,/Users/dlev2617/Documents/Code/Agents/github-packages/UPLOADED/paper-1998-04-the-full-cost-of-intercity-highway-transportation,data/highway_full_cost_model/csv_exports/hwy92_original/sheet2.csv,,PCAPperMIL93,,mixed_numeric_text,51,58779 | 1125.58139534884 | -2333.97572815534 | 12077.7333333333 | 2594.56014580802,,,csv,medium,"Some headers were missing; generated column_N names. Delimiter `,`; sampled first 60 rows."
paper-1998-04,The Full Cost Of Intercity Highway Transportation,UPLOADED,/Users/dlev2617/Documents/Code/Agents/github-packages/UPLOADED/paper-1998-04-the-full-cost-of-intercity-highway-transportation,data/highway_full_cost_model/csv_exports/hwy92_original/timeser3.csv,,column_1,,text,51,"""",,,csv,medium,"Some headers were missing; generated column_N names. Delimiter `,`; sampled first 52 rows."
paper-1998-04,The Full Cost Of Intercity Highway Transportation,UPLOADED,/Users/dlev2617/Documents/Code/Agents/github-packages/UPLOADED/paper-1998-04-the-full-cost-of-intercity-highway-transportation,data/highway_full_cost_model/csv_exports/hwy92_original/timeser3.csv,,STATE,,text,51,ALABAMA | ALASKA | ARIZONA | ARKANSAS | CALIFORNIA,,,csv,medium,"Some headers were missing; generated column_N names. Delimiter `,`; sampled first 52 rows."
paper-1998-04,The Full Cost Of Intercity Highway Transportation,UPLOADED,/Users/dlev2617/Documents/Code/Agents/github-packages/UPLOADED/paper-1998-04-the-full-cost-of-intercity-highway-transportation,data/highway_full_cost_model/csv_exports/hwy92_original/timeser3.csv,,column_3,,text,51,"""",,,csv,medium,"Some headers were missing; generated column_N names. Delimiter `,`; sampled first 52 rows."
paper-1998-04,The Full Cost Of Intercity Highway Transportation,UPLOADED,/Users/dlev2617/Documents/Code/Agents/github-packages/UPLOADED/paper-1998-04-the-full-cost-of-intercity-highway-transportation,data/highway_full_cost_model/csv_exports/hwy92_original/timeser3.csv,,YEAR,,numeric,51,1988 | 0,0,1988,csv,medium,"Some headers were missing; generated column_N names. Delimiter `,`; sampled first 52 rows."
paper-1998-04,The Full Cost Of Intercity Highway Transportation,UPLOADED,/Users/dlev2617/Documents/Code/Agents/github-packages/UPLOADED/paper-1998-04-the-full-cost-of-intercity-highway-transportation,data/highway_full_cost_model/csv_exports/hwy92_original/timeser3.csv,,HIGHWAY,,numeric,51,8905.74 | 0 | 7955.02 | 4829.36 | 42835.42,0,42835.42,csv,medium,"Some headers were missing; generated column_N names. Delimiter `,`; sampled first 52 rows."
paper-1998-04,The Full Cost Of Intercity Highway Transportation,UPLOADED,/Users/dlev2617/Documents/Code/Agents/github-packages/UPLOADED/paper-1998-04-the-full-cost-of-intercity-highway-transportation,data/highway_full_cost_model/csv_exports/hwy92_original/timeser3.csv,,GSP,,numeric,51,53547 | 0 | 50630 | 29802 | 528674,0,528674,csv,medium,"Some headers were missing; generated column_N names. Delimiter `,`; sampled first 52 rows."
paper-1998-04,The Full Cost Of Intercity Highway Transportation,UPLOADED,/Users/dlev2617/Documents/Code/Agents/github-packages/UPLOADED/paper-1998-04-the-full-cost-of-intercity-highway-transportation,data/highway_full_cost_model/csv_exports/hwy92_original/timeser3.csv,,TOTPUB,,numeric,51,20204.46 | 0 | 23693.97 | 10411.96 | 145321.6,0,145321.6,csv,medium,"Some headers were missing; generated column_N names. Delimiter `,`; sampled first 52 rows."
paper-1998-04,The Full Cost Of Intercity Highway Transportation,UPLOADED,/Users/dlev2617/Documents/Code/Agents/github-packages/UPLOADED/paper-1998-04-the-full-cost-of-intercity-highway-transportation,data/highway_full_cost_model/csv_exports/hwy92_original/timeser3.csv,,PVTCAP,,numeric,51,66008.17 | 0 | 48932.84 | 34924.26 | 400653.1,0,400653.1,csv,medium,"Some headers were missing; generated column_N names. Delimiter `,`; sampled first 52 rows."
paper-1998-04,The Full Cost Of Intercity Highway Transportation,UPLOADED,/Users/dlev2617/Documents/Code/Agents/github-packages/UPLOADED/paper-1998-04-the-full-cost-of-intercity-highway-transportation,data/highway_full_cost_model/csv_exports/hwy92_original/timeser3.csv,,AREA,,numeric,51,52423 | 0 | 114006 | 53182 | 163707,0,268601,csv,medium,"Some headers were missing; generated column_N names. Delimiter `,`; sampled first 52 rows."
paper-1998-04,The Full Cost Of Intercity Highway Transportation,UPLOADED,/Users/dlev2617/Documents/Code/Agents/github-packages/UPLOADED/paper-1998-04-the-full-cost-of-intercity-highway-transportation,data/highway_full_cost_model/csv_exports/hwy92_original/timeser3.csv,,ROW,,numeric,51,41714000 | 0 | 216000000 | 11366000 | 244000000,0,247000000,csv,medium,"Some headers were missing; generated column_N names. Delimiter `,`; sampled first 52 rows."
paper-1998-04,The Full Cost Of Intercity Highway Transportation,UPLOADED,/Users/dlev2617/Documents/Code/Agents/github-packages/UPLOADED/paper-1998-04-the-full-cost-of-intercity-highway-transportation,data/highway_full_cost_model/csv_exports/hwy92_original/timeser3.csv,,TCAP,,numeric,51,470000000 | 0 | 1070000000 | 307000000 | 2220000000,0,2980000000,csv,medium,"Some headers were missing; generated column_N names. Delimiter `,`; sampled first 52 rows."
paper-1998-04,The Full Cost Of Intercity Highway Transportation,UPLOADED,/Users/dlev2617/Documents/Code/Agents/github-packages/UPLOADED/paper-1998-04-the-full-cost-of-intercity-highway-transportation,data/highway_full_cost_model/csv_exports/hwy92_original/timeser3.csv,,TMANT,,numeric,51,342000000 | 0 | 199000000 | 197000000 | 1560000000,0,1740000000,csv,medium,"Some headers were missing; generated column_N names. Delimiter `,`; sampled first 52 rows."
paper-1998-04,The Full Cost Of Intercity Highway Transportation,UPLOADED,/Users/dlev2617/Documents/Code/Agents/github-packages/UPLOADED/paper-1998-04-the-full-cost-of-intercity-highway-transportation,data/highway_full_cost_model/csv_exports/hwy92_original/tot_exp_93.csv,,column_1,,text,54,STATE | Alabama | Alaska | Arizona | Arkansas,,,csv,medium,"Some headers were missing; generated column_N names. Delimiter `,`; sampled first 59 rows."
paper-1998-04,The Full Cost Of Intercity Highway Transportation,UPLOADED,/Users/dlev2617/Documents/Code/Agents/github-packages/UPLOADED/paper-1998-04-the-full-cost-of-intercity-highway-transportation,data/highway_full_cost_model/csv_exports/hwy92_original/tot_exp_93.csv,,"STATE HIGHWAY AGENCY CAPITAL OUTLAY AND MAINTENANCE - 1993, Table SF-12 p.IV-67",,mixed_numeric_text,56,CAPITAL | TOTAL (RUR+URB) | INTERSTATE | CAPTOTINT | 154832,,,csv,medium,"Some headers were missing; generated column_N names. Delimiter `,`; sampled first 59 rows."
paper-1998-04,The Full Cost Of Intercity Highway Transportation,UPLOADED,/Users/dlev2617/Documents/Code/Agents/github-packages/UPLOADED/paper-1998-04-the-full-cost-of-intercity-highway-transportation,data/highway_full_cost_model/csv_exports/hwy92_original/tot_exp_93.csv,,column_3,,mixed_numeric_text,56,(thousands of dollars) | TOTAL | LOCAL | CAPTOTLOC | 315400,,,csv,medium,"Some headers were missing; generated column_N names. Delimiter `,`; sampled first 59 rows."
paper-1998-04,The Full Cost Of Intercity Highway Transportation,UPLOADED,/Users/dlev2617/Documents/Code/Agents/github-packages/UPLOADED/paper-1998-04-the-full-cost-of-intercity-highway-transportation,data/highway_full_cost_model/csv_exports/hwy92_original/tot_exp_93.csv,,column_4,,mixed_numeric_text,55,TOTAL | CAPTOTTOT | 470232 | 242000 | 480799,,,csv,medium,"Some headers were missing; generated column_N names. Delimiter `,`; sampled first 59 rows."
paper-1998-04,The Full Cost Of Intercity Highway Transportation,UPLOADED,/Users/dlev2617/Documents/Code/Agents/github-packages/UPLOADED/paper-1998-04-the-full-cost-of-intercity-highway-transportation,data/highway_full_cost_model/csv_exports/hwy92_original/tot_exp_93.csv,,column_5,,mixed_numeric_text,56,MAINTENANCE | TOTAL | INTERSTATE | MNTTOTINT | 14420,,,csv,medium,"Some headers were missing; generated column_N names. Delimiter `,`; sampled first 59 rows."
paper-1998-04,The Full Cost Of Intercity Highway Transportation,UPLOADED,/Users/dlev2617/Documents/Code/Agents/github-packages/UPLOADED/paper-1998-04-the-full-cost-of-intercity-highway-transportation,data/highway_full_cost_model/csv_exports/hwy92_original/tot_exp_93.csv,,column_6,,mixed_numeric_text,55,TOTAL | LOCAL | MNTTOTLOC | 143448 | 28287,,,csv,medium,"Some headers were missing; generated column_N names. Delimiter `,`; sampled first 59 rows."
paper-1998-04,The Full Cost Of Intercity Highway Transportation,UPLOADED,/Users/dlev2617/Documents/Code/Agents/github-packages/UPLOADED/paper-1998-04-the-full-cost-of-intercity-highway-transportation,data/highway_full_cost_model/csv_exports/hwy92_original/tot_exp_93.csv,,column_7,,mixed_numeric_text,55,TOTAL | MNTTOTTOT | 157868 | 33400 | 68839,,,csv,medium,"Some headers were missing; generated column_N names. Delimiter `,`; sampled first 59 rows."
paper-1998-04,The Full Cost Of Intercity Highway Transportation,UPLOADED,/Users/dlev2617/Documents/Code/Agents/github-packages/UPLOADED/paper-1998-04-the-full-cost-of-intercity-highway-transportation,data/highway_full_cost_model/csv_exports/hwy92_original/trucks.csv,,STATE,,text,54,Alabama | Alaska | Arizona | Arkansas | California,,,csv,medium,"Some headers were missing; generated column_N names. Delimiter `,`; sampled first 58 rows."
paper-1998-04,The Full Cost Of Intercity Highway Transportation,UPLOADED,/Users/dlev2617/Documents/Code/Agents/github-packages/UPLOADED/paper-1998-04-the-full-cost-of-intercity-highway-transportation,data/highway_full_cost_model/csv_exports/hwy92_original/trucks.csv,,"DISTRIBUTION OF ANNUAL VEHICLE MILES BY VEHICLE TYPE - 1993 VM-4 p v121, v124",,mixed_numeric_text,55,RURAL | INTERSTATE | RURPASSVEH | 56 | 57.9,,,csv,medium,"Some headers were missing; generated column_N names. Delimiter `,`; sampled first 58 rows."
paper-1998-04,The Full Cost Of Intercity Highway Transportation,UPLOADED,/Users/dlev2617/Documents/Code/Agents/github-packages/UPLOADED/paper-1998-04-the-full-cost-of-intercity-highway-transportation,data/highway_full_cost_model/csv_exports/hwy92_original/trucks.csv,,column_3,,mixed_numeric_text,54,TRUCK-SING | RURTRUSING | 16.9 | 39.7 | 26,,,csv,medium,"Some headers were missing; generated column_N names. Delimiter `,`; sampled first 58 rows."
paper-1998-04,The Full Cost Of Intercity Highway Transportation,UPLOADED,/Users/dlev2617/Documents/Code/Agents/github-packages/UPLOADED/paper-1998-04-the-full-cost-of-intercity-highway-transportation,data/highway_full_cost_model/csv_exports/hwy92_original/trucks.csv,,column_4,,mixed_numeric_text,54,TRUCK-COMB | RURTRUCOM | 27.1 | 2.4 | 16.3,,,csv,medium,"Some headers were missing; generated column_N names. Delimiter `,`; sampled first 58 rows."
paper-1998-04,The Full Cost Of Intercity Highway Transportation,UPLOADED,/Users/dlev2617/Documents/Code/Agents/github-packages/UPLOADED/paper-1998-04-the-full-cost-of-intercity-highway-transportation,data/highway_full_cost_model/csv_exports/hwy92_original/trucks.csv,,column_5,,mixed_numeric_text,55,URBAN | INTERSTATE | URBPASSVEH | 72.7 | 85.1,,,csv,medium,"Some headers were missing; generated column_N names. Delimiter `,`; sampled first 58 rows."
paper-1998-04,The Full Cost Of Intercity Highway Transportation,UPLOADED,/Users/dlev2617/Documents/Code/Agents/github-packages/UPLOADED/paper-1998-04-the-full-cost-of-intercity-highway-transportation,data/highway_full_cost_model/csv_exports/hwy92_original/trucks.csv,,column_6,,mixed_numeric_text,54,TRUCK-SING | URBTRUSING | 14.3 | 14.2 | 33.2,,,csv,medium,"Some headers were missing; generated column_N names. Delimiter `,`; sampled first 58 rows."
paper-1998-04,The Full Cost Of Intercity Highway Transportation,UPLOADED,/Users/dlev2617/Documents/Code/Agents/github-packages/UPLOADED/paper-1998-04-the-full-cost-of-intercity-highway-transportation,data/highway_full_cost_model/csv_exports/hwy92_original/trucks.csv,,column_7,,mixed_numeric_text,54,TRUCK-COMB | URBTRUCOMB | 13 | 0.700000000000006 | 8.09999999999999,,,csv,medium,"Some headers were missing; generated column_N names. Delimiter `,`; sampled first 58 rows."
paper-1998-04,The Full Cost Of Intercity Highway Transportation,UPLOADED,/Users/dlev2617/Documents/Code/Agents/github-packages/UPLOADED/paper-1998-04-the-full-cost-of-intercity-highway-transportation,data/highway_full_cost_model/csv_exports/hwy92_original/urb_exp_93.csv,,column_1,,text,54,STATE | Alabama | Alaska | Arizona | Arkansas,,,csv,medium,"Some headers were missing; generated column_N names. Delimiter `,`; sampled first 59 rows."
paper-1998-04,The Full Cost Of Intercity Highway Transportation,UPLOADED,/Users/dlev2617/Documents/Code/Agents/github-packages/UPLOADED/paper-1998-04-the-full-cost-of-intercity-highway-transportation,data/highway_full_cost_model/csv_exports/hwy92_original/urb_exp_93.csv,,"STATE HIGHWAY AGENCY CAPITAL OUTLAY AND MAINTENANCE - 1993, Table SF-12 p.IV-67-64",,mixed_numeric_text,57,CAPITAL | URBAN | INTERSTATE | CAPURBINT | 125348,,,csv,medium,"Some headers were missing; generated column_N names. Delimiter `,`; sampled first 59 rows."
paper-1998-04,The Full Cost Of Intercity Highway Transportation,UPLOADED,/Users/dlev2617/Documents/Code/Agents/github-packages/UPLOADED/paper-1998-04-the-full-cost-of-intercity-highway-transportation,data/highway_full_cost_model/csv_exports/hwy92_original/urb_exp_93.csv,,column_3,,mixed_numeric_text,57,(thousands of dollars) | URBAN | LOCAL | CAPURBLOC | 77005,,,csv,medium,"Some headers were missing; generated column_N names. Delimiter `,`; sampled first 59 rows."
paper-1998-04,The Full Cost Of Intercity Highway Transportation,UPLOADED,/Users/dlev2617/Documents/Code/Agents/github-packages/UPLOADED/paper-1998-04-the-full-cost-of-intercity-highway-transportation,data/highway_full_cost_model/csv_exports/hwy92_original/urb_exp_93.csv,,column_4,,mixed_numeric_text,56,URBAN | TOTAL | CAPURBTOT | 202353 | 106676,,,csv,medium,"Some headers were missing; generated column_N names. Delimiter `,`; sampled first 59 rows."
paper-1998-04,The Full Cost Of Intercity Highway Transportation,UPLOADED,/Users/dlev2617/Documents/Code/Agents/github-packages/UPLOADED/paper-1998-04-the-full-cost-of-intercity-highway-transportation,data/highway_full_cost_model/csv_exports/hwy92_original/urb_exp_93.csv,,column_5,,mixed_numeric_text,57,MAINTENANCE | URBAN | INTERSTATE | MNTURBINT | 7008,,,csv,medium,"Some headers were missing; generated column_N names. Delimiter `,`; sampled first 59 rows."
paper-1998-04,The Full Cost Of Intercity Highway Transportation,UPLOADED,/Users/dlev2617/Documents/Code/Agents/github-packages/UPLOADED/paper-1998-04-the-full-cost-of-intercity-highway-transportation,data/highway_full_cost_model/csv_exports/hwy92_original/urb_exp_93.csv,,column_6,,mixed_numeric_text,56,URBAN | LOCAL | MNTURBLOC | 87510 | 19907,,,csv,medium,"Some headers were missing; generated column_N names. Delimiter `,`; sampled first 59 rows."
paper-1998-04,The Full Cost Of Intercity Highway Transportation,UPLOADED,/Users/dlev2617/Documents/Code/Agents/github-packages/UPLOADED/paper-1998-04-the-full-cost-of-intercity-highway-transportation,data/highway_full_cost_model/csv_exports/hwy92_original/urb_exp_93.csv,,column_7,,mixed_numeric_text,56,URBAN | TOTAL | MNTURBTOT | 94518 | 21276,,,csv,medium,"Some headers were missing; generated column_N names. Delimiter `,`; sampled first 59 rows."
paper-1998-04,The Full Cost Of Intercity Highway Transportation,UPLOADED,/Users/dlev2617/Documents/Code/Agents/github-packages/UPLOADED/paper-1998-04-the-full-cost-of-intercity-highway-transportation,data/highway_full_cost_model/csv_exports/hwy92_original/vmt_92.csv,,column_1,,text,54,STATE | Alabama | Alaska | Arizona | Arkansas,,,csv,medium,"Some headers were missing; generated column_N names. Delimiter `,`; sampled first 61 rows."
paper-1998-04,The Full Cost Of Intercity Highway Transportation,UPLOADED,/Users/dlev2617/Documents/Code/Agents/github-packages/UPLOADED/paper-1998-04-the-full-cost-of-intercity-highway-transportation,data/highway_full_cost_model/csv_exports/hwy92_original/vmt_92.csv,,"Source: Table VM2, pV-117 Annual Vehicle Miles of Travel 1992 Revised",,mixed_numeric_text,57,1993 Highway Statistics (FHWA PL-94-023) | VMT 1992 (millions) | RURAL | INTERSTATE | VMTRURINT,,,csv,medium,"Some headers were missing; generated column_N names. Delimiter `,`; sampled first 61 rows."
paper-1998-04,The Full Cost Of Intercity Highway Transportation,UPLOADED,/Users/dlev2617/Documents/Code/Agents/github-packages/UPLOADED/paper-1998-04-the-full-cost-of-intercity-highway-transportation,data/highway_full_cost_model/csv_exports/hwy92_original/vmt_92.csv,,column_3,,mixed_numeric_text,55,RURAL | NON-INTERSTATE | VMTRURLOC | 18361 | 1328,,,csv,medium,"Some headers were missing; generated column_N names. Delimiter `,`; sampled first 61 rows."
paper-1998-04,The Full Cost Of Intercity Highway Transportation,UPLOADED,/Users/dlev2617/Documents/Code/Agents/github-packages/UPLOADED/paper-1998-04-the-full-cost-of-intercity-highway-transportation,data/highway_full_cost_model/csv_exports/hwy92_original/vmt_92.csv,,column_4,,mixed_numeric_text,54,RURAL TOTAL | VMTRURTOT | 22803 | 2005 | 13788,,,csv,medium,"Some headers were missing; generated column_N names. Delimiter `,`; sampled first 61 rows."
paper-1998-04,The Full Cost Of Intercity Highway Transportation,UPLOADED,/Users/dlev2617/Documents/Code/Agents/github-packages/UPLOADED/paper-1998-04-the-full-cost-of-intercity-highway-transportation,data/highway_full_cost_model/csv_exports/hwy92_original/vmt_92.csv,,column_5,,mixed_numeric_text,57,URBAN | INTERSTATE | VMTURBINT | 4208 | 450,,,csv,medium,"Some headers were missing; generated column_N names. Delimiter `,`; sampled first 61 rows."
paper-1998-04,The Full Cost Of Intercity Highway Transportation,UPLOADED,/Users/dlev2617/Documents/Code/Agents/github-packages/UPLOADED/paper-1998-04-the-full-cost-of-intercity-highway-transportation,data/highway_full_cost_model/csv_exports/hwy92_original/vmt_92.csv,,column_6,,mixed_numeric_text,54,OTHER FWY | VMTURBFWY | 326 | 0 | 1344,,,csv,medium,"Some headers were missing; generated column_N names. Delimiter `,`; sampled first 61 rows."
paper-1998-04,The Full Cost Of Intercity Highway Transportation,UPLOADED,/Users/dlev2617/Documents/Code/Agents/github-packages/UPLOADED/paper-1998-04-the-full-cost-of-intercity-highway-transportation,data/highway_full_cost_model/csv_exports/hwy92_original/vmt_92.csv,,column_7,,mixed_numeric_text,55,URBAN | NON-INTERSTATE | VMTURBLOC | 18425 | 1386,,,csv,medium,"Some headers were missing; generated column_N names. Delimiter `,`; sampled first 61 rows."
paper-1998-04,The Full Cost Of Intercity Highway Transportation,UPLOADED,/Users/dlev2617/Documents/Code/Agents/github-packages/UPLOADED/paper-1998-04-the-full-cost-of-intercity-highway-transportation,data/highway_full_cost_model/csv_exports/hwy92_original/vmt_92.csv,,column_8,,mixed_numeric_text,55,URBAN | TOTAL | VMTURBTOT | 22959 | 1836,,,csv,medium,"Some headers were missing; generated column_N names. Delimiter `,`; sampled first 61 rows."
paper-1998-04,The Full Cost Of Intercity Highway Transportation,UPLOADED,/Users/dlev2617/Documents/Code/Agents/github-packages/UPLOADED/paper-1998-04-the-full-cost-of-intercity-highway-transportation,data/highway_full_cost_model/csv_exports/hwy92_original/vmt_92.csv,,column_9,,text,1,=SUM(I7:I57),,,csv,medium,"Some headers were missing; generated column_N names. Delimiter `,`; sampled first 61 rows."
paper-1998-04,The Full Cost Of Intercity Highway Transportation,UPLOADED,/Users/dlev2617/Documents/Code/Agents/github-packages/UPLOADED/paper-1998-04-the-full-cost-of-intercity-highway-transportation,data/highway_full_cost_model/csv_exports/hwy92_original/y-output.csv,,column_1,,text,54,Alabama | Alaska | Arizona | Arkansas | California,,,csv,medium,"Some headers were missing; generated column_N names. Delimiter `,`; sampled first 55 rows."
paper-1998-04,The Full Cost Of Intercity Highway Transportation,UPLOADED,/Users/dlev2617/Documents/Code/Agents/github-packages/UPLOADED/paper-1998-04-the-full-cost-of-intercity-highway-transportation,data/highway_full_cost_model/csv_exports/hwy92_original/y-output.csv,,Ya Auto VMT (millions),,mixed_numeric_text,53,29460.873 | 2723.331 | 20434.709 | 14028.824 | 217495.083,,,csv,medium,"Some headers were missing; generated column_N names. Delimiter `,`; sampled first 55 rows."
paper-1998-04,The Full Cost Of Intercity Highway Transportation,UPLOADED,/Users/dlev2617/Documents/Code/Agents/github-packages/UPLOADED/paper-1998-04-the-full-cost-of-intercity-highway-transportation,data/highway_full_cost_model/csv_exports/hwy92_original/y-output.csv,,Ys Single Truck VMT (Millions),,mixed_numeric_text,53,7136.844 | 1056.697 | 10642.868 | 3205.316 | 32116.494,,,csv,medium,"Some headers were missing; generated column_N names. Delimiter `,`; sampled first 55 rows."
paper-1998-04,The Full Cost Of Intercity Highway Transportation,UPLOADED,/Users/dlev2617/Documents/Code/Agents/github-packages/UPLOADED/paper-1998-04-the-full-cost-of-intercity-highway-transportation,data/highway_full_cost_model/csv_exports/hwy92_original/y-output.csv,,Yc Combination Truck VMT (millions),,mixed_numeric_text,53,9164.283 | 60.9720000000001 | 3969.423 | 5846.86 | 12936.423,,,csv,medium,"Some headers were missing; generated column_N names. Delimiter `,`; sampled first 55 rows."
paper-1998-04,The Full Cost Of Intercity Highway Transportation,UPLOADED,/Users/dlev2617/Documents/Code/Agents/github-packages/UPLOADED/paper-1998-04-the-full-cost-of-intercity-highway-transportation,data/highway_full_cost_model/csv_exports/hwy92_original/y-output.csv,,%URBAN,,mixed_numeric_text,52,0.501704470958437 | 0.478000520697735 | 0.606585442405912 | 0.348035180451454 | 0.801190639425934,,,csv,medium,"Some headers were missing; generated column_N names. Delimiter `,`; sampled first 55 rows."
paper-1998-04,The Full Cost Of Intercity Highway Transportation,UPLOADED,/Users/dlev2617/Documents/Code/Agents/github-packages/UPLOADED/paper-1998-04-the-full-cost-of-intercity-highway-transportation,data/highway_full_cost_model/csv_exports/hwy92_original/y-output.csv,,%FREEWAY,,mixed_numeric_text,52,0.196145273370919 | 0.293413173652695 | 0.269837646588866 | 0.243273688315064 | 0.416000121882475,,,csv,medium,"Some headers were missing; generated column_N names. Delimiter `,`; sampled first 55 rows."
paper-1998-04,The Full Cost Of Intercity Highway Transportation,UPLOADED,/Users/dlev2617/Documents/Code/Agents/github-packages/UPLOADED/paper-1998-04-the-full-cost-of-intercity-highway-transportation,data/highway_full_cost_model/modernized_xlsx/data_master_original_legacy.xlsx,Sheet1,column_1,,text,53,Alabama | Alaska | Arizona | Arkansas | California,,,xlsx,medium,Some headers were missing; generated column_N names. Sampled first 54 non-empty rows from worksheet.
paper-1998-04,The Full Cost Of Intercity Highway Transportation,UPLOADED,/Users/dlev2617/Documents/Code/Agents/github-packages/UPLOADED/paper-1998-04-the-full-cost-of-intercity-highway-transportation,data/highway_full_cost_model/modernized_xlsx/data_master_original_legacy.xlsx,Sheet1,CAPURBINT,,mixed_numeric_text,53,125348 | 35459 | 48078 | 6623 | 513828,,,xlsx,medium,Some headers were missing; generated column_N names. Sampled first 54 non-empty rows from worksheet.
paper-1998-04,The Full Cost Of Intercity Highway Transportation,UPLOADED,/Users/dlev2617/Documents/Code/Agents/github-packages/UPLOADED/paper-1998-04-the-full-cost-of-intercity-highway-transportation,data/highway_full_cost_model/modernized_xlsx/data_master_original_legacy.xlsx,Sheet1,CAPURBLOC,,mixed_numeric_text,53,77005 | 71217 | 229257 | 132474 | 881208,,,xlsx,medium,Some headers were missing; generated column_N names. Sampled first 54 non-empty rows from worksheet.
paper-1998-04,The Full Cost Of Intercity Highway Transportation,UPLOADED,/Users/dlev2617/Documents/Code/Agents/github-packages/UPLOADED/paper-1998-04-the-full-cost-of-intercity-highway-transportation,data/highway_full_cost_model/modernized_xlsx/data_master_original_legacy.xlsx,Sheet1,CAPURBTOT,,mixed_numeric_text,53,202353 | 106676 | 277335 | 139097 | 1395036,,,xlsx,medium,Some headers were missing; generated column_N names. Sampled first 54 non-empty rows from worksheet.
paper-1998-04,The Full Cost Of Intercity Highway Transportation,UPLOADED,/Users/dlev2617/Documents/Code/Agents/github-packages/UPLOADED/paper-1998-04-the-full-cost-of-intercity-highway-transportation,data/highway_full_cost_model/modernized_xlsx/data_master_original_legacy.xlsx,Sheet1,MNTURBINT,,mixed_numeric_text,53,7008 | 1369 | #VALUE! | 1387 | 51921,,,xlsx,medium,Some headers were missing; generated column_N names. Sampled first 54 non-empty rows from worksheet.
paper-1998-04,The Full Cost Of Intercity Highway Transportation,UPLOADED,/Users/dlev2617/Documents/Code/Agents/github-packages/UPLOADED/paper-1998-04-the-full-cost-of-intercity-highway-transportation,data/highway_full_cost_model/modernized_xlsx/data_master_original_legacy.xlsx,Sheet1,MNTURBLOC,,mixed_numeric_text,53,87510 | 19907 | #VALUE! | 24221 | 80647,,,xlsx,medium,Some headers were missing; generated column_N names. Sampled first 54 non-empty rows from worksheet.
paper-1998-04,The Full Cost Of Intercity Highway Transportation,UPLOADED,/Users/dlev2617/Documents/Code/Agents/github-packages/UPLOADED/paper-1998-04-the-full-cost-of-intercity-highway-transportation,data/highway_full_cost_model/modernized_xlsx/data_master_original_legacy.xlsx,Sheet1,MNTURBTOT,,mixed_numeric_text,53,94518 | 21276 | #VALUE! | 25608 | 132568,,,xlsx,medium,Some headers were missing; generated column_N names. Sampled first 54 non-empty rows from worksheet.
paper-1998-04,The Full Cost Of Intercity Highway Transportation,UPLOADED,/Users/dlev2617/Documents/Code/Agents/github-packages/UPLOADED/paper-1998-04-the-full-cost-of-intercity-highway-transportation,data/highway_full_cost_model/modernized_xlsx/data_master_original_legacy.xlsx,Sheet1,CAPRURINT,,mixed_numeric_text,52,29484 | 50659 | 66574 | 26357 | 61578,,,xlsx,medium,Some headers were missing; generated column_N names. Sampled first 54 non-empty rows from worksheet.
paper-1998-04,The Full Cost Of Intercity Highway Transportation,UPLOADED,/Users/dlev2617/Documents/Code/Agents/github-packages/UPLOADED/paper-1998-04-the-full-cost-of-intercity-highway-transportation,data/highway_full_cost_model/modernized_xlsx/data_master_original_legacy.xlsx,Sheet1,CAPRURLOC,,mixed_numeric_text,52,238395 | 84665 | 136890 | 196878 | 678709,,,xlsx,medium,Some headers were missing; generated column_N names. Sampled first 54 non-empty rows from worksheet.
paper-1998-04,The Full Cost Of Intercity Highway Transportation,UPLOADED,/Users/dlev2617/Documents/Code/Agents/github-packages/UPLOADED/paper-1998-04-the-full-cost-of-intercity-highway-transportation,data/highway_full_cost_model/modernized_xlsx/data_master_original_legacy.xlsx,Sheet1,CAPRURTOT,,mixed_numeric_text,52,267879 | 135324 | 203464 | 223235 | 740287,,,xlsx,medium,Some headers were missing; generated column_N names. Sampled first 54 non-empty rows from worksheet.
paper-1998-04,The Full Cost Of Intercity Highway Transportation,UPLOADED,/Users/dlev2617/Documents/Code/Agents/github-packages/UPLOADED/paper-1998-04-the-full-cost-of-intercity-highway-transportation,data/highway_full_cost_model/modernized_xlsx/data_master_original_legacy.xlsx,Sheet1,MNTRURINT,,mixed_numeric_text,52,7412 | 3744 | NA | 7154 | 44901,,,xlsx,medium,Some headers were missing; generated column_N names. Sampled first 54 non-empty rows from worksheet.
paper-1998-04,The Full Cost Of Intercity Highway Transportation,UPLOADED,/Users/dlev2617/Documents/Code/Agents/github-packages/UPLOADED/paper-1998-04-the-full-cost-of-intercity-highway-transportation,data/highway_full_cost_model/modernized_xlsx/data_master_original_legacy.xlsx,Sheet1,MNTRURLOC,,mixed_numeric_text,52,55938 | 8380 | #VALUE! | 60650 | 164991,,,xlsx,medium,Some headers were missing; generated column_N names. Sampled first 54 non-empty rows from worksheet.
paper-1998-04,The Full Cost Of Intercity Highway Transportation,UPLOADED,/Users/dlev2617/Documents/Code/Agents/github-packages/UPLOADED/paper-1998-04-the-full-cost-of-intercity-highway-transportation,data/highway_full_cost_model/modernized_xlsx/data_master_original_legacy.xlsx,Sheet1,MNTRURTOT,,mixed_numeric_text,52,63350 | 12124 | NA | 67804 | 209892,,,xlsx,medium,Some headers were missing; generated column_N names. Sampled first 54 non-empty rows from worksheet.
paper-1998-04,The Full Cost Of Intercity Highway Transportation,UPLOADED,/Users/dlev2617/Documents/Code/Agents/github-packages/UPLOADED/paper-1998-04-the-full-cost-of-intercity-highway-transportation,data/highway_full_cost_model/modernized_xlsx/data_master_original_legacy.xlsx,Sheet1,CAPTOTINT,,mixed_numeric_text,52,154832 | 86118 | 114652 | 32980 | 575406,,,xlsx,medium,Some headers were missing; generated column_N names. Sampled first 54 non-empty rows from worksheet.
paper-1998-04,The Full Cost Of Intercity Highway Transportation,UPLOADED,/Users/dlev2617/Documents/Code/Agents/github-packages/UPLOADED/paper-1998-04-the-full-cost-of-intercity-highway-transportation,data/highway_full_cost_model/modernized_xlsx/data_master_original_legacy.xlsx,Sheet1,CAPTOTLOC,,mixed_numeric_text,52,315400 | 155882 | 366147 | 329352 | 1559917,,,xlsx,medium,Some headers were missing; generated column_N names. Sampled first 54 non-empty rows from worksheet.
paper-1998-04,The Full Cost Of Intercity Highway Transportation,UPLOADED,/Users/dlev2617/Documents/Code/Agents/github-packages/UPLOADED/paper-1998-04-the-full-cost-of-intercity-highway-transportation,data/highway_full_cost_model/modernized_xlsx/data_master_original_legacy.xlsx,Sheet1,CAPTOTTOT,,mixed_numeric_text,52,470232 | 242000 | 480799 | 362332 | 2135323,,,xlsx,medium,Some headers were missing; generated column_N names. Sampled first 54 non-empty rows from worksheet.
paper-1998-04,The Full Cost Of Intercity Highway Transportation,UPLOADED,/Users/dlev2617/Documents/Code/Agents/github-packages/UPLOADED/paper-1998-04-the-full-cost-of-intercity-highway-transportation,data/highway_full_cost_model/modernized_xlsx/data_master_original_legacy.xlsx,Sheet1,MNTTOTINT,,mixed_numeric_text,52,14420 | 5113 | NA | 8541 | 96822,,,xlsx,medium,Some headers were missing; generated column_N names. Sampled first 54 non-empty rows from worksheet.
paper-1998-04,The Full Cost Of Intercity Highway Transportation,UPLOADED,/Users/dlev2617/Documents/Code/Agents/github-packages/UPLOADED/paper-1998-04-the-full-cost-of-intercity-highway-transportation,data/highway_full_cost_model/modernized_xlsx/data_master_original_legacy.xlsx,Sheet1,MNTTOTLOC,,mixed_numeric_text,52,143448 | 28287 | #VALUE! | 84871 | 245638,,,xlsx,medium,Some headers were missing; generated column_N names. Sampled first 54 non-empty rows from worksheet.
paper-1998-04,The Full Cost Of Intercity Highway Transportation,UPLOADED,/Users/dlev2617/Documents/Code/Agents/github-packages/UPLOADED/paper-1998-04-the-full-cost-of-intercity-highway-transportation,data/highway_full_cost_model/modernized_xlsx/data_master_original_legacy.xlsx,Sheet1,MNTTOTTOT,,mixed_numeric_text,52,157868 | 33400 | 68839 | 93412 | 342460,,,xlsx,medium,Some headers were missing; generated column_N names. Sampled first 54 non-empty rows from worksheet.
paper-1998-04,The Full Cost Of Intercity Highway Transportation,UPLOADED,/Users/dlev2617/Documents/Code/Agents/github-packages/UPLOADED/paper-1998-04-the-full-cost-of-intercity-highway-transportation,data/highway_full_cost_model/modernized_xlsx/data_master_original_legacy.xlsx,Sheet1,MILRURINT,,numeric,52,602 | 1003 | 987 | 412 | 1356,0,32622,xlsx,medium,Some headers were missing; generated column_N names. Sampled first 54 non-empty rows from worksheet.
paper-1998-04,The Full Cost Of Intercity Highway Transportation,UPLOADED,/Users/dlev2617/Documents/Code/Agents/github-packages/UPLOADED/paper-1998-04-the-full-cost-of-intercity-highway-transportation,data/highway_full_cost_model/modernized_xlsx/data_master_original_legacy.xlsx,Sheet1,MILRURLOC,,numeric,52,72226 | 11104 | 38436 | 69185 | 86784,0,3069021,xlsx,medium,Some headers were missing; generated column_N names. Sampled first 54 non-empty rows from worksheet.
paper-1998-04,The Full Cost Of Intercity Highway Transportation,UPLOADED,/Users/dlev2617/Documents/Code/Agents/github-packages/UPLOADED/paper-1998-04-the-full-cost-of-intercity-highway-transportation,data/highway_full_cost_model/modernized_xlsx/data_master_original_legacy.xlsx,Sheet1,MILRURTOT,,numeric,52,72828 | 12107 | 39423 | 69597 | 88140,0,3101643,xlsx,medium,Some headers were missing; generated column_N names. Sampled first 54 non-empty rows from worksheet.
paper-1998-04,The Full Cost Of Intercity Highway Transportation,UPLOADED,/Users/dlev2617/Documents/Code/Agents/github-packages/UPLOADED/paper-1998-04-the-full-cost-of-intercity-highway-transportation,data/highway_full_cost_model/modernized_xlsx/data_master_original_legacy.xlsx,Sheet1,MILURBINT,,numeric,52,297 | 54 | 202 | 131 | 1067,14,12878,xlsx,medium,Some headers were missing; generated column_N names. Sampled first 54 non-empty rows from worksheet.
paper-1998-04,The Full Cost Of Intercity Highway Transportation,UPLOADED,/Users/dlev2617/Documents/Code/Agents/github-packages/UPLOADED/paper-1998-04-the-full-cost-of-intercity-highway-transportation,data/highway_full_cost_model/modernized_xlsx/data_master_original_legacy.xlsx,Sheet1,MILURBFWY,,numeric,52,21 | 0 | 70 | 94 | 1393,0,8857,xlsx,medium,Some headers were missing; generated column_N names. Sampled first 54 non-empty rows from worksheet.
paper-1998-04,The Full Cost Of Intercity Highway Transportation,UPLOADED,/Users/dlev2617/Documents/Code/Agents/github-packages/UPLOADED/paper-1998-04-the-full-cost-of-intercity-highway-transportation,data/highway_full_cost_model/modernized_xlsx/data_master_original_legacy.xlsx,Sheet1,MILURBLOC,,numeric,52,91891 | 13795 | 55491 | 76967 | 166741,1074,3882986,xlsx,medium,Some headers were missing; generated column_N names. Sampled first 54 non-empty rows from worksheet.
paper-1998-04,The Full Cost Of Intercity Highway Transportation,UPLOADED,/Users/dlev2617/Documents/Code/Agents/github-packages/UPLOADED/paper-1998-04-the-full-cost-of-intercity-highway-transportation,data/highway_full_cost_model/modernized_xlsx/data_master_original_legacy.xlsx,Sheet1,MILURBTOT,,numeric,52,92209 | 13849 | 55763 | 77192 | 169201,1107,3904721,xlsx,medium,Some headers were missing; generated column_N names. Sampled first 54 non-empty rows from worksheet.
paper-1998-04,The Full Cost Of Intercity Highway Transportation,UPLOADED,/Users/dlev2617/Documents/Code/Agents/github-packages/UPLOADED/paper-1998-04-the-full-cost-of-intercity-highway-transportation,data/highway_full_cost_model/modernized_xlsx/data_master_original_legacy.xlsx,Sheet1,URBMIL+4,,numeric,52,43 | 10 | 54 | 45 | 940,0,6230,xlsx,medium,Some headers were missing; generated column_N names. Sampled first 54 non-empty rows from worksheet.
paper-1998-04,The Full Cost Of Intercity Highway Transportation,UPLOADED,/Users/dlev2617/Documents/Code/Agents/github-packages/UPLOADED/paper-1998-04-the-full-cost-of-intercity-highway-transportation,data/highway_full_cost_model/modernized_xlsx/data_master_original_legacy.xlsx,Sheet1,URBMIL-4,,numeric,52,254 | 44 | 148 | 86 | 127,4,6648,xlsx,medium,Some headers were missing; generated column_N names. Sampled first 54 non-empty rows from worksheet.
paper-1998-04,The Full Cost Of Intercity Highway Transportation,UPLOADED,/Users/dlev2617/Documents/Code/Agents/github-packages/UPLOADED/paper-1998-04-the-full-cost-of-intercity-highway-transportation,data/highway_full_cost_model/modernized_xlsx/data_master_original_legacy.xlsx,Sheet1,RURMIL+4,,numeric,52,0 | 3 | 286 | 21 | 22,0,1589,xlsx,medium,Some headers were missing; generated column_N names. Sampled first 54 non-empty rows from worksheet.
paper-1998-04,The Full Cost Of Intercity Highway Transportation,UPLOADED,/Users/dlev2617/Documents/Code/Agents/github-packages/UPLOADED/paper-1998-04-the-full-cost-of-intercity-highway-transportation,data/highway_full_cost_model/modernized_xlsx/data_master_original_legacy.xlsx,Sheet1,RURMIL-4,,numeric,52,602 | 1003 | 987 | 409 | 1070,0,31033,xlsx,medium,Some headers were missing; generated column_N names. Sampled first 54 non-empty rows from worksheet.
paper-1998-04,The Full Cost Of Intercity Highway Transportation,UPLOADED,/Users/dlev2617/Documents/Code/Agents/github-packages/UPLOADED/paper-1998-04-the-full-cost-of-intercity-highway-transportation,data/highway_full_cost_model/modernized_xlsx/data_master_original_legacy.xlsx,Sheet1,RURPASSVEH,,numeric,52,56 | 57.9 | 57.7 | 56.5 | 69.3,41.2,100,xlsx,medium,Some headers were missing; generated column_N names. Sampled first 54 non-empty rows from worksheet.
paper-1998-04,The Full Cost Of Intercity Highway Transportation,UPLOADED,/Users/dlev2617/Documents/Code/Agents/github-packages/UPLOADED/paper-1998-04-the-full-cost-of-intercity-highway-transportation,data/highway_full_cost_model/modernized_xlsx/data_master_original_legacy.xlsx,Sheet1,RURTRUSING,,numeric,52,16.9 | 39.7 | 26 | 13.4 | 17.2,0,39.7,xlsx,medium,Some headers were missing; generated column_N names. Sampled first 54 non-empty rows from worksheet.
paper-1998-04,The Full Cost Of Intercity Highway Transportation,UPLOADED,/Users/dlev2617/Documents/Code/Agents/github-packages/UPLOADED/paper-1998-04-the-full-cost-of-intercity-highway-transportation,data/highway_full_cost_model/modernized_xlsx/data_master_original_legacy.xlsx,Sheet1,RURTRUCOM,,numeric,52,27.1 | 2.4 | 16.3 | 30.1 | 13.5,0,34.4,xlsx,medium,Some headers were missing; generated column_N names. Sampled first 54 non-empty rows from worksheet.
paper-1998-04,The Full Cost Of Intercity Highway Transportation,UPLOADED,/Users/dlev2617/Documents/Code/Agents/github-packages/UPLOADED/paper-1998-04-the-full-cost-of-intercity-highway-transportation,data/highway_full_cost_model/modernized_xlsx/data_master_original_legacy.xlsx,Sheet1,URBPASSVEH,,numeric,52,72.7 | 85.1 | 58.7 | 68.8 | 86.2,55.1,97.1,xlsx,medium,Some headers were missing; generated column_N names. Sampled first 54 non-empty rows from worksheet.
paper-1998-04,The Full Cost Of Intercity Highway Transportation,UPLOADED,/Users/dlev2617/Documents/Code/Agents/github-packages/UPLOADED/paper-1998-04-the-full-cost-of-intercity-highway-transportation,data/highway_full_cost_model/modernized_xlsx/data_master_original_legacy.xlsx,Sheet1,URBTRUSING,,numeric,52,14.3 | 14.2 | 33.2 | 14.8 | 110,2.5,110,xlsx,medium,Some headers were missing; generated column_N names. Sampled first 54 non-empty rows from worksheet.
paper-1998-04,The Full Cost Of Intercity Highway Transportation,UPLOADED,/Users/dlev2617/Documents/Code/Agents/github-packages/UPLOADED/paper-1998-04-the-full-cost-of-intercity-highway-transportation,data/highway_full_cost_model/modernized_xlsx/data_master_original_legacy.xlsx,Sheet1,URBTRUCOMB,,numeric,52,13 | 0.700000000000006 | 8.09999999999999 | 16.4 | -96.2,-96.2,19.3,xlsx,medium,Some headers were missing; generated column_N names. Sampled first 54 non-empty rows from worksheet.
paper-1998-04,The Full Cost Of Intercity Highway Transportation,UPLOADED,/Users/dlev2617/Documents/Code/Agents/github-packages/UPLOADED/paper-1998-04-the-full-cost-of-intercity-highway-transportation,data/highway_full_cost_model/modernized_xlsx/data_master_original_legacy.xlsx,Sheet1,ALASKA,,boolean_or_indicator,51,0 | 1,,,xlsx,medium,Some headers were missing; generated column_N names. Sampled first 54 non-empty rows from worksheet.
paper-1998-04,The Full Cost Of Intercity Highway Transportation,UPLOADED,/Users/dlev2617/Documents/Code/Agents/github-packages/UPLOADED/paper-1998-04-the-full-cost-of-intercity-highway-transportation,data/highway_full_cost_model/modernized_xlsx/data_master_original_legacy.xlsx,Sheet1,NEWYORK,,boolean_or_indicator,51,0 | 1,,,xlsx,medium,Some headers were missing; generated column_N names. Sampled first 54 non-empty rows from worksheet.
paper-1998-04,The Full Cost Of Intercity Highway Transportation,UPLOADED,/Users/dlev2617/Documents/Code/Agents/github-packages/UPLOADED/paper-1998-04-the-full-cost-of-intercity-highway-transportation,data/highway_full_cost_model/modernized_xlsx/data_master_original_legacy.xlsx,Sheet1,CALIFORNIA,,boolean_or_indicator,51,0 | 1,,,xlsx,medium,Some headers were missing; generated column_N names. Sampled first 54 non-empty rows from worksheet.
paper-1998-04,The Full Cost Of Intercity Highway Transportation,UPLOADED,/Users/dlev2617/Documents/Code/Agents/github-packages/UPLOADED/paper-1998-04-the-full-cost-of-intercity-highway-transportation,data/highway_full_cost_model/modernized_xlsx/data_master_original_legacy.xlsx,Sheet1,SOUTHEAST,,boolean_or_indicator,51,1 | 0,,,xlsx,medium,Some headers were missing; generated column_N names. Sampled first 54 non-empty rows from worksheet.
paper-1998-04,The Full Cost Of Intercity Highway Transportation,UPLOADED,/Users/dlev2617/Documents/Code/Agents/github-packages/UPLOADED/paper-1998-04-the-full-cost-of-intercity-highway-transportation,data/highway_full_cost_model/modernized_xlsx/data_master_original_legacy.xlsx,Sheet1,MIDWEST,,boolean_or_indicator,51,0 | 1,,,xlsx,medium,Some headers were missing; generated column_N names. Sampled first 54 non-empty rows from worksheet.
paper-1998-04,The Full Cost Of Intercity Highway Transportation,UPLOADED,/Users/dlev2617/Documents/Code/Agents/github-packages/UPLOADED/paper-1998-04-the-full-cost-of-intercity-highway-transportation,data/highway_full_cost_model/modernized_xlsx/data_master_original_legacy.xlsx,Sheet1,NORTHEAST,,boolean_or_indicator,51,0 | 1,,,xlsx,medium,Some headers were missing; generated column_N names. Sampled first 54 non-empty rows from worksheet.
paper-1998-04,The Full Cost Of Intercity Highway Transportation,UPLOADED,/Users/dlev2617/Documents/Code/Agents/github-packages/UPLOADED/paper-1998-04-the-full-cost-of-intercity-highway-transportation,data/highway_full_cost_model/modernized_xlsx/data_master_original_legacy.xlsx,Sheet1,VMTRURINT,,numeric,52,4442 | 677 | 5110 | 3140 | 14322,0,205557,xlsx,medium,Some headers were missing; generated column_N names. Sampled first 54 non-empty rows from worksheet.
paper-1998-04,The Full Cost Of Intercity Highway Transportation,UPLOADED,/Users/dlev2617/Documents/Code/Agents/github-packages/UPLOADED/paper-1998-04-the-full-cost-of-intercity-highway-transportation,data/highway_full_cost_model/modernized_xlsx/data_master_original_legacy.xlsx,Sheet1,VMTRURLOC,,numeric,52,18361 | 1328 | 8678 | 11908 | 37875,0,678540,xlsx,medium,Some headers were missing; generated column_N names. Sampled first 54 non-empty rows from worksheet.
paper-1998-04,The Full Cost Of Intercity Highway Transportation,UPLOADED,/Users/dlev2617/Documents/Code/Agents/github-packages/UPLOADED/paper-1998-04-the-full-cost-of-intercity-highway-transportation,data/highway_full_cost_model/modernized_xlsx/data_master_original_legacy.xlsx,Sheet1,VMTRURTOT,,numeric,52,22803 | 2005 | 13788 | 15048 | 52197,0,884097,xlsx,medium,Some headers were missing; generated column_N names. Sampled first 54 non-empty rows from worksheet.
paper-1998-04,The Full Cost Of Intercity Highway Transportation,UPLOADED,/Users/dlev2617/Documents/Code/Agents/github-packages/UPLOADED/paper-1998-04-the-full-cost-of-intercity-highway-transportation,data/highway_full_cost_model/modernized_xlsx/data_master_original_legacy.xlsx,Sheet1,VMTURBINT,,numeric,52,4208 | 450 | 3003 | 1758 | 52566,184,303275,xlsx,medium,Some headers were missing; generated column_N names. Sampled first 54 non-empty rows from worksheet.
paper-1998-04,The Full Cost Of Intercity Highway Transportation,UPLOADED,/Users/dlev2617/Documents/Code/Agents/github-packages/UPLOADED/paper-1998-04-the-full-cost-of-intercity-highway-transportation,data/highway_full_cost_model/modernized_xlsx/data_master_original_legacy.xlsx,Sheet1,VMTURBFWY,,numeric,52,326 | 0 | 1344 | 717 | 42332,0,138312,xlsx,medium,Some headers were missing; generated column_N names. Sampled first 54 non-empty rows from worksheet.
paper-1998-04,The Full Cost Of Intercity Highway Transportation,UPLOADED,/Users/dlev2617/Documents/Code/Agents/github-packages/UPLOADED/paper-1998-04-the-full-cost-of-intercity-highway-transportation,data/highway_full_cost_model/modernized_xlsx/data_master_original_legacy.xlsx,Sheet1,VMTURBLOC,,numeric,52,18425 | 1386 | 16912 | 5558 | 115453,1294,921467,xlsx,medium,Some headers were missing; generated column_N names. Sampled first 54 non-empty rows from worksheet.
paper-1998-04,The Full Cost Of Intercity Highway Transportation,UPLOADED,/Users/dlev2617/Documents/Code/Agents/github-packages/UPLOADED/paper-1998-04-the-full-cost-of-intercity-highway-transportation,data/highway_full_cost_model/modernized_xlsx/data_master_original_legacy.xlsx,Sheet1,VMTURBTOT,,numeric,52,22959 | 1836 | 21259 | 8033 | 210351,1540,1363054,xlsx,medium,Some headers were missing; generated column_N names. Sampled first 54 non-empty rows from worksheet.
paper-1998-04,The Full Cost Of Intercity Highway Transportation,UPLOADED,/Users/dlev2617/Documents/Code/Agents/github-packages/UPLOADED/paper-1998-04-the-full-cost-of-intercity-highway-transportation,data/highway_full_cost_model/modernized_xlsx/data_master_original_legacy.xlsx,Sheet1,CSTADMHWY,,numeric,53,372518 | 213000 | 488274 | 325826 | 2089004,0,27143027,xlsx,medium,Some headers were missing; generated column_N names. Sampled first 54 non-empty rows from worksheet.
paper-1998-04,The Full Cost Of Intercity Highway Transportation,UPLOADED,/Users/dlev2617/Documents/Code/Agents/github-packages/UPLOADED/paper-1998-04-the-full-cost-of-intercity-highway-transportation,data/highway_full_cost_model/modernized_xlsx/data_master_original_legacy.xlsx,Sheet1,CLOCADMRD,,numeric,53,42839 | 60888 | 205236 | 72239 | 1700434,0,10946255,xlsx,medium,Some headers were missing; generated column_N names. Sampled first 54 non-empty rows from worksheet.
paper-1998-04,The Full Cost Of Intercity Highway Transportation,UPLOADED,/Users/dlev2617/Documents/Code/Agents/github-packages/UPLOADED/paper-1998-04-the-full-cost-of-intercity-highway-transportation,data/highway_full_cost_model/modernized_xlsx/data_master_original_legacy.xlsx,Sheet1,CFEDROAD,,numeric,53,974 | 4942 | 19046 | 868 | 15983,0,219878,xlsx,medium,Some headers were missing; generated column_N names. Sampled first 54 non-empty rows from worksheet.
paper-1998-04,The Full Cost Of Intercity Highway Transportation,UPLOADED,/Users/dlev2617/Documents/Code/Agents/github-packages/UPLOADED/paper-1998-04-the-full-cost-of-intercity-highway-transportation,data/highway_full_cost_model/modernized_xlsx/data_master_original_legacy.xlsx,Sheet1,CTOTAL,,numeric,53,416331 | 278830 | 712556 | 398933 | 3805421,3527,38309160,xlsx,medium,Some headers were missing; generated column_N names. Sampled first 54 non-empty rows from worksheet.
paper-1998-04,The Full Cost Of Intercity Highway Transportation,UPLOADED,/Users/dlev2617/Documents/Code/Agents/github-packages/UPLOADED/paper-1998-04-the-full-cost-of-intercity-highway-transportation,data/highway_full_cost_model/modernized_xlsx/data_master_original_legacy.xlsx,Sheet1,MSTADMHWY,,numeric,53,134450 | 121900 | 68907 | 113232 | 511977,0,8746806,xlsx,medium,Some headers were missing; generated column_N names. Sampled first 54 non-empty rows from worksheet.
paper-1998-04,The Full Cost Of Intercity Highway Transportation,UPLOADED,/Users/dlev2617/Documents/Code/Agents/github-packages/UPLOADED/paper-1998-04-the-full-cost-of-intercity-highway-transportation,data/highway_full_cost_model/modernized_xlsx/data_master_original_legacy.xlsx,Sheet1,MLOCADMRD,,numeric,53,299897 | 34166 | 84516 | 130379 | 1474922,0,13402999,xlsx,medium,Some headers were missing; generated column_N names. Sampled first 54 non-empty rows from worksheet.
paper-1998-04,The Full Cost Of Intercity Highway Transportation,UPLOADED,/Users/dlev2617/Documents/Code/Agents/github-packages/UPLOADED/paper-1998-04-the-full-cost-of-intercity-highway-transportation,data/highway_full_cost_model/modernized_xlsx/data_master_original_legacy.xlsx,Sheet1,MREDROAD,,numeric,53,14 | 831 | 10641 | 310 | 1685,0,73790,xlsx,medium,Some headers were missing; generated column_N names. Sampled first 54 non-empty rows from worksheet.
paper-1998-04,The Full Cost Of Intercity Highway Transportation,UPLOADED,/Users/dlev2617/Documents/Code/Agents/github-packages/UPLOADED/paper-1998-04-the-full-cost-of-intercity-highway-transportation,data/highway_full_cost_model/modernized_xlsx/data_master_original_legacy.xlsx,Sheet1,MTOTAL,,numeric,53,434361 | 156897 | 164064 | 243921 | 1988584,20587,22223595,xlsx,medium,Some headers were missing; generated column_N names. Sampled first 54 non-empty rows from worksheet.
paper-1998-04,The Full Cost Of Intercity Highway Transportation,UPLOADED,/Users/dlev2617/Documents/Code/Agents/github-packages/UPLOADED/paper-1998-04-the-full-cost-of-intercity-highway-transportation,data/highway_full_cost_model/modernized_xlsx/data_master_original_legacy.xlsx,Sheet1,ADM_MISC,,numeric,53,72558 | 30088 | 70527 | 42524 | 1046908,9798,7718703,xlsx,medium,Some headers were missing; generated column_N names. Sampled first 54 non-empty rows from worksheet.
paper-1998-04,The Full Cost Of Intercity Highway Transportation,UPLOADED,/Users/dlev2617/Documents/Code/Agents/github-packages/UPLOADED/paper-1998-04-the-full-cost-of-intercity-highway-transportation,data/highway_full_cost_model/modernized_xlsx/data_master_original_legacy.xlsx,Sheet1,LAW_SAFETY,,numeric,53,57359 | 40116 | 78446 | 45163 | 1182559,0,7088262,xlsx,medium,Some headers were missing; generated column_N names. Sampled first 54 non-empty rows from worksheet.
paper-1998-04,The Full Cost Of Intercity Highway Transportation,UPLOADED,/Users/dlev2617/Documents/Code/Agents/github-packages/UPLOADED/paper-1998-04-the-full-cost-of-intercity-highway-transportation,data/highway_full_cost_model/modernized_xlsx/data_master_original_legacy.xlsx,Sheet1,INTEREST,,numeric,53,11128 | 13411 | 154305 | 661 | 58263,0,3620713,xlsx,medium,Some headers were missing; generated column_N names. Sampled first 54 non-empty rows from worksheet.
paper-1998-04,The Full Cost Of Intercity Highway Transportation,UPLOADED,/Users/dlev2617/Documents/Code/Agents/github-packages/UPLOADED/paper-1998-04-the-full-cost-of-intercity-highway-transportation,data/highway_full_cost_model/modernized_xlsx/data_master_original_legacy.xlsx,Sheet1,BONDRETIRE,,numeric,53,20436 | 21623 | 359239 | 449 | 35336,0,4588962,xlsx,medium,Some headers were missing; generated column_N names. Sampled first 54 non-empty rows from worksheet.
paper-1998-04,The Full Cost Of Intercity Highway Transportation,UPLOADED,/Users/dlev2617/Documents/Code/Agents/github-packages/UPLOADED/paper-1998-04-the-full-cost-of-intercity-highway-transportation,data/highway_full_cost_model/modernized_xlsx/data_master_original_legacy.xlsx,Sheet1,TOTALDISB,,numeric,53,1012173 | 540965 | 1539137 | 731651 | 8117071,253490,83549395,xlsx,medium,Some headers were missing; generated column_N names. Sampled first 54 non-empty rows from worksheet.
paper-1998-04,The Full Cost Of Intercity Highway Transportation,UPLOADED,/Users/dlev2617/Documents/Code/Agents/github-packages/UPLOADED/paper-1998-04-the-full-cost-of-intercity-highway-transportation,data/highway_full_cost_model/modernized_xlsx/depreciation_model_original_legacy.xlsx,Regress,SUMMARY OUTPUT,,text,14,Regression Statistics | Multiple R | R Square | Adjusted R Square | Standard Error,,,xlsx,medium,Some headers were missing; generated column_N names. Sampled first 17 non-empty rows from worksheet.
paper-1998-04,The Full Cost Of Intercity Highway Transportation,UPLOADED,/Users/dlev2617/Documents/Code/Agents/github-packages/UPLOADED/paper-1998-04-the-full-cost-of-intercity-highway-transportation,data/highway_full_cost_model/modernized_xlsx/depreciation_model_original_legacy.xlsx,Regress,column_2,,mixed_numeric_text,14,0.935137647856509 | 0.874482420438604 | 0.861930662482465 | 1858.60104130311 | 34,,,xlsx,medium,Some headers were missing; generated column_N names. Sampled first 17 non-empty rows from worksheet.
paper-1998-04,The Full Cost Of Intercity Highway Transportation,UPLOADED,/Users/dlev2617/Documents/Code/Agents/github-packages/UPLOADED/paper-1998-04-the-full-cost-of-intercity-highway-transportation,data/highway_full_cost_model/modernized_xlsx/depreciation_model_original_legacy.xlsx,Regress,column_3,,mixed_numeric_text,9,SS | 722004882.519186 | 103631934.921991 | 825636817.441176 | Standard Error,,,xlsx,medium,Some headers were missing; generated column_N names. Sampled first 17 non-empty rows from worksheet.
paper-1998-04,The Full Cost Of Intercity Highway Transportation,UPLOADED,/Users/dlev2617/Documents/Code/Agents/github-packages/UPLOADED/paper-1998-04-the-full-cost-of-intercity-highway-transportation,data/highway_full_cost_model/modernized_xlsx/depreciation_model_original_legacy.xlsx,Regress,column_4,,mixed_numeric_text,8,MS | 240668294.173062 | 3454397.83073302 | t Stat | 26.4461795067986,,,xlsx,medium,Some headers were missing; generated column_N names. Sampled first 17 non-empty rows from worksheet.
paper-1998-04,The Full Cost Of Intercity Highway Transportation,UPLOADED,/Users/dlev2617/Documents/Code/Agents/github-packages/UPLOADED/paper-1998-04-the-full-cost-of-intercity-highway-transportation,data/highway_full_cost_model/modernized_xlsx/depreciation_model_original_legacy.xlsx,Regress,column_5,,mixed_numeric_text,7,F | 69.6701150145155 | P-value | 2.4023123416792e-22 | 0.00163497039555047,,,xlsx,medium,Some headers were missing; generated column_N names. Sampled first 17 non-empty rows from worksheet.
paper-1998-04,The Full Cost Of Intercity Highway Transportation,UPLOADED,/Users/dlev2617/Documents/Code/Agents/github-packages/UPLOADED/paper-1998-04-the-full-cost-of-intercity-highway-transportation,data/highway_full_cost_model/modernized_xlsx/depreciation_model_original_legacy.xlsx,Regress,column_6,,mixed_numeric_text,7,Significance F | 1.27204391447432e-13 | Lower 95% | 18504.8922894711 | -4353.7344314041,,,xlsx,medium,Some headers were missing; generated column_N names. Sampled first 17 non-empty rows from worksheet.
paper-1998-04,The Full Cost Of Intercity Highway Transportation,UPLOADED,/Users/dlev2617/Documents/Code/Agents/github-packages/UPLOADED/paper-1998-04-the-full-cost-of-intercity-highway-transportation,data/highway_full_cost_model/modernized_xlsx/depreciation_model_original_legacy.xlsx,Regress,column_7,,mixed_numeric_text,5,Upper 95% | 21602.1004184381 | -1122.74271227511 | -938.977259580827 | 0.00767306542281513,,,xlsx,medium,Some headers were missing; generated column_N names. Sampled first 17 non-empty rows from worksheet.
paper-1998-04,The Full Cost Of Intercity Highway Transportation,UPLOADED,/Users/dlev2617/Documents/Code/Agents/github-packages/UPLOADED/paper-1998-04-the-full-cost-of-intercity-highway-transportation,data/highway_full_cost_model/modernized_xlsx/depreciation_model_original_legacy.xlsx,Regress,column_8,,mixed_numeric_text,5,Lower 95.0% | 18504.8922894711 | -4353.7344314041 | -1763.70564661024 | -0.054508914151389,,,xlsx,medium,Some headers were missing; generated column_N names. Sampled first 17 non-empty rows from worksheet.
paper-1998-04,The Full Cost Of Intercity Highway Transportation,UPLOADED,/Users/dlev2617/Documents/Code/Agents/github-packages/UPLOADED/paper-1998-04-the-full-cost-of-intercity-highway-transportation,data/highway_full_cost_model/modernized_xlsx/depreciation_model_original_legacy.xlsx,Regress,column_9,,mixed_numeric_text,5,Upper 95.0% | 21602.1004184381 | -1122.74271227511 | -938.977259580827 | 0.00767306542281513,,,xlsx,medium,Some headers were missing; generated column_N names. Sampled first 17 non-empty rows from worksheet.
paper-1998-04,The Full Cost Of Intercity Highway Transportation,UPLOADED,/Users/dlev2617/Documents/Code/Agents/github-packages/UPLOADED/paper-1998-04-the-full-cost-of-intercity-highway-transportation,data/highway_full_cost_model/modernized_xlsx/depreciation_model_original_legacy.xlsx,Cobb-Doug,SUMMARY OUTPUT,,text,14,Regression Statistics | Multiple R | R Square | Adjusted R Square | Standard Error,,,xlsx,medium,Some headers were missing; generated column_N names. Sampled first 17 non-empty rows from worksheet.
paper-1998-04,The Full Cost Of Intercity Highway Transportation,UPLOADED,/Users/dlev2617/Documents/Code/Agents/github-packages/UPLOADED/paper-1998-04-the-full-cost-of-intercity-highway-transportation,data/highway_full_cost_model/modernized_xlsx/depreciation_model_original_legacy.xlsx,Cobb-Doug,column_2,,mixed_numeric_text,14,0.887424791609304 | 0.787522760762817 | 0.766275036839099 | 0.286120509770362 | 34,,,xlsx,medium,Some headers were missing; generated column_N names. Sampled first 17 non-empty rows from worksheet.
paper-1998-04,The Full Cost Of Intercity Highway Transportation,UPLOADED,/Users/dlev2617/Documents/Code/Agents/github-packages/UPLOADED/paper-1998-04-the-full-cost-of-intercity-highway-transportation,data/highway_full_cost_model/modernized_xlsx/depreciation_model_original_legacy.xlsx,Cobb-Doug,column_3,,mixed_numeric_text,9,SS | 9.1026938136087 | 2.45594838333755 | 11.5586421969462 | Standard Error,,,xlsx,medium,Some headers were missing; generated column_N names. Sampled first 17 non-empty rows from worksheet.
paper-1998-04,The Full Cost Of Intercity Highway Transportation,UPLOADED,/Users/dlev2617/Documents/Code/Agents/github-packages/UPLOADED/paper-1998-04-the-full-cost-of-intercity-highway-transportation,data/highway_full_cost_model/modernized_xlsx/depreciation_model_original_legacy.xlsx,Cobb-Doug,column_4,,mixed_numeric_text,8,MS | 3.0342312712029 | 0.0818649461112516 | t Stat | 7.06122302879265,,,xlsx,medium,Some headers were missing; generated column_N names. Sampled first 17 non-empty rows from worksheet.
paper-1998-04,The Full Cost Of Intercity Highway Transportation,UPLOADED,/Users/dlev2617/Documents/Code/Agents/github-packages/UPLOADED/paper-1998-04-the-full-cost-of-intercity-highway-transportation,data/highway_full_cost_model/modernized_xlsx/depreciation_model_original_legacy.xlsx,Cobb-Doug,column_5,,mixed_numeric_text,7,F | 37.063864515094 | P-value | 7.51659438312508e-08 | 0.000801419236500223,,,xlsx,medium,Some headers were missing; generated column_N names. Sampled first 17 non-empty rows from worksheet.
paper-1998-04,The Full Cost Of Intercity Highway Transportation,UPLOADED,/Users/dlev2617/Documents/Code/Agents/github-packages/UPLOADED/paper-1998-04-the-full-cost-of-intercity-highway-transportation,data/highway_full_cost_model/modernized_xlsx/depreciation_model_original_legacy.xlsx,Cobb-Doug,column_6,,mixed_numeric_text,7,Significance F | 3.25505719599822e-10 | Lower 95% | 6.6552806193261 | -1.0068430362025,,,xlsx,medium,Some headers were missing; generated column_N names. Sampled first 17 non-empty rows from worksheet.
paper-1998-04,The Full Cost Of Intercity Highway Transportation,UPLOADED,/Users/dlev2617/Documents/Code/Agents/github-packages/UPLOADED/paper-1998-04-the-full-cost-of-intercity-highway-transportation,data/highway_full_cost_model/modernized_xlsx/depreciation_model_original_legacy.xlsx,Cobb-Doug,column_7,,mixed_numeric_text,5,Upper 95% | 12.0715031566375 | -0.294152255225435 | -0.709841101479501 | 0.45839229023228,,,xlsx,medium,Some headers were missing; generated column_N names. Sampled first 17 non-empty rows from worksheet.
paper-1998-04,The Full Cost Of Intercity Highway Transportation,UPLOADED,/Users/dlev2617/Documents/Code/Agents/github-packages/UPLOADED/paper-1998-04-the-full-cost-of-intercity-highway-transportation,data/highway_full_cost_model/modernized_xlsx/depreciation_model_original_legacy.xlsx,Cobb-Doug,column_8,,mixed_numeric_text,5,Lower 95.0% | 6.6552806193261 | -1.0068430362025 | -1.5265209649152 | -0.132104349695945,,,xlsx,medium,Some headers were missing; generated column_N names. Sampled first 17 non-empty rows from worksheet.
paper-1998-04,The Full Cost Of Intercity Highway Transportation,UPLOADED,/Users/dlev2617/Documents/Code/Agents/github-packages/UPLOADED/paper-1998-04-the-full-cost-of-intercity-highway-transportation,data/highway_full_cost_model/modernized_xlsx/depreciation_model_original_legacy.xlsx,Cobb-Doug,column_9,,mixed_numeric_text,5,Upper 95.0% | 12.0715031566375 | -0.294152255225435 | -0.709841101479501 | 0.45839229023228,,,xlsx,medium,Some headers were missing; generated column_N names. Sampled first 17 non-empty rows from worksheet.
paper-1998-04,The Full Cost Of Intercity Highway Transportation,UPLOADED,/Users/dlev2617/Documents/Code/Agents/github-packages/UPLOADED/paper-1998-04-the-full-cost-of-intercity-highway-transportation,data/highway_full_cost_model/modernized_xlsx/depreciation_model_original_legacy.xlsx,Data,Regression of Automobile Miles and Age on Price,,mixed_numeric_text,35,"Model (1=Taurus,0=Accord) | 0 | 1",,,xlsx,medium,Some headers were missing; generated column_N names. Sampled first 36 non-empty rows from worksheet.
paper-1998-04,The Full Cost Of Intercity Highway Transportation,UPLOADED,/Users/dlev2617/Documents/Code/Agents/github-packages/UPLOADED/paper-1998-04-the-full-cost-of-intercity-highway-transportation,data/highway_full_cost_model/modernized_xlsx/depreciation_model_original_legacy.xlsx,Data,column_2,,mixed_numeric_text,35,Age (1996-Year) | 1 | 2 | 3 | 4,,,xlsx,medium,Some headers were missing; generated column_N names. Sampled first 36 non-empty rows from worksheet.
paper-1998-04,The Full Cost Of Intercity Highway Transportation,UPLOADED,/Users/dlev2617/Documents/Code/Agents/github-packages/UPLOADED/paper-1998-04-the-full-cost-of-intercity-highway-transportation,data/highway_full_cost_model/modernized_xlsx/depreciation_model_original_legacy.xlsx,Data,column_3,,mixed_numeric_text,35,Miles | 11200 | 38800 | 43593 | 18344,,,xlsx,medium,Some headers were missing; generated column_N names. Sampled first 36 non-empty rows from worksheet.
paper-1998-04,The Full Cost Of Intercity Highway Transportation,UPLOADED,/Users/dlev2617/Documents/Code/Agents/github-packages/UPLOADED/paper-1998-04-the-full-cost-of-intercity-highway-transportation,data/highway_full_cost_model/modernized_xlsx/depreciation_model_original_legacy.xlsx,Data,column_4,,mixed_numeric_text,35,Age (1996-Year) | 1 | 2 | 3 | 4,,,xlsx,medium,Some headers were missing; generated column_N names. Sampled first 36 non-empty rows from worksheet.
paper-1998-04,The Full Cost Of Intercity Highway Transportation,UPLOADED,/Users/dlev2617/Documents/Code/Agents/github-packages/UPLOADED/paper-1998-04-the-full-cost-of-intercity-highway-transportation,data/highway_full_cost_model/modernized_xlsx/depreciation_model_original_legacy.xlsx,Data,sources: www.autoweb.com (12/17/95),,mixed_numeric_text,35,Prices (asking) | 19500 | 11994 | 16995 | 15900,,,xlsx,medium,Some headers were missing; generated column_N names. Sampled first 36 non-empty rows from worksheet.
paper-1998-04,The Full Cost Of Intercity Highway Transportation,UPLOADED,/Users/dlev2617/Documents/Code/Agents/github-packages/UPLOADED/paper-1998-04-the-full-cost-of-intercity-highway-transportation,data/highway_full_cost_model/modernized_xlsx/depreciation_model_original_legacy.xlsx,Data,column_6,,mixed_numeric_text,35,Age (1996-Year) | 1 | 2 | 3 | 4,,,xlsx,medium,Some headers were missing; generated column_N names. Sampled first 36 non-empty rows from worksheet.
paper-1998-04,The Full Cost Of Intercity Highway Transportation,UPLOADED,/Users/dlev2617/Documents/Code/Agents/github-packages/UPLOADED/paper-1998-04-the-full-cost-of-intercity-highway-transportation,data/highway_full_cost_model/modernized_xlsx/depreciation_model_original_legacy.xlsx,Data,column_7,,numeric,34,0 | 0.693147180559945,0,0.69314718056,xlsx,medium,Some headers were missing; generated column_N names. Sampled first 36 non-empty rows from worksheet.
paper-1998-04,The Full Cost Of Intercity Highway Transportation,UPLOADED,/Users/dlev2617/Documents/Code/Agents/github-packages/UPLOADED/paper-1998-04-the-full-cost-of-intercity-highway-transportation,data/highway_full_cost_model/modernized_xlsx/depreciation_model_original_legacy.xlsx,Data,column_8,,numeric,34,0.693147180559945 | 1.09861228866811 | 1.38629436111989 | 1.6094379124341 | 1.79175946922806,0.69314718056,2.3978952728,xlsx,medium,Some headers were missing; generated column_N names. Sampled first 36 non-empty rows from worksheet.
paper-1998-04,The Full Cost Of Intercity Highway Transportation,UPLOADED,/Users/dlev2617/Documents/Code/Agents/github-packages/UPLOADED/paper-1998-04-the-full-cost-of-intercity-highway-transportation,data/highway_full_cost_model/modernized_xlsx/depreciation_model_original_legacy.xlsx,Data,column_9,,numeric,34,9.32375833901174 | 10.5662012984751 | 10.6826748051885 | 9.81711233678938 | 10.043292972227,9.32375833901,11.7752974217,xlsx,medium,Some headers were missing; generated column_N names. Sampled first 36 non-empty rows from worksheet.
paper-1998-04,The Full Cost Of Intercity Highway Transportation,UPLOADED,/Users/dlev2617/Documents/Code/Agents/github-packages/UPLOADED/paper-1998-04-the-full-cost-of-intercity-highway-transportation,data/highway_full_cost_model/modernized_xlsx/depreciation_model_original_legacy.xlsx,Data,column_10,,numeric,34,9.87822102528824 | 9.3922451752738 | 9.7407333012347 | 9.6741372793124 | 9.67098786879789,7.60140233458,9.88664653534,xlsx,medium,Some headers were missing; generated column_N names. Sampled first 36 non-empty rows from worksheet.
paper-1998-04,The Full Cost Of Intercity Highway Transportation,UPLOADED,/Users/dlev2617/Documents/Code/Agents/github-packages/UPLOADED/paper-1998-04-the-full-cost-of-intercity-highway-transportation,data/highway_full_cost_model/modernized_xlsx/depreciation_model_original_legacy.xlsx,Data,column_11,,numeric,34,18439.8741479791 | 13703.9594105896 | 16329.9558709512 | 16921.2350432251 | 16812.2011873849,804.348932531,18439.874148,xlsx,medium,Some headers were missing; generated column_N names. Sampled first 36 non-empty rows from worksheet.
paper-1998-04,The Full Cost Of Intercity Highway Transportation,UPLOADED,/Users/dlev2617/Documents/Code/Agents/github-packages/UPLOADED/paper-1998-04-the-full-cost-of-intercity-highway-transportation,data/highway_full_cost_model/modernized_xlsx/depreciation_model_original_legacy.xlsx,Data,column_12,,empty,0,,,,xlsx,medium,Some headers were missing; generated column_N names. Sampled first 36 non-empty rows from worksheet.
paper-1998-04,The Full Cost Of Intercity Highway Transportation,UPLOADED,/Users/dlev2617/Documents/Code/Agents/github-packages/UPLOADED/paper-1998-04-the-full-cost-of-intercity-highway-transportation,data/highway_full_cost_model/modernized_xlsx/depreciation_model_original_legacy.xlsx,Data,column_13,,text,4,Intercept | Taurus | Year | Mile,,,xlsx,medium,Some headers were missing; generated column_N names. Sampled first 36 non-empty rows from worksheet.
paper-1998-04,The Full Cost Of Intercity Highway Transportation,UPLOADED,/Users/dlev2617/Documents/Code/Agents/github-packages/UPLOADED/paper-1998-04-the-full-cost-of-intercity-highway-transportation,data/highway_full_cost_model/modernized_xlsx/depreciation_model_original_legacy.xlsx,Data,column_14,,mixed_numeric_text,5,Coefficients | 20053.4963539546 | -2738.23857183961 | -1351.34145309553 | -0.023417924364287,,,xlsx,medium,Some headers were missing; generated column_N names. Sampled first 36 non-empty rows from worksheet.
paper-1998-04,The Full Cost Of Intercity Highway Transportation,UPLOADED,/Users/dlev2617/Documents/Code/Agents/github-packages/UPLOADED/paper-1998-04-the-full-cost-of-intercity-highway-transportation,data/highway_full_cost_model/modernized_xlsx/depreciation_model_original_legacy.xlsx,Sheet2,Age,,numeric,34,1 | 2 | 3 | 4 | 5,1,10,xlsx,medium,Some headers were missing; generated column_N names. Sampled first 35 non-empty rows from worksheet.
paper-1998-04,The Full Cost Of Intercity Highway Transportation,UPLOADED,/Users/dlev2617/Documents/Code/Agents/github-packages/UPLOADED/paper-1998-04-the-full-cost-of-intercity-highway-transportation,data/highway_full_cost_model/modernized_xlsx/depreciation_model_original_legacy.xlsx,Sheet2,Asking Price,,numeric,34,19500 | 11994 | 12700 | 15850 | 15900,2000,19665,xlsx,medium,Some headers were missing; generated column_N names. Sampled first 35 non-empty rows from worksheet.
paper-1998-04,The Full Cost Of Intercity Highway Transportation,UPLOADED,/Users/dlev2617/Documents/Code/Agents/github-packages/UPLOADED/paper-1998-04-the-full-cost-of-intercity-highway-transportation,data/highway_full_cost_model/modernized_xlsx/depreciation_model_original_legacy.xlsx,Sheet2,Regression Model,,numeric,34,18439.8741479791 | 13703.9594105896 | 16859.0370361135 | 16976.1266579349 | 16812.2011873849,804.348932531,18439.874148,xlsx,medium,Some headers were missing; generated column_N names. Sampled first 35 non-empty rows from worksheet.
paper-1998-04,The Full Cost Of Intercity Highway Transportation,UPLOADED,/Users/dlev2617/Documents/Code/Agents/github-packages/UPLOADED/paper-1998-04-the-full-cost-of-intercity-highway-transportation,data/highway_full_cost_model/modernized_xlsx/depreciation_model_original_legacy.xlsx,Sheet2,column_4,,empty,0,,,,xlsx,medium,Some headers were missing; generated column_N names. Sampled first 35 non-empty rows from worksheet.
paper-1998-04,The Full Cost Of Intercity Highway Transportation,UPLOADED,/Users/dlev2617/Documents/Code/Agents/github-packages/UPLOADED/paper-1998-04-the-full-cost-of-intercity-highway-transportation,data/highway_full_cost_model/modernized_xlsx/depreciation_model_original_legacy.xlsx,Sheet2,Miles,,numeric,34,11200 | 16000 | 18344 | 21000 | 23000,11200,130000,xlsx,medium,Some headers were missing; generated column_N names. Sampled first 35 non-empty rows from worksheet.
paper-1998-04,The Full Cost Of Intercity Highway Transportation,UPLOADED,/Users/dlev2617/Documents/Code/Agents/github-packages/UPLOADED/paper-1998-04-the-full-cost-of-intercity-highway-transportation,data/highway_full_cost_model/modernized_xlsx/depreciation_model_original_legacy.xlsx,Sheet2,Asking Price_2,,numeric,34,19500 | 15850 | 16995 | 12700 | 15900,2000,19665,xlsx,medium,Some headers were missing; generated column_N names. Sampled first 35 non-empty rows from worksheet.
paper-1998-04,The Full Cost Of Intercity Highway Transportation,UPLOADED,/Users/dlev2617/Documents/Code/Agents/github-packages/UPLOADED/paper-1998-04-the-full-cost-of-intercity-highway-transportation,data/highway_full_cost_model/modernized_xlsx/depreciation_model_original_legacy.xlsx,Sheet2,Regression Model_2,,numeric,34,18439.8741479791 | 16976.1266579349 | 16921.2350432251 | 16859.0370361135 | 16812.2011873849,804.348932531,18439.874148,xlsx,medium,Some headers were missing; generated column_N names. Sampled first 35 non-empty rows from worksheet.
paper-1998-04,The Full Cost Of Intercity Highway Transportation,UPLOADED,/Users/dlev2617/Documents/Code/Agents/github-packages/UPLOADED/paper-1998-04-the-full-cost-of-intercity-highway-transportation,data/highway_full_cost_model/modernized_xlsx/greg_1_original.xlsx,Sheet1,OBS,,numeric,498,1 | 2 | 3 | 4 | 5,1,498,xlsx,medium,Headers inferred from first row. Sampled first 499 non-empty rows from worksheet.
paper-1998-04,The Full Cost Of Intercity Highway Transportation,UPLOADED,/Users/dlev2617/Documents/Code/Agents/github-packages/UPLOADED/paper-1998-04-the-full-cost-of-intercity-highway-transportation,data/highway_full_cost_model/modernized_xlsx/greg_1_original.xlsx,Sheet1,STATE,,text,498,ALABAMA | ARKANSAS | ARIZONA | CALIFORNIA | COLORADO,,,xlsx,medium,Headers inferred from first row. Sampled first 499 non-empty rows from worksheet.
paper-1998-04,The Full Cost Of Intercity Highway Transportation,UPLOADED,/Users/dlev2617/Documents/Code/Agents/github-packages/UPLOADED/paper-1998-04-the-full-cost-of-intercity-highway-transportation,data/highway_full_cost_model/modernized_xlsx/greg_1_original.xlsx,Sheet1,STATE2,,mixed_numeric_text,498,501 | 505 | 604 | 804 | 7?,,,xlsx,medium,Headers inferred from first row. Sampled first 499 non-empty rows from worksheet.
paper-1998-04,The Full Cost Of Intercity Highway Transportation,UPLOADED,/Users/dlev2617/Documents/Code/Agents/github-packages/UPLOADED/paper-1998-04-the-full-cost-of-intercity-highway-transportation,data/highway_full_cost_model/modernized_xlsx/greg_1_original.xlsx,Sheet1,UN,,numeric,498,0 | 4.7 | 5.2 | 4.5 | 5.5,0,15.5,xlsx,medium,Headers inferred from first row. Sampled first 499 non-empty rows from worksheet.
paper-1998-04,The Full Cost Of Intercity Highway Transportation,UPLOADED,/Users/dlev2617/Documents/Code/Agents/github-packages/UPLOADED/paper-1998-04-the-full-cost-of-intercity-highway-transportation,data/highway_full_cost_model/modernized_xlsx/greg_1_original.xlsx,Sheet1,YEAR,,numeric,498,1969 | 1970 | 1971 | 1972 | 1973,1969,1988,xlsx,medium,Headers inferred from first row. Sampled first 499 non-empty rows from worksheet.
paper-1998-04,The Full Cost Of Intercity Highway Transportation,UPLOADED,/Users/dlev2617/Documents/Code/Agents/github-packages/UPLOADED/paper-1998-04-the-full-cost-of-intercity-highway-transportation,data/highway_full_cost_model/modernized_xlsx/greg_1_original.xlsx,Sheet1,CLTCB,,numeric,498,641.467 | 675.605 | 626.055 | 669.735 | 688.65,0,1292.23,xlsx,medium,Headers inferred from first row. Sampled first 499 non-empty rows from worksheet.
paper-1998-04,The Full Cost Of Intercity Highway Transportation,UPLOADED,/Users/dlev2617/Documents/Code/Agents/github-packages/UPLOADED/paper-1998-04-the-full-cost-of-intercity-highway-transportation,data/highway_full_cost_model/modernized_xlsx/greg_1_original.xlsx,Sheet1,HYTCB,,numeric,498,78.511 | 80.092 | 104.114 | 106.211 | 122.622,-10.1547,598.716,xlsx,medium,Headers inferred from first row. Sampled first 499 non-empty rows from worksheet.
paper-1998-04,The Full Cost Of Intercity Highway Transportation,UPLOADED,/Users/dlev2617/Documents/Code/Agents/github-packages/UPLOADED/paper-1998-04-the-full-cost-of-intercity-highway-transportation,data/highway_full_cost_model/modernized_xlsx/greg_1_original.xlsx,Sheet1,NGTCB,,numeric,498,310.822 | 307.75 | 294.838 | 287.1 | 279.959,1.139,2349.71,xlsx,medium,Headers inferred from first row. Sampled first 499 non-empty rows from worksheet.
paper-1998-04,The Full Cost Of Intercity Highway Transportation,UPLOADED,/Users/dlev2617/Documents/Code/Agents/github-packages/UPLOADED/paper-1998-04-the-full-cost-of-intercity-highway-transportation,data/highway_full_cost_model/modernized_xlsx/greg_1_original.xlsx,Sheet1,PATCB,,numeric,498,340.447 | 355.272 | 367.407 | 407.919 | 453.62,96.01,3735.61,xlsx,medium,Headers inferred from first row. Sampled first 499 non-empty rows from worksheet.
paper-1998-04,The Full Cost Of Intercity Highway Transportation,UPLOADED,/Users/dlev2617/Documents/Code/Agents/github-packages/UPLOADED/paper-1998-04-the-full-cost-of-intercity-highway-transportation,data/highway_full_cost_model/modernized_xlsx/greg_1_original.xlsx,Sheet1,TETCB,,numeric,498,1293.31 | 1344.84 | 1334.06 | 1423.83 | 1474.26,187.73,6984.62,xlsx,medium,Headers inferred from first row. Sampled first 499 non-empty rows from worksheet.
paper-1998-04,The Full Cost Of Intercity Highway Transportation,UPLOADED,/Users/dlev2617/Documents/Code/Agents/github-packages/UPLOADED/paper-1998-04-the-full-cost-of-intercity-highway-transportation,data/highway_full_cost_model/modernized_xlsx/greg_1_original.xlsx,Sheet1,SMINING,,numeric,498,786 | 832 | 742 | 781 | 818,-3,32363,xlsx,medium,Headers inferred from first row. Sampled first 499 non-empty rows from worksheet.
paper-1998-04,The Full Cost Of Intercity Highway Transportation,UPLOADED,/Users/dlev2617/Documents/Code/Agents/github-packages/UPLOADED/paper-1998-04-the-full-cost-of-intercity-highway-transportation,data/highway_full_cost_model/modernized_xlsx/greg_1_original.xlsx,Sheet1,SCONSTR,,numeric,498,2078 | 1829 | 1815 | 1905 | 2149,269,22920,xlsx,medium,Headers inferred from first row. Sampled first 499 non-empty rows from worksheet.
paper-1998-04,The Full Cost Of Intercity Highway Transportation,UPLOADED,/Users/dlev2617/Documents/Code/Agents/github-packages/UPLOADED/paper-1998-04-the-full-cost-of-intercity-highway-transportation,data/highway_full_cost_model/modernized_xlsx/greg_1_original.xlsx,Sheet1,SDURABL,,numeric,498,3994 | 3762 | 3816 | 4091 | 4461,329,79754,xlsx,medium,Headers inferred from first row. Sampled first 499 non-empty rows from worksheet.
paper-1998-04,The Full Cost Of Intercity Highway Transportation,UPLOADED,/Users/dlev2617/Documents/Code/Agents/github-packages/UPLOADED/paper-1998-04-the-full-cost-of-intercity-highway-transportation,data/highway_full_cost_model/modernized_xlsx/greg_1_original.xlsx,Sheet1,SNONDUR,,numeric,498,3083 | 2970 | 3166 | 3542 | 3995,280,35293,xlsx,medium,Headers inferred from first row. Sampled first 499 non-empty rows from worksheet.
paper-1998-04,The Full Cost Of Intercity Highway Transportation,UPLOADED,/Users/dlev2617/Documents/Code/Agents/github-packages/UPLOADED/paper-1998-04-the-full-cost-of-intercity-highway-transportation,data/highway_full_cost_model/modernized_xlsx/greg_1_original.xlsx,Sheet1,STRANS,,numeric,498,2377 | 2415 | 2490 | 2775 | 3058,552,40495,xlsx,medium,Headers inferred from first row. Sampled first 499 non-empty rows from worksheet.
paper-1998-04,The Full Cost Of Intercity Highway Transportation,UPLOADED,/Users/dlev2617/Documents/Code/Agents/github-packages/UPLOADED/paper-1998-04-the-full-cost-of-intercity-highway-transportation,data/highway_full_cost_model/modernized_xlsx/greg_1_original.xlsx,Sheet1,SWHOLE,,numeric,498,1754 | 1775 | 1861 | 2055 | 2170,262,38841,xlsx,medium,Headers inferred from first row. Sampled first 499 non-empty rows from worksheet.
paper-1998-04,The Full Cost Of Intercity Highway Transportation,UPLOADED,/Users/dlev2617/Documents/Code/Agents/github-packages/UPLOADED/paper-1998-04-the-full-cost-of-intercity-highway-transportation,data/highway_full_cost_model/modernized_xlsx/greg_1_original.xlsx,Sheet1,SRETAIL,,numeric,498,2665 | 2721 | 2892 | 3172 | 3378,615,53760,xlsx,medium,Headers inferred from first row. Sampled first 499 non-empty rows from worksheet.
paper-1998-04,The Full Cost Of Intercity Highway Transportation,UPLOADED,/Users/dlev2617/Documents/Code/Agents/github-packages/UPLOADED/paper-1998-04-the-full-cost-of-intercity-highway-transportation,data/highway_full_cost_model/modernized_xlsx/greg_1_original.xlsx,Sheet1,SFINANC,,numeric,498,2939 | 2998 | 3152 | 3370 | 3574,807,86216,xlsx,medium,Headers inferred from first row. Sampled first 499 non-empty rows from worksheet.
paper-1998-04,The Full Cost Of Intercity Highway Transportation,UPLOADED,/Users/dlev2617/Documents/Code/Agents/github-packages/UPLOADED/paper-1998-04-the-full-cost-of-intercity-highway-transportation,data/highway_full_cost_model/modernized_xlsx/greg_1_original.xlsx,Sheet1,SSERVICE,,numeric,498,879 | 857 | 986 | 997 | 856,89,15608,xlsx,medium,Headers inferred from first row. Sampled first 499 non-empty rows from worksheet.
paper-1998-04,The Full Cost Of Intercity Highway Transportation,UPLOADED,/Users/dlev2617/Documents/Code/Agents/github-packages/UPLOADED/paper-1998-04-the-full-cost-of-intercity-highway-transportation,data/highway_full_cost_model/modernized_xlsx/greg_1_original.xlsx,Sheet1,SNAPROD,,numeric,498,27894 | 27561 | 28389 | 30306 | 32444,6126,513997,xlsx,medium,Headers inferred from first row. Sampled first 499 non-empty rows from worksheet.
paper-1998-04,The Full Cost Of Intercity Highway Transportation,UPLOADED,/Users/dlev2617/Documents/Code/Agents/github-packages/UPLOADED/paper-1998-04-the-full-cost-of-intercity-highway-transportation,data/highway_full_cost_model/modernized_xlsx/greg_1_original.xlsx,Sheet1,TOTIND,,numeric,498,86.9 | 80.8 | 79.2 | 84.3 | 88.4,74.6,88.4,xlsx,medium,Headers inferred from first row. Sampled first 499 non-empty rows from worksheet.
paper-1998-04,The Full Cost Of Intercity Highway Transportation,UPLOADED,/Users/dlev2617/Documents/Code/Agents/github-packages/UPLOADED/paper-1998-04-the-full-cost-of-intercity-highway-transportation,data/highway_full_cost_model/modernized_xlsx/greg_1_original.xlsx,Sheet1,GSP,,numeric,498,28773 | 28418 | 29375 | 31303 | 33430,6863,528674,xlsx,medium,Headers inferred from first row. Sampled first 499 non-empty rows from worksheet.
paper-1998-04,The Full Cost Of Intercity Highway Transportation,UPLOADED,/Users/dlev2617/Documents/Code/Agents/github-packages/UPLOADED/paper-1998-04-the-full-cost-of-intercity-highway-transportation,data/highway_full_cost_model/modernized_xlsx/greg_1_original.xlsx,Sheet1,DURAB,,numeric,498,86.8 | 79.7 | 78.2 | 83.7 | 88.1,72.8,88.1,xlsx,medium,Headers inferred from first row. Sampled first 499 non-empty rows from worksheet.
paper-1998-04,The Full Cost Of Intercity Highway Transportation,UPLOADED,/Users/dlev2617/Documents/Code/Agents/github-packages/UPLOADED/paper-1998-04-the-full-cost-of-intercity-highway-transportation,data/highway_full_cost_model/modernized_xlsx/greg_1_original.xlsx,Sheet1,NONDUR,,numeric,498,86.3 | 76.7 | 74.3 | 80.9 | 87.5,69,87.5,xlsx,medium,Headers inferred from first row. Sampled first 499 non-empty rows from worksheet.
paper-1998-04,The Full Cost Of Intercity Highway Transportation,UPLOADED,/Users/dlev2617/Documents/Code/Agents/github-packages/UPLOADED/paper-1998-04-the-full-cost-of-intercity-highway-transportation,data/highway_full_cost_model/modernized_xlsx/greg_1_original.xlsx,Sheet1,PRIMARY,,numeric,498,86.6 | 82.9 | 82.8 | 87.5 | 84,76.4,87.5,xlsx,medium,Headers inferred from first row. Sampled first 499 non-empty rows from worksheet.
paper-1998-04,The Full Cost Of Intercity Highway Transportation,UPLOADED,/Users/dlev2617/Documents/Code/Agents/github-packages/UPLOADED/paper-1998-04-the-full-cost-of-intercity-highway-transportation,data/highway_full_cost_model/modernized_xlsx/greg_1_original.xlsx,Sheet1,MINING,,numeric,498,86.5 | 79.1 | 77.4 | 82.5 | 82.8,73.5,86.5,xlsx,medium,Headers inferred from first row. Sampled first 499 non-empty rows from worksheet.
paper-1998-04,The Full Cost Of Intercity Highway Transportation,UPLOADED,/Users/dlev2617/Documents/Code/Agents/github-packages/UPLOADED/paper-1998-04-the-full-cost-of-intercity-highway-transportation,data/highway_full_cost_model/modernized_xlsx/greg_1_original.xlsx,Sheet1,UTILIT,,numeric,498,95.8 | 95.4 | 93.9 | 94.6 | 92.9,79.5,95.8,xlsx,medium,Headers inferred from first row. Sampled first 499 non-empty rows from worksheet.
paper-1998-04,The Full Cost Of Intercity Highway Transportation,UPLOADED,/Users/dlev2617/Documents/Code/Agents/github-packages/UPLOADED/paper-1998-04-the-full-cost-of-intercity-highway-transportation,data/highway_full_cost_model/modernized_xlsx/greg_1_original.xlsx,Sheet1,TOTPUB,,numeric,498,15032.68 | 15501.94 | 15972.41 | 16406.26 | 16762.67,3410.22,145321.6,xlsx,medium,Headers inferred from first row. Sampled first 499 non-empty rows from worksheet.
paper-1998-04,The Full Cost Of Intercity Highway Transportation,UPLOADED,/Users/dlev2617/Documents/Code/Agents/github-packages/UPLOADED/paper-1998-04-the-full-cost-of-intercity-highway-transportation,data/highway_full_cost_model/modernized_xlsx/greg_1_original.xlsx,Sheet1,HIGHWAY,,numeric,498,7325.79 | 7525.94 | 7765.42 | 7907.66 | 8025.52,2029.77,47699.43,xlsx,medium,Headers inferred from first row. Sampled first 499 non-empty rows from worksheet.
paper-1998-04,The Full Cost Of Intercity Highway Transportation,UPLOADED,/Users/dlev2617/Documents/Code/Agents/github-packages/UPLOADED/paper-1998-04-the-full-cost-of-intercity-highway-transportation,data/highway_full_cost_model/modernized_xlsx/greg_1_original.xlsx,Sheet1,OTHPK,,numeric,498,6051.2 | 6254.98 | 6442.23 | 6756.19 | 7002.29,948.67,75276.83,xlsx,medium,Headers inferred from first row. Sampled first 499 non-empty rows from worksheet.
paper-1998-04,The Full Cost Of Intercity Highway Transportation,UPLOADED,/Users/dlev2617/Documents/Code/Agents/github-packages/UPLOADED/paper-1998-04-the-full-cost-of-intercity-highway-transportation,data/highway_full_cost_model/modernized_xlsx/greg_1_original.xlsx,Sheet1,PVTCAP,,numeric,498,35793.8 | 37299.91 | 38670.3 | 40084.01 | 42057.32,6108.14,400653.1,xlsx,medium,Headers inferred from first row. Sampled first 499 non-empty rows from worksheet.
paper-1998-04,The Full Cost Of Intercity Highway Transportation,UPLOADED,/Users/dlev2617/Documents/Code/Agents/github-packages/UPLOADED/paper-1998-04-the-full-cost-of-intercity-highway-transportation,data/highway_full_cost_model/modernized_xlsx/greg_1_original.xlsx,Sheet1,AGCAP,,numeric,498,1687.63 | 1749.75 | 1812.37 | 1746.87 | 1847.31,201.69,15886.7,xlsx,medium,Headers inferred from first row. Sampled first 499 non-empty rows from worksheet.
paper-1998-04,The Full Cost Of Intercity Highway Transportation,UPLOADED,/Users/dlev2617/Documents/Code/Agents/github-packages/UPLOADED/paper-1998-04-the-full-cost-of-intercity-highway-transportation,data/highway_full_cost_model/modernized_xlsx/greg_1_original.xlsx,Sheet1,MFGCAP,,mixed_numeric_text,498,9598.34 | 9914.18 | 10146.61 | 10386.7 | 10703.8,,,xlsx,medium,Headers inferred from first row. Sampled first 499 non-empty rows from worksheet.
paper-1998-04,The Full Cost Of Intercity Highway Transportation,UPLOADED,/Users/dlev2617/Documents/Code/Agents/github-packages/UPLOADED/paper-1998-04-the-full-cost-of-intercity-highway-transportation,data/highway_full_cost_model/modernized_xlsx/greg_1_original.xlsx,Sheet1,NFNMCAP,,mixed_numeric_text,498,24507.83 | 25635.98 | 26711.32 | 27950.44 | 29506.21,,,xlsx,medium,Headers inferred from first row. Sampled first 499 non-empty rows from worksheet.
paper-1998-04,The Full Cost Of Intercity Highway Transportation,UPLOADED,/Users/dlev2617/Documents/Code/Agents/github-packages/UPLOADED/paper-1998-04-the-full-cost-of-intercity-highway-transportation,data/highway_full_cost_model/modernized_xlsx/greg_1_original.xlsx,Sheet1,NAEMPL,,numeric,498,1000.2 | 1010.4 | 1021.9 | 1072.3 | 1135.5,197.7,12075.1,xlsx,medium,Headers inferred from first row. Sampled first 499 non-empty rows from worksheet.
paper-1998-04,The Full Cost Of Intercity Highway Transportation,UPLOADED,/Users/dlev2617/Documents/Code/Agents/github-packages/UPLOADED/paper-1998-04-the-full-cost-of-intercity-highway-transportation,data/highway_full_cost_model/modernized_xlsx/greg_1_original.xlsx,Sheet1,CITIES,,numeric,498,10 | 9 | 5 | 47 | 8,1,47,xlsx,medium,Headers inferred from first row. Sampled first 499 non-empty rows from worksheet.
paper-1998-04,The Full Cost Of Intercity Highway Transportation,UPLOADED,/Users/dlev2617/Documents/Code/Agents/github-packages/UPLOADED/paper-1998-04-the-full-cost-of-intercity-highway-transportation,data/highway_full_cost_model/modernized_xlsx/greg_1_original.xlsx,Sheet1,AREA,,numeric,498,52423 | 53182 | 114006 | 163707 | 104100,2489,163707,xlsx,medium,Headers inferred from first row. Sampled first 499 non-empty rows from worksheet.
paper-1998-04,The Full Cost Of Intercity Highway Transportation,UPLOADED,/Users/dlev2617/Documents/Code/Agents/github-packages/UPLOADED/paper-1998-04-the-full-cost-of-intercity-highway-transportation,data/highway_full_cost_model/modernized_xlsx/greg_1_original.xlsx,Sheet1,CPI,,numeric,498,36.7 | 38.8 | 40.5 | 41.8 | 44.4,36,118.3,xlsx,medium,Headers inferred from first row. Sampled first 499 non-empty rows from worksheet.
paper-1998-04,The Full Cost Of Intercity Highway Transportation,UPLOADED,/Users/dlev2617/Documents/Code/Agents/github-packages/UPLOADED/paper-1998-04-the-full-cost-of-intercity-highway-transportation,data/highway_full_cost_model/modernized_xlsx/greg_1_original.xlsx,Sheet1,PPI,,mixed_numeric_text,498,38.2 | 40 | 41.4 | 42.3 | 43.7,,,xlsx,medium,Headers inferred from first row. Sampled first 499 non-empty rows from worksheet.
paper-1998-04,The Full Cost Of Intercity Highway Transportation,UPLOADED,/Users/dlev2617/Documents/Code/Agents/github-packages/UPLOADED/paper-1998-04-the-full-cost-of-intercity-highway-transportation,data/highway_full_cost_model/modernized_xlsx/greg_1_original.xlsx,Sheet1,ROWAY,,numeric,498,23642000 | 16648000 | 11223000 | 14390000 | 11812000,662000,292000000,xlsx,medium,Headers inferred from first row. Sampled first 499 non-empty rows from worksheet.
paper-1998-04,The Full Cost Of Intercity Highway Transportation,UPLOADED,/Users/dlev2617/Documents/Code/Agents/github-packages/UPLOADED/paper-1998-04-the-full-cost-of-intercity-highway-transportation,data/highway_full_cost_model/modernized_xlsx/greg_1_original.xlsx,Sheet1,TCAPO,,numeric,498,175000000 | 190000000 | 206000000 | 215000000 | 202000000,31990000,2230000000,xlsx,medium,Headers inferred from first row. Sampled first 499 non-empty rows from worksheet.
paper-1998-04,The Full Cost Of Intercity Highway Transportation,UPLOADED,/Users/dlev2617/Documents/Code/Agents/github-packages/UPLOADED/paper-1998-04-the-full-cost-of-intercity-highway-transportation,data/highway_full_cost_model/modernized_xlsx/greg_1_original.xlsx,Sheet1,TMANT,,numeric,498,75343000 | 87487000 | 91299000 | 89616000 | 93706000,11597000,1560000000,xlsx,medium,Headers inferred from first row. Sampled first 499 non-empty rows from worksheet.
paper-1998-04,The Full Cost Of Intercity Highway Transportation,UPLOADED,/Users/dlev2617/Documents/Code/Agents/github-packages/UPLOADED/paper-1998-04-the-full-cost-of-intercity-highway-transportation,data/highway_full_cost_model/modernized_xlsx/greg_1_original.xlsx,Sheet1,HPOLC,,numeric,498,8231000 | 9259000 | 8762000 | 8814000 | 9716000,2857000,931000000,xlsx,medium,Headers inferred from first row. Sampled first 499 non-empty rows from worksheet.
paper-1998-04,The Full Cost Of Intercity Highway Transportation,UPLOADED,/Users/dlev2617/Documents/Code/Agents/github-packages/UPLOADED/paper-1998-04-the-full-cost-of-intercity-highway-transportation,data/highway_full_cost_model/modernized_xlsx/greg_1_original.xlsx,Sheet1,TDISB,,numeric,498,309000000 | 335000000 | 361000000 | 367000000 | 366000000,76500000,5290000000,xlsx,medium,Headers inferred from first row. Sampled first 499 non-empty rows from worksheet.
paper-1998-04,The Full Cost Of Intercity Highway Transportation,UPLOADED,/Users/dlev2617/Documents/Code/Agents/github-packages/UPLOADED/paper-1998-04-the-full-cost-of-intercity-highway-transportation,data/highway_full_cost_model/modernized_xlsx/greg_1_original.xlsx,Sheet1,IRFA4,,numeric,498,526 | 535 | 564 | 572 | 595,0,1459,xlsx,medium,Headers inferred from first row. Sampled first 499 non-empty rows from worksheet.
paper-1998-04,The Full Cost Of Intercity Highway Transportation,UPLOADED,/Users/dlev2617/Documents/Code/Agents/github-packages/UPLOADED/paper-1998-04-the-full-cost-of-intercity-highway-transportation,data/highway_full_cost_model/modernized_xlsx/greg_1_original.xlsx,Sheet1,IRTT,,numeric,498,762 | 751 | 774 | 728 | 736,0,1758,xlsx,medium,Headers inferred from first row. Sampled first 499 non-empty rows from worksheet.
paper-1998-04,The Full Cost Of Intercity Highway Transportation,UPLOADED,/Users/dlev2617/Documents/Code/Agents/github-packages/UPLOADED/paper-1998-04-the-full-cost-of-intercity-highway-transportation,data/highway_full_cost_model/modernized_xlsx/greg_1_original.xlsx,Sheet1,IUFA4,,numeric,498,45 | 66 | 74 | 87 | 91,0,978,xlsx,medium,Headers inferred from first row. Sampled first 499 non-empty rows from worksheet.
paper-1998-04,The Full Cost Of Intercity Highway Transportation,UPLOADED,/Users/dlev2617/Documents/Code/Agents/github-packages/UPLOADED/paper-1998-04-the-full-cost-of-intercity-highway-transportation,data/highway_full_cost_model/modernized_xlsx/greg_1_original.xlsx,Sheet1,IUTT,,numeric,498,177 | 198 | 203 | 202 | 179,21,978,xlsx,medium,Headers inferred from first row. Sampled first 499 non-empty rows from worksheet.
paper-1998-04,The Full Cost Of Intercity Highway Transportation,UPLOADED,/Users/dlev2617/Documents/Code/Agents/github-packages/UPLOADED/paper-1998-04-the-full-cost-of-intercity-highway-transportation,data/highway_full_cost_model/modernized_xlsx/greg_1_original.xlsx,Sheet1,PR2L,,numeric,498,4344 | 4322 | 4263 | 4209 | 4198,153,8885,xlsx,medium,Headers inferred from first row. Sampled first 499 non-empty rows from worksheet.
paper-1998-04,The Full Cost Of Intercity Highway Transportation,UPLOADED,/Users/dlev2617/Documents/Code/Agents/github-packages/UPLOADED/paper-1998-04-the-full-cost-of-intercity-highway-transportation,data/highway_full_cost_model/modernized_xlsx/greg_1_original.xlsx,Sheet1,PRFA4,,numeric,498,526 | 535 | 564 | 572 | 595,0,2138,xlsx,medium,Headers inferred from first row. Sampled first 499 non-empty rows from worksheet.
paper-1998-04,The Full Cost Of Intercity Highway Transportation,UPLOADED,/Users/dlev2617/Documents/Code/Agents/github-packages/UPLOADED/paper-1998-04-the-full-cost-of-intercity-highway-transportation,data/highway_full_cost_model/modernized_xlsx/greg_1_original.xlsx,Sheet1,PR4TT,,numeric,498,1015 | 1048 | 1109 | 1057 | 1094,0,2734,xlsx,medium,Headers inferred from first row. Sampled first 499 non-empty rows from worksheet.
paper-1998-04,The Full Cost Of Intercity Highway Transportation,UPLOADED,/Users/dlev2617/Documents/Code/Agents/github-packages/UPLOADED/paper-1998-04-the-full-cost-of-intercity-highway-transportation,data/highway_full_cost_model/modernized_xlsx/greg_1_original.xlsx,Sheet1,PRTT,,numeric,498,5419 | 5428 | 5440 | 5434 | 5463,332,11281,xlsx,medium,Headers inferred from first row. Sampled first 499 non-empty rows from worksheet.
paper-1998-04,The Full Cost Of Intercity Highway Transportation,UPLOADED,/Users/dlev2617/Documents/Code/Agents/github-packages/UPLOADED/paper-1998-04-the-full-cost-of-intercity-highway-transportation,data/highway_full_cost_model/modernized_xlsx/greg_1_original.xlsx,Sheet1,PU2L,,numeric,498,383 | 380 | 370 | 334 | 293,11,1050,xlsx,medium,Headers inferred from first row. Sampled first 499 non-empty rows from worksheet.
paper-1998-04,The Full Cost Of Intercity Highway Transportation,UPLOADED,/Users/dlev2617/Documents/Code/Agents/github-packages/UPLOADED/paper-1998-04-the-full-cost-of-intercity-highway-transportation,data/highway_full_cost_model/modernized_xlsx/greg_1_original.xlsx,Sheet1,PUFA4,,numeric,498,46 | 66 | 74 | 87 | 91,0,1558,xlsx,medium,Headers inferred from first row. Sampled first 499 non-empty rows from worksheet.
paper-1998-04,The Full Cost Of Intercity Highway Transportation,UPLOADED,/Users/dlev2617/Documents/Code/Agents/github-packages/UPLOADED/paper-1998-04-the-full-cost-of-intercity-highway-transportation,data/highway_full_cost_model/modernized_xlsx/greg_1_original.xlsx,Sheet1,PU4TT,,numeric,498,266 | 289 | 313 | 398 | 427,0,1888,xlsx,medium,Headers inferred from first row. Sampled first 499 non-empty rows from worksheet.
paper-1998-04,The Full Cost Of Intercity Highway Transportation,UPLOADED,/Users/dlev2617/Documents/Code/Agents/github-packages/UPLOADED/paper-1998-04-the-full-cost-of-intercity-highway-transportation,data/highway_full_cost_model/modernized_xlsx/greg_1_original.xlsx,Sheet1,PUTT,,numeric,498,779 | 806 | 840 | 866 | 869,39,2708,xlsx,medium,Headers inferred from first row. Sampled first 499 non-empty rows from worksheet.
paper-1998-04,The Full Cost Of Intercity Highway Transportation,UPLOADED,/Users/dlev2617/Documents/Code/Agents/github-packages/UPLOADED/paper-1998-04-the-full-cost-of-intercity-highway-transportation,data/highway_full_cost_model/modernized_xlsx/greg_1_original.xlsx,Sheet1,REGAUTO,,numeric,498,1470975 | 1559097 | 1656566 | 1746518 | 1828875,250433,16496522,xlsx,medium,Headers inferred from first row. Sampled first 499 non-empty rows from worksheet.
paper-1998-04,The Full Cost Of Intercity Highway Transportation,UPLOADED,/Users/dlev2617/Documents/Code/Agents/github-packages/UPLOADED/paper-1998-04-the-full-cost-of-intercity-highway-transportation,data/highway_full_cost_model/modernized_xlsx/greg_1_original.xlsx,Sheet1,REGBUS,,numeric,498,7683 | 7807 | 7849 | 7893 | 7960,1130,37533,xlsx,medium,Headers inferred from first row. Sampled first 499 non-empty rows from worksheet.
paper-1998-04,The Full Cost Of Intercity Highway Transportation,UPLOADED,/Users/dlev2617/Documents/Code/Agents/github-packages/UPLOADED/paper-1998-04-the-full-cost-of-intercity-highway-transportation,data/highway_full_cost_model/modernized_xlsx/greg_1_original.xlsx,Sheet1,REGTRK,,numeric,498,378680 | 399028 | 428556 | 472882 | 516794,14224,4802909,xlsx,medium,Headers inferred from first row. Sampled first 499 non-empty rows from worksheet.
paper-1998-04,The Full Cost Of Intercity Highway Transportation,UPLOADED,/Users/dlev2617/Documents/Code/Agents/github-packages/UPLOADED/paper-1998-04-the-full-cost-of-intercity-highway-transportation,data/highway_full_cost_model/modernized_xlsx/greg_1_original.xlsx,Sheet1,dt1,,boolean_or_indicator,498,1 | 0,,,xlsx,medium,Headers inferred from first row. Sampled first 499 non-empty rows from worksheet.
paper-1998-04,The Full Cost Of Intercity Highway Transportation,UPLOADED,/Users/dlev2617/Documents/Code/Agents/github-packages/UPLOADED/paper-1998-04-the-full-cost-of-intercity-highway-transportation,data/highway_full_cost_model/modernized_xlsx/greg_1_original.xlsx,Sheet1,dt2,,boolean_or_indicator,498,0 | 1,,,xlsx,medium,Headers inferred from first row. Sampled first 499 non-empty rows from worksheet.
paper-1998-04,The Full Cost Of Intercity Highway Transportation,UPLOADED,/Users/dlev2617/Documents/Code/Agents/github-packages/UPLOADED/paper-1998-04-the-full-cost-of-intercity-highway-transportation,data/highway_full_cost_model/modernized_xlsx/greg_1_original.xlsx,Sheet1,dt3,,boolean_or_indicator,498,0 | 1,,,xlsx,medium,Headers inferred from first row. Sampled first 499 non-empty rows from worksheet.
paper-1998-04,The Full Cost Of Intercity Highway Transportation,UPLOADED,/Users/dlev2617/Documents/Code/Agents/github-packages/UPLOADED/paper-1998-04-the-full-cost-of-intercity-highway-transportation,data/highway_full_cost_model/modernized_xlsx/greg_1_original.xlsx,Sheet1,dt4,,boolean_or_indicator,498,0 | 1,,,xlsx,medium,Headers inferred from first row. Sampled first 499 non-empty rows from worksheet.
paper-1998-04,The Full Cost Of Intercity Highway Transportation,UPLOADED,/Users/dlev2617/Documents/Code/Agents/github-packages/UPLOADED/paper-1998-04-the-full-cost-of-intercity-highway-transportation,data/highway_full_cost_model/modernized_xlsx/greg_1_original.xlsx,Sheet1,dt5,,boolean_or_indicator,498,0 | 1,,,xlsx,medium,Headers inferred from first row. Sampled first 499 non-empty rows from worksheet.
paper-1998-04,The Full Cost Of Intercity Highway Transportation,UPLOADED,/Users/dlev2617/Documents/Code/Agents/github-packages/UPLOADED/paper-1998-04-the-full-cost-of-intercity-highway-transportation,data/highway_full_cost_model/modernized_xlsx/greg_1_original.xlsx,Sheet1,dt6,,boolean_or_indicator,498,0 | 1,,,xlsx,medium,Headers inferred from first row. Sampled first 499 non-empty rows from worksheet.
paper-1998-04,The Full Cost Of Intercity Highway Transportation,UPLOADED,/Users/dlev2617/Documents/Code/Agents/github-packages/UPLOADED/paper-1998-04-the-full-cost-of-intercity-highway-transportation,data/highway_full_cost_model/modernized_xlsx/greg_1_original.xlsx,Sheet1,dt7,,boolean_or_indicator,498,0 | 1,,,xlsx,medium,Headers inferred from first row. Sampled first 499 non-empty rows from worksheet.
paper-1998-04,The Full Cost Of Intercity Highway Transportation,UPLOADED,/Users/dlev2617/Documents/Code/Agents/github-packages/UPLOADED/paper-1998-04-the-full-cost-of-intercity-highway-transportation,data/highway_full_cost_model/modernized_xlsx/greg_1_original.xlsx,Sheet1,dt8,,boolean_or_indicator,498,0 | 1,,,xlsx,medium,Headers inferred from first row. Sampled first 499 non-empty rows from worksheet.
paper-1998-04,The Full Cost Of Intercity Highway Transportation,UPLOADED,/Users/dlev2617/Documents/Code/Agents/github-packages/UPLOADED/paper-1998-04-the-full-cost-of-intercity-highway-transportation,data/highway_full_cost_model/modernized_xlsx/greg_1_original.xlsx,Sheet1,dt9,,boolean_or_indicator,498,0 | 1,,,xlsx,medium,Headers inferred from first row. Sampled first 499 non-empty rows from worksheet.
paper-1998-04,The Full Cost Of Intercity Highway Transportation,UPLOADED,/Users/dlev2617/Documents/Code/Agents/github-packages/UPLOADED/paper-1998-04-the-full-cost-of-intercity-highway-transportation,data/highway_full_cost_model/modernized_xlsx/greg_1_original.xlsx,Sheet1,dt10,,boolean_or_indicator,498,0 | 1,,,xlsx,medium,Headers inferred from first row. Sampled first 499 non-empty rows from worksheet.
paper-1998-04,The Full Cost Of Intercity Highway Transportation,UPLOADED,/Users/dlev2617/Documents/Code/Agents/github-packages/UPLOADED/paper-1998-04-the-full-cost-of-intercity-highway-transportation,data/highway_full_cost_model/modernized_xlsx/greg_1_original.xlsx,Sheet1,dt11,,boolean_or_indicator,498,0 | 1,,,xlsx,medium,Headers inferred from first row. Sampled first 499 non-empty rows from worksheet.
paper-1998-04,The Full Cost Of Intercity Highway Transportation,UPLOADED,/Users/dlev2617/Documents/Code/Agents/github-packages/UPLOADED/paper-1998-04-the-full-cost-of-intercity-highway-transportation,data/highway_full_cost_model/modernized_xlsx/greg_1_original.xlsx,Sheet1,dt12,,boolean_or_indicator,498,0 | 1,,,xlsx,medium,Headers inferred from first row. Sampled first 499 non-empty rows from worksheet.
paper-1998-04,The Full Cost Of Intercity Highway Transportation,UPLOADED,/Users/dlev2617/Documents/Code/Agents/github-packages/UPLOADED/paper-1998-04-the-full-cost-of-intercity-highway-transportation,data/highway_full_cost_model/modernized_xlsx/greg_1_original.xlsx,Sheet1,dt13,,boolean_or_indicator,498,0 | 1,,,xlsx,medium,Headers inferred from first row. Sampled first 499 non-empty rows from worksheet.
paper-1998-04,The Full Cost Of Intercity Highway Transportation,UPLOADED,/Users/dlev2617/Documents/Code/Agents/github-packages/UPLOADED/paper-1998-04-the-full-cost-of-intercity-highway-transportation,data/highway_full_cost_model/modernized_xlsx/greg_1_original.xlsx,Sheet1,dt14,,boolean_or_indicator,498,0 | 1,,,xlsx,medium,Headers inferred from first row. Sampled first 499 non-empty rows from worksheet.
paper-1998-04,The Full Cost Of Intercity Highway Transportation,UPLOADED,/Users/dlev2617/Documents/Code/Agents/github-packages/UPLOADED/paper-1998-04-the-full-cost-of-intercity-highway-transportation,data/highway_full_cost_model/modernized_xlsx/greg_1_original.xlsx,Sheet1,dt15,,boolean_or_indicator,498,0 | 1,,,xlsx,medium,Headers inferred from first row. Sampled first 499 non-empty rows from worksheet.
paper-1998-04,The Full Cost Of Intercity Highway Transportation,UPLOADED,/Users/dlev2617/Documents/Code/Agents/github-packages/UPLOADED/paper-1998-04-the-full-cost-of-intercity-highway-transportation,data/highway_full_cost_model/modernized_xlsx/greg_1_original.xlsx,Sheet1,dt16,,boolean_or_indicator,498,0 | 1,,,xlsx,medium,Headers inferred from first row. Sampled first 499 non-empty rows from worksheet.
paper-1998-04,The Full Cost Of Intercity Highway Transportation,UPLOADED,/Users/dlev2617/Documents/Code/Agents/github-packages/UPLOADED/paper-1998-04-the-full-cost-of-intercity-highway-transportation,data/highway_full_cost_model/modernized_xlsx/greg_1_original.xlsx,Sheet1,dt17,,boolean_or_indicator,498,0 | 1,,,xlsx,medium,Headers inferred from first row. Sampled first 499 non-empty rows from worksheet.
paper-1998-04,The Full Cost Of Intercity Highway Transportation,UPLOADED,/Users/dlev2617/Documents/Code/Agents/github-packages/UPLOADED/paper-1998-04-the-full-cost-of-intercity-highway-transportation,data/highway_full_cost_model/modernized_xlsx/greg_1_original.xlsx,Sheet1,dt18,,boolean_or_indicator,498,0 | 1,,,xlsx,medium,Headers inferred from first row. Sampled first 499 non-empty rows from worksheet.
paper-1998-04,The Full Cost Of Intercity Highway Transportation,UPLOADED,/Users/dlev2617/Documents/Code/Agents/github-packages/UPLOADED/paper-1998-04-the-full-cost-of-intercity-highway-transportation,data/highway_full_cost_model/modernized_xlsx/greg_1_original.xlsx,Sheet1,dt19,,boolean_or_indicator,498,0 | 1,,,xlsx,medium,Headers inferred from first row. Sampled first 499 non-empty rows from worksheet.
paper-1998-04,The Full Cost Of Intercity Highway Transportation,UPLOADED,/Users/dlev2617/Documents/Code/Agents/github-packages/UPLOADED/paper-1998-04-the-full-cost-of-intercity-highway-transportation,data/highway_full_cost_model/modernized_xlsx/greg_1_original.xlsx,Sheet1,dt20,,boolean_or_indicator,498,0 | 1,,,xlsx,medium,Headers inferred from first row. Sampled first 499 non-empty rows from worksheet.
paper-1998-04,The Full Cost Of Intercity Highway Transportation,UPLOADED,/Users/dlev2617/Documents/Code/Agents/github-packages/UPLOADED/paper-1998-04-the-full-cost-of-intercity-highway-transportation,data/highway_full_cost_model/modernized_xlsx/greg_2_original.xlsx,Sheet1,STATE,,text,498,ALABAMA | ARKANSAS | ARIZONA | CALIFORNIA | COLORADO,,,xlsx,medium,Headers inferred from first row. Sampled first 499 non-empty rows from worksheet.
paper-1998-04,The Full Cost Of Intercity Highway Transportation,UPLOADED,/Users/dlev2617/Documents/Code/Agents/github-packages/UPLOADED/paper-1998-04-the-full-cost-of-intercity-highway-transportation,data/highway_full_cost_model/modernized_xlsx/greg_2_original.xlsx,Sheet1,YEAR,,numeric,498,1969 | 1970 | 1971 | 1972 | 1973,1969,1988,xlsx,medium,Headers inferred from first row. Sampled first 499 non-empty rows from worksheet.
paper-1998-04,The Full Cost Of Intercity Highway Transportation,UPLOADED,/Users/dlev2617/Documents/Code/Agents/github-packages/UPLOADED/paper-1998-04-the-full-cost-of-intercity-highway-transportation,data/highway_full_cost_model/modernized_xlsx/greg_2_original.xlsx,Sheet1,HIGHWAY,,numeric,498,7325.79 | 7525.94 | 7765.42 | 7907.66 | 8025.52,2029.77,47699.43,xlsx,medium,Headers inferred from first row. Sampled first 499 non-empty rows from worksheet.
paper-1998-04,The Full Cost Of Intercity Highway Transportation,UPLOADED,/Users/dlev2617/Documents/Code/Agents/github-packages/UPLOADED/paper-1998-04-the-full-cost-of-intercity-highway-transportation,data/highway_full_cost_model/modernized_xlsx/greg_2_original.xlsx,Sheet1,GSP,,numeric,498,28773 | 28418 | 29375 | 31303 | 33430,6863,528674,xlsx,medium,Headers inferred from first row. Sampled first 499 non-empty rows from worksheet.
paper-1998-04,The Full Cost Of Intercity Highway Transportation,UPLOADED,/Users/dlev2617/Documents/Code/Agents/github-packages/UPLOADED/paper-1998-04-the-full-cost-of-intercity-highway-transportation,data/highway_full_cost_model/modernized_xlsx/greg_2_original.xlsx,Sheet1,TOTPUB,,numeric,498,15032.68 | 15501.94 | 15972.41 | 16406.26 | 16762.67,3410.22,145321.6,xlsx,medium,Headers inferred from first row. Sampled first 499 non-empty rows from worksheet.
paper-1998-04,The Full Cost Of Intercity Highway Transportation,UPLOADED,/Users/dlev2617/Documents/Code/Agents/github-packages/UPLOADED/paper-1998-04-the-full-cost-of-intercity-highway-transportation,data/highway_full_cost_model/modernized_xlsx/greg_2_original.xlsx,Sheet1,PVTCAP,,numeric,498,35793.8 | 37299.91 | 38670.3 | 40084.01 | 42057.32,6108.14,400653.1,xlsx,medium,Headers inferred from first row. Sampled first 499 non-empty rows from worksheet.
paper-1998-04,The Full Cost Of Intercity Highway Transportation,UPLOADED,/Users/dlev2617/Documents/Code/Agents/github-packages/UPLOADED/paper-1998-04-the-full-cost-of-intercity-highway-transportation,data/highway_full_cost_model/modernized_xlsx/greg_2_original.xlsx,Sheet1,AREA,,numeric,498,52423 | 53182 | 114006 | 163707 | 104100,2489,163707,xlsx,medium,Headers inferred from first row. Sampled first 499 non-empty rows from worksheet.
paper-1998-04,The Full Cost Of Intercity Highway Transportation,UPLOADED,/Users/dlev2617/Documents/Code/Agents/github-packages/UPLOADED/paper-1998-04-the-full-cost-of-intercity-highway-transportation,data/highway_full_cost_model/modernized_xlsx/greg_2_original.xlsx,Sheet1,ROWAY,,numeric,498,23642000 | 16648000 | 11223000 | 14390000 | 11812000,662000,292000000,xlsx,medium,Headers inferred from first row. Sampled first 499 non-empty rows from worksheet.
paper-1998-04,The Full Cost Of Intercity Highway Transportation,UPLOADED,/Users/dlev2617/Documents/Code/Agents/github-packages/UPLOADED/paper-1998-04-the-full-cost-of-intercity-highway-transportation,data/highway_full_cost_model/modernized_xlsx/greg_2_original.xlsx,Sheet1,TCAPO,,numeric,498,175000000 | 190000000 | 206000000 | 215000000 | 202000000,31990000,2230000000,xlsx,medium,Headers inferred from first row. Sampled first 499 non-empty rows from worksheet.
paper-1998-04,The Full Cost Of Intercity Highway Transportation,UPLOADED,/Users/dlev2617/Documents/Code/Agents/github-packages/UPLOADED/paper-1998-04-the-full-cost-of-intercity-highway-transportation,data/highway_full_cost_model/modernized_xlsx/greg_2_original.xlsx,Sheet1,TMANT,,numeric,498,75343000 | 87487000 | 91299000 | 89616000 | 93706000,11597000,1560000000,xlsx,medium,Headers inferred from first row. Sampled first 499 non-empty rows from worksheet.
paper-1998-04,The Full Cost Of Intercity Highway Transportation,UPLOADED,/Users/dlev2617/Documents/Code/Agents/github-packages/UPLOADED/paper-1998-04-the-full-cost-of-intercity-highway-transportation,data/highway_full_cost_model/modernized_xlsx/greg_2_original.xlsx,Greg 1,OBS,,numeric,498,1 | 2 | 3 | 4 | 5,1,498,xlsx,medium,Headers inferred from first row. Sampled first 499 non-empty rows from worksheet.
paper-1998-04,The Full Cost Of Intercity Highway Transportation,UPLOADED,/Users/dlev2617/Documents/Code/Agents/github-packages/UPLOADED/paper-1998-04-the-full-cost-of-intercity-highway-transportation,data/highway_full_cost_model/modernized_xlsx/greg_2_original.xlsx,Greg 1,STATE,,text,498,ALABAMA | ARKANSAS | ARIZONA | CALIFORNIA | COLORADO,,,xlsx,medium,Headers inferred from first row. Sampled first 499 non-empty rows from worksheet.
paper-1998-04,The Full Cost Of Intercity Highway Transportation,UPLOADED,/Users/dlev2617/Documents/Code/Agents/github-packages/UPLOADED/paper-1998-04-the-full-cost-of-intercity-highway-transportation,data/highway_full_cost_model/modernized_xlsx/greg_2_original.xlsx,Greg 1,STATE2,,mixed_numeric_text,498,501 | 505 | 604 | 804 | 7?,,,xlsx,medium,Headers inferred from first row. Sampled first 499 non-empty rows from worksheet.
paper-1998-04,The Full Cost Of Intercity Highway Transportation,UPLOADED,/Users/dlev2617/Documents/Code/Agents/github-packages/UPLOADED/paper-1998-04-the-full-cost-of-intercity-highway-transportation,data/highway_full_cost_model/modernized_xlsx/greg_2_original.xlsx,Greg 1,UN,,numeric,498,0 | 4.7 | 5.2 | 4.5 | 5.5,0,15.5,xlsx,medium,Headers inferred from first row. Sampled first 499 non-empty rows from worksheet.
paper-1998-04,The Full Cost Of Intercity Highway Transportation,UPLOADED,/Users/dlev2617/Documents/Code/Agents/github-packages/UPLOADED/paper-1998-04-the-full-cost-of-intercity-highway-transportation,data/highway_full_cost_model/modernized_xlsx/greg_2_original.xlsx,Greg 1,YEAR,,numeric,498,1969 | 1970 | 1971 | 1972 | 1973,1969,1988,xlsx,medium,Headers inferred from first row. Sampled first 499 non-empty rows from worksheet.
paper-1998-04,The Full Cost Of Intercity Highway Transportation,UPLOADED,/Users/dlev2617/Documents/Code/Agents/github-packages/UPLOADED/paper-1998-04-the-full-cost-of-intercity-highway-transportation,data/highway_full_cost_model/modernized_xlsx/greg_2_original.xlsx,Greg 1,CLTCB,,numeric,498,641.467 | 675.605 | 626.055 | 669.735 | 688.65,0,1292.23,xlsx,medium,Headers inferred from first row. Sampled first 499 non-empty rows from worksheet.
paper-1998-04,The Full Cost Of Intercity Highway Transportation,UPLOADED,/Users/dlev2617/Documents/Code/Agents/github-packages/UPLOADED/paper-1998-04-the-full-cost-of-intercity-highway-transportation,data/highway_full_cost_model/modernized_xlsx/greg_2_original.xlsx,Greg 1,HYTCB,,numeric,498,78.511 | 80.092 | 104.114 | 106.211 | 122.622,-10.1547,598.716,xlsx,medium,Headers inferred from first row. Sampled first 499 non-empty rows from worksheet.
paper-1998-04,The Full Cost Of Intercity Highway Transportation,UPLOADED,/Users/dlev2617/Documents/Code/Agents/github-packages/UPLOADED/paper-1998-04-the-full-cost-of-intercity-highway-transportation,data/highway_full_cost_model/modernized_xlsx/greg_2_original.xlsx,Greg 1,NGTCB,,numeric,498,310.822 | 307.75 | 294.838 | 287.1 | 279.959,1.139,2349.71,xlsx,medium,Headers inferred from first row. Sampled first 499 non-empty rows from worksheet.
paper-1998-04,The Full Cost Of Intercity Highway Transportation,UPLOADED,/Users/dlev2617/Documents/Code/Agents/github-packages/UPLOADED/paper-1998-04-the-full-cost-of-intercity-highway-transportation,data/highway_full_cost_model/modernized_xlsx/greg_2_original.xlsx,Greg 1,PATCB,,numeric,498,340.447 | 355.272 | 367.407 | 407.919 | 453.62,96.01,3735.61,xlsx,medium,Headers inferred from first row. Sampled first 499 non-empty rows from worksheet.
paper-1998-04,The Full Cost Of Intercity Highway Transportation,UPLOADED,/Users/dlev2617/Documents/Code/Agents/github-packages/UPLOADED/paper-1998-04-the-full-cost-of-intercity-highway-transportation,data/highway_full_cost_model/modernized_xlsx/greg_2_original.xlsx,Greg 1,TETCB,,numeric,498,1293.31 | 1344.84 | 1334.06 | 1423.83 | 1474.26,187.73,6984.62,xlsx,medium,Headers inferred from first row. Sampled first 499 non-empty rows from worksheet.
paper-1998-04,The Full Cost Of Intercity Highway Transportation,UPLOADED,/Users/dlev2617/Documents/Code/Agents/github-packages/UPLOADED/paper-1998-04-the-full-cost-of-intercity-highway-transportation,data/highway_full_cost_model/modernized_xlsx/greg_2_original.xlsx,Greg 1,SMINING,,numeric,498,786 | 832 | 742 | 781 | 818,-3,32363,xlsx,medium,Headers inferred from first row. Sampled first 499 non-empty rows from worksheet.
paper-1998-04,The Full Cost Of Intercity Highway Transportation,UPLOADED,/Users/dlev2617/Documents/Code/Agents/github-packages/UPLOADED/paper-1998-04-the-full-cost-of-intercity-highway-transportation,data/highway_full_cost_model/modernized_xlsx/greg_2_original.xlsx,Greg 1,SCONSTR,,numeric,498,2078 | 1829 | 1815 | 1905 | 2149,269,22920,xlsx,medium,Headers inferred from first row. Sampled first 499 non-empty rows from worksheet.
paper-1998-04,The Full Cost Of Intercity Highway Transportation,UPLOADED,/Users/dlev2617/Documents/Code/Agents/github-packages/UPLOADED/paper-1998-04-the-full-cost-of-intercity-highway-transportation,data/highway_full_cost_model/modernized_xlsx/greg_2_original.xlsx,Greg 1,SDURABL,,numeric,498,3994 | 3762 | 3816 | 4091 | 4461,329,79754,xlsx,medium,Headers inferred from first row. Sampled first 499 non-empty rows from worksheet.
paper-1998-04,The Full Cost Of Intercity Highway Transportation,UPLOADED,/Users/dlev2617/Documents/Code/Agents/github-packages/UPLOADED/paper-1998-04-the-full-cost-of-intercity-highway-transportation,data/highway_full_cost_model/modernized_xlsx/greg_2_original.xlsx,Greg 1,SNONDUR,,numeric,498,3083 | 2970 | 3166 | 3542 | 3995,280,35293,xlsx,medium,Headers inferred from first row. Sampled first 499 non-empty rows from worksheet.
paper-1998-04,The Full Cost Of Intercity Highway Transportation,UPLOADED,/Users/dlev2617/Documents/Code/Agents/github-packages/UPLOADED/paper-1998-04-the-full-cost-of-intercity-highway-transportation,data/highway_full_cost_model/modernized_xlsx/greg_2_original.xlsx,Greg 1,STRANS,,numeric,498,2377 | 2415 | 2490 | 2775 | 3058,552,40495,xlsx,medium,Headers inferred from first row. Sampled first 499 non-empty rows from worksheet.
paper-1998-04,The Full Cost Of Intercity Highway Transportation,UPLOADED,/Users/dlev2617/Documents/Code/Agents/github-packages/UPLOADED/paper-1998-04-the-full-cost-of-intercity-highway-transportation,data/highway_full_cost_model/modernized_xlsx/greg_2_original.xlsx,Greg 1,SWHOLE,,numeric,498,1754 | 1775 | 1861 | 2055 | 2170,262,38841,xlsx,medium,Headers inferred from first row. Sampled first 499 non-empty rows from worksheet.
paper-1998-04,The Full Cost Of Intercity Highway Transportation,UPLOADED,/Users/dlev2617/Documents/Code/Agents/github-packages/UPLOADED/paper-1998-04-the-full-cost-of-intercity-highway-transportation,data/highway_full_cost_model/modernized_xlsx/greg_2_original.xlsx,Greg 1,SRETAIL,,numeric,498,2665 | 2721 | 2892 | 3172 | 3378,615,53760,xlsx,medium,Headers inferred from first row. Sampled first 499 non-empty rows from worksheet.
paper-1998-04,The Full Cost Of Intercity Highway Transportation,UPLOADED,/Users/dlev2617/Documents/Code/Agents/github-packages/UPLOADED/paper-1998-04-the-full-cost-of-intercity-highway-transportation,data/highway_full_cost_model/modernized_xlsx/greg_2_original.xlsx,Greg 1,SFINANC,,numeric,498,2939 | 2998 | 3152 | 3370 | 3574,807,86216,xlsx,medium,Headers inferred from first row. Sampled first 499 non-empty rows from worksheet.
paper-1998-04,The Full Cost Of Intercity Highway Transportation,UPLOADED,/Users/dlev2617/Documents/Code/Agents/github-packages/UPLOADED/paper-1998-04-the-full-cost-of-intercity-highway-transportation,data/highway_full_cost_model/modernized_xlsx/greg_2_original.xlsx,Greg 1,SSERVICE,,numeric,498,879 | 857 | 986 | 997 | 856,89,15608,xlsx,medium,Headers inferred from first row. Sampled first 499 non-empty rows from worksheet.
paper-1998-04,The Full Cost Of Intercity Highway Transportation,UPLOADED,/Users/dlev2617/Documents/Code/Agents/github-packages/UPLOADED/paper-1998-04-the-full-cost-of-intercity-highway-transportation,data/highway_full_cost_model/modernized_xlsx/greg_2_original.xlsx,Greg 1,SNAPROD,,numeric,498,27894 | 27561 | 28389 | 30306 | 32444,6126,513997,xlsx,medium,Headers inferred from first row. Sampled first 499 non-empty rows from worksheet.
paper-1998-04,The Full Cost Of Intercity Highway Transportation,UPLOADED,/Users/dlev2617/Documents/Code/Agents/github-packages/UPLOADED/paper-1998-04-the-full-cost-of-intercity-highway-transportation,data/highway_full_cost_model/modernized_xlsx/greg_2_original.xlsx,Greg 1,TOTIND,,numeric,498,86.9 | 80.8 | 79.2 | 84.3 | 88.4,74.6,88.4,xlsx,medium,Headers inferred from first row. Sampled first 499 non-empty rows from worksheet.
paper-1998-04,The Full Cost Of Intercity Highway Transportation,UPLOADED,/Users/dlev2617/Documents/Code/Agents/github-packages/UPLOADED/paper-1998-04-the-full-cost-of-intercity-highway-transportation,data/highway_full_cost_model/modernized_xlsx/greg_2_original.xlsx,Greg 1,GSP,,numeric,498,28773 | 28418 | 29375 | 31303 | 33430,6863,528674,xlsx,medium,Headers inferred from first row. Sampled first 499 non-empty rows from worksheet.
paper-1998-04,The Full Cost Of Intercity Highway Transportation,UPLOADED,/Users/dlev2617/Documents/Code/Agents/github-packages/UPLOADED/paper-1998-04-the-full-cost-of-intercity-highway-transportation,data/highway_full_cost_model/modernized_xlsx/greg_2_original.xlsx,Greg 1,DURAB,,numeric,498,86.8 | 79.7 | 78.2 | 83.7 | 88.1,72.8,88.1,xlsx,medium,Headers inferred from first row. Sampled first 499 non-empty rows from worksheet.
paper-1998-04,The Full Cost Of Intercity Highway Transportation,UPLOADED,/Users/dlev2617/Documents/Code/Agents/github-packages/UPLOADED/paper-1998-04-the-full-cost-of-intercity-highway-transportation,data/highway_full_cost_model/modernized_xlsx/greg_2_original.xlsx,Greg 1,NONDUR,,numeric,498,86.3 | 76.7 | 74.3 | 80.9 | 87.5,69,87.5,xlsx,medium,Headers inferred from first row. Sampled first 499 non-empty rows from worksheet.
paper-1998-04,The Full Cost Of Intercity Highway Transportation,UPLOADED,/Users/dlev2617/Documents/Code/Agents/github-packages/UPLOADED/paper-1998-04-the-full-cost-of-intercity-highway-transportation,data/highway_full_cost_model/modernized_xlsx/greg_2_original.xlsx,Greg 1,PRIMARY,,numeric,498,86.6 | 82.9 | 82.8 | 87.5 | 84,76.4,87.5,xlsx,medium,Headers inferred from first row. Sampled first 499 non-empty rows from worksheet.
paper-1998-04,The Full Cost Of Intercity Highway Transportation,UPLOADED,/Users/dlev2617/Documents/Code/Agents/github-packages/UPLOADED/paper-1998-04-the-full-cost-of-intercity-highway-transportation,data/highway_full_cost_model/modernized_xlsx/greg_2_original.xlsx,Greg 1,MINING,,numeric,498,86.5 | 79.1 | 77.4 | 82.5 | 82.8,73.5,86.5,xlsx,medium,Headers inferred from first row. Sampled first 499 non-empty rows from worksheet.
paper-1998-04,The Full Cost Of Intercity Highway Transportation,UPLOADED,/Users/dlev2617/Documents/Code/Agents/github-packages/UPLOADED/paper-1998-04-the-full-cost-of-intercity-highway-transportation,data/highway_full_cost_model/modernized_xlsx/greg_2_original.xlsx,Greg 1,UTILIT,,numeric,498,95.8 | 95.4 | 93.9 | 94.6 | 92.9,79.5,95.8,xlsx,medium,Headers inferred from first row. Sampled first 499 non-empty rows from worksheet.
paper-1998-04,The Full Cost Of Intercity Highway Transportation,UPLOADED,/Users/dlev2617/Documents/Code/Agents/github-packages/UPLOADED/paper-1998-04-the-full-cost-of-intercity-highway-transportation,data/highway_full_cost_model/modernized_xlsx/greg_2_original.xlsx,Greg 1,TOTPUB,,numeric,498,15032.68 | 15501.94 | 15972.41 | 16406.26 | 16762.67,3410.22,145321.6,xlsx,medium,Headers inferred from first row. Sampled first 499 non-empty rows from worksheet.
paper-1998-04,The Full Cost Of Intercity Highway Transportation,UPLOADED,/Users/dlev2617/Documents/Code/Agents/github-packages/UPLOADED/paper-1998-04-the-full-cost-of-intercity-highway-transportation,data/highway_full_cost_model/modernized_xlsx/greg_2_original.xlsx,Greg 1,HIGHWAY,,numeric,498,7325.79 | 7525.94 | 7765.42 | 7907.66 | 8025.52,2029.77,47699.43,xlsx,medium,Headers inferred from first row. Sampled first 499 non-empty rows from worksheet.
paper-1998-04,The Full Cost Of Intercity Highway Transportation,UPLOADED,/Users/dlev2617/Documents/Code/Agents/github-packages/UPLOADED/paper-1998-04-the-full-cost-of-intercity-highway-transportation,data/highway_full_cost_model/modernized_xlsx/greg_2_original.xlsx,Greg 1,OTHPK,,numeric,498,6051.2 | 6254.98 | 6442.23 | 6756.19 | 7002.29,948.67,75276.83,xlsx,medium,Headers inferred from first row. Sampled first 499 non-empty rows from worksheet.
paper-1998-04,The Full Cost Of Intercity Highway Transportation,UPLOADED,/Users/dlev2617/Documents/Code/Agents/github-packages/UPLOADED/paper-1998-04-the-full-cost-of-intercity-highway-transportation,data/highway_full_cost_model/modernized_xlsx/greg_2_original.xlsx,Greg 1,PVTCAP,,numeric,498,35793.8 | 37299.91 | 38670.3 | 40084.01 | 42057.32,6108.14,400653.1,xlsx,medium,Headers inferred from first row. Sampled first 499 non-empty rows from worksheet.
paper-1998-04,The Full Cost Of Intercity Highway Transportation,UPLOADED,/Users/dlev2617/Documents/Code/Agents/github-packages/UPLOADED/paper-1998-04-the-full-cost-of-intercity-highway-transportation,data/highway_full_cost_model/modernized_xlsx/greg_2_original.xlsx,Greg 1,AGCAP,,numeric,498,1687.63 | 1749.75 | 1812.37 | 1746.87 | 1847.31,201.69,15886.7,xlsx,medium,Headers inferred from first row. Sampled first 499 non-empty rows from worksheet.
paper-1998-04,The Full Cost Of Intercity Highway Transportation,UPLOADED,/Users/dlev2617/Documents/Code/Agents/github-packages/UPLOADED/paper-1998-04-the-full-cost-of-intercity-highway-transportation,data/highway_full_cost_model/modernized_xlsx/greg_2_original.xlsx,Greg 1,MFGCAP,,mixed_numeric_text,498,9598.34 | 9914.18 | 10146.61 | 10386.7 | 10703.8,,,xlsx,medium,Headers inferred from first row. Sampled first 499 non-empty rows from worksheet.
paper-1998-04,The Full Cost Of Intercity Highway Transportation,UPLOADED,/Users/dlev2617/Documents/Code/Agents/github-packages/UPLOADED/paper-1998-04-the-full-cost-of-intercity-highway-transportation,data/highway_full_cost_model/modernized_xlsx/greg_2_original.xlsx,Greg 1,NFNMCAP,,mixed_numeric_text,498,24507.83 | 25635.98 | 26711.32 | 27950.44 | 29506.21,,,xlsx,medium,Headers inferred from first row. Sampled first 499 non-empty rows from worksheet.
paper-1998-04,The Full Cost Of Intercity Highway Transportation,UPLOADED,/Users/dlev2617/Documents/Code/Agents/github-packages/UPLOADED/paper-1998-04-the-full-cost-of-intercity-highway-transportation,data/highway_full_cost_model/modernized_xlsx/greg_2_original.xlsx,Greg 1,NAEMPL,,numeric,498,1000.2 | 1010.4 | 1021.9 | 1072.3 | 1135.5,197.7,12075.1,xlsx,medium,Headers inferred from first row. Sampled first 499 non-empty rows from worksheet.
paper-1998-04,The Full Cost Of Intercity Highway Transportation,UPLOADED,/Users/dlev2617/Documents/Code/Agents/github-packages/UPLOADED/paper-1998-04-the-full-cost-of-intercity-highway-transportation,data/highway_full_cost_model/modernized_xlsx/greg_2_original.xlsx,Greg 1,CITIES,,numeric,498,10 | 9 | 5 | 47 | 8,1,47,xlsx,medium,Headers inferred from first row. Sampled first 499 non-empty rows from worksheet.
paper-1998-04,The Full Cost Of Intercity Highway Transportation,UPLOADED,/Users/dlev2617/Documents/Code/Agents/github-packages/UPLOADED/paper-1998-04-the-full-cost-of-intercity-highway-transportation,data/highway_full_cost_model/modernized_xlsx/greg_2_original.xlsx,Greg 1,AREA,,numeric,498,52423 | 53182 | 114006 | 163707 | 104100,2489,163707,xlsx,medium,Headers inferred from first row. Sampled first 499 non-empty rows from worksheet.
paper-1998-04,The Full Cost Of Intercity Highway Transportation,UPLOADED,/Users/dlev2617/Documents/Code/Agents/github-packages/UPLOADED/paper-1998-04-the-full-cost-of-intercity-highway-transportation,data/highway_full_cost_model/modernized_xlsx/greg_2_original.xlsx,Greg 1,CPI,,numeric,498,36.7 | 38.8 | 40.5 | 41.8 | 44.4,36,118.3,xlsx,medium,Headers inferred from first row. Sampled first 499 non-empty rows from worksheet.
paper-1998-04,The Full Cost Of Intercity Highway Transportation,UPLOADED,/Users/dlev2617/Documents/Code/Agents/github-packages/UPLOADED/paper-1998-04-the-full-cost-of-intercity-highway-transportation,data/highway_full_cost_model/modernized_xlsx/greg_2_original.xlsx,Greg 1,PPI,,mixed_numeric_text,498,38.2 | 40 | 41.4 | 42.3 | 43.7,,,xlsx,medium,Headers inferred from first row. Sampled first 499 non-empty rows from worksheet.
paper-1998-04,The Full Cost Of Intercity Highway Transportation,UPLOADED,/Users/dlev2617/Documents/Code/Agents/github-packages/UPLOADED/paper-1998-04-the-full-cost-of-intercity-highway-transportation,data/highway_full_cost_model/modernized_xlsx/greg_2_original.xlsx,Greg 1,ROWAY,,numeric,498,23642000 | 16648000 | 11223000 | 14390000 | 11812000,662000,292000000,xlsx,medium,Headers inferred from first row. Sampled first 499 non-empty rows from worksheet.
paper-1998-04,The Full Cost Of Intercity Highway Transportation,UPLOADED,/Users/dlev2617/Documents/Code/Agents/github-packages/UPLOADED/paper-1998-04-the-full-cost-of-intercity-highway-transportation,data/highway_full_cost_model/modernized_xlsx/greg_2_original.xlsx,Greg 1,TCAPO,,numeric,498,175000000 | 190000000 | 206000000 | 215000000 | 202000000,31990000,2230000000,xlsx,medium,Headers inferred from first row. Sampled first 499 non-empty rows from worksheet.
paper-1998-04,The Full Cost Of Intercity Highway Transportation,UPLOADED,/Users/dlev2617/Documents/Code/Agents/github-packages/UPLOADED/paper-1998-04-the-full-cost-of-intercity-highway-transportation,data/highway_full_cost_model/modernized_xlsx/greg_2_original.xlsx,Greg 1,TMANT,,numeric,498,75343000 | 87487000 | 91299000 | 89616000 | 93706000,11597000,1560000000,xlsx,medium,Headers inferred from first row. Sampled first 499 non-empty rows from worksheet.
paper-1998-04,The Full Cost Of Intercity Highway Transportation,UPLOADED,/Users/dlev2617/Documents/Code/Agents/github-packages/UPLOADED/paper-1998-04-the-full-cost-of-intercity-highway-transportation,data/highway_full_cost_model/modernized_xlsx/greg_2_original.xlsx,Greg 1,HPOLC,,numeric,498,8231000 | 9259000 | 8762000 | 8814000 | 9716000,2857000,931000000,xlsx,medium,Headers inferred from first row. Sampled first 499 non-empty rows from worksheet.
paper-1998-04,The Full Cost Of Intercity Highway Transportation,UPLOADED,/Users/dlev2617/Documents/Code/Agents/github-packages/UPLOADED/paper-1998-04-the-full-cost-of-intercity-highway-transportation,data/highway_full_cost_model/modernized_xlsx/greg_2_original.xlsx,Greg 1,TDISB,,numeric,498,309000000 | 335000000 | 361000000 | 367000000 | 366000000,76500000,5290000000,xlsx,medium,Headers inferred from first row. Sampled first 499 non-empty rows from worksheet.
paper-1998-04,The Full Cost Of Intercity Highway Transportation,UPLOADED,/Users/dlev2617/Documents/Code/Agents/github-packages/UPLOADED/paper-1998-04-the-full-cost-of-intercity-highway-transportation,data/highway_full_cost_model/modernized_xlsx/greg_2_original.xlsx,Greg 1,IRFA4,,numeric,498,526 | 535 | 564 | 572 | 595,0,1459,xlsx,medium,Headers inferred from first row. Sampled first 499 non-empty rows from worksheet.
paper-1998-04,The Full Cost Of Intercity Highway Transportation,UPLOADED,/Users/dlev2617/Documents/Code/Agents/github-packages/UPLOADED/paper-1998-04-the-full-cost-of-intercity-highway-transportation,data/highway_full_cost_model/modernized_xlsx/greg_2_original.xlsx,Greg 1,IRTT,,numeric,498,762 | 751 | 774 | 728 | 736,0,1758,xlsx,medium,Headers inferred from first row. Sampled first 499 non-empty rows from worksheet.
paper-1998-04,The Full Cost Of Intercity Highway Transportation,UPLOADED,/Users/dlev2617/Documents/Code/Agents/github-packages/UPLOADED/paper-1998-04-the-full-cost-of-intercity-highway-transportation,data/highway_full_cost_model/modernized_xlsx/greg_2_original.xlsx,Greg 1,IUFA4,,numeric,498,45 | 66 | 74 | 87 | 91,0,978,xlsx,medium,Headers inferred from first row. Sampled first 499 non-empty rows from worksheet.
paper-1998-04,The Full Cost Of Intercity Highway Transportation,UPLOADED,/Users/dlev2617/Documents/Code/Agents/github-packages/UPLOADED/paper-1998-04-the-full-cost-of-intercity-highway-transportation,data/highway_full_cost_model/modernized_xlsx/greg_2_original.xlsx,Greg 1,IUTT,,numeric,498,177 | 198 | 203 | 202 | 179,21,978,xlsx,medium,Headers inferred from first row. Sampled first 499 non-empty rows from worksheet.
paper-1998-04,The Full Cost Of Intercity Highway Transportation,UPLOADED,/Users/dlev2617/Documents/Code/Agents/github-packages/UPLOADED/paper-1998-04-the-full-cost-of-intercity-highway-transportation,data/highway_full_cost_model/modernized_xlsx/greg_2_original.xlsx,Greg 1,PR2L,,numeric,498,4344 | 4322 | 4263 | 4209 | 4198,153,8885,xlsx,medium,Headers inferred from first row. Sampled first 499 non-empty rows from worksheet.
paper-1998-04,The Full Cost Of Intercity Highway Transportation,UPLOADED,/Users/dlev2617/Documents/Code/Agents/github-packages/UPLOADED/paper-1998-04-the-full-cost-of-intercity-highway-transportation,data/highway_full_cost_model/modernized_xlsx/greg_2_original.xlsx,Greg 1,PRFA4,,numeric,498,526 | 535 | 564 | 572 | 595,0,2138,xlsx,medium,Headers inferred from first row. Sampled first 499 non-empty rows from worksheet.
paper-1998-04,The Full Cost Of Intercity Highway Transportation,UPLOADED,/Users/dlev2617/Documents/Code/Agents/github-packages/UPLOADED/paper-1998-04-the-full-cost-of-intercity-highway-transportation,data/highway_full_cost_model/modernized_xlsx/greg_2_original.xlsx,Greg 1,PR4TT,,numeric,498,1015 | 1048 | 1109 | 1057 | 1094,0,2734,xlsx,medium,Headers inferred from first row. Sampled first 499 non-empty rows from worksheet.
paper-1998-04,The Full Cost Of Intercity Highway Transportation,UPLOADED,/Users/dlev2617/Documents/Code/Agents/github-packages/UPLOADED/paper-1998-04-the-full-cost-of-intercity-highway-transportation,data/highway_full_cost_model/modernized_xlsx/greg_2_original.xlsx,Greg 1,PRTT,,numeric,498,5419 | 5428 | 5440 | 5434 | 5463,332,11281,xlsx,medium,Headers inferred from first row. Sampled first 499 non-empty rows from worksheet.
paper-1998-04,The Full Cost Of Intercity Highway Transportation,UPLOADED,/Users/dlev2617/Documents/Code/Agents/github-packages/UPLOADED/paper-1998-04-the-full-cost-of-intercity-highway-transportation,data/highway_full_cost_model/modernized_xlsx/greg_2_original.xlsx,Greg 1,PU2L,,numeric,498,383 | 380 | 370 | 334 | 293,11,1050,xlsx,medium,Headers inferred from first row. Sampled first 499 non-empty rows from worksheet.
paper-1998-04,The Full Cost Of Intercity Highway Transportation,UPLOADED,/Users/dlev2617/Documents/Code/Agents/github-packages/UPLOADED/paper-1998-04-the-full-cost-of-intercity-highway-transportation,data/highway_full_cost_model/modernized_xlsx/greg_2_original.xlsx,Greg 1,PUFA4,,numeric,498,46 | 66 | 74 | 87 | 91,0,1558,xlsx,medium,Headers inferred from first row. Sampled first 499 non-empty rows from worksheet.
paper-1998-04,The Full Cost Of Intercity Highway Transportation,UPLOADED,/Users/dlev2617/Documents/Code/Agents/github-packages/UPLOADED/paper-1998-04-the-full-cost-of-intercity-highway-transportation,data/highway_full_cost_model/modernized_xlsx/greg_2_original.xlsx,Greg 1,PU4TT,,numeric,498,266 | 289 | 313 | 398 | 427,0,1888,xlsx,medium,Headers inferred from first row. Sampled first 499 non-empty rows from worksheet.
paper-1998-04,The Full Cost Of Intercity Highway Transportation,UPLOADED,/Users/dlev2617/Documents/Code/Agents/github-packages/UPLOADED/paper-1998-04-the-full-cost-of-intercity-highway-transportation,data/highway_full_cost_model/modernized_xlsx/greg_2_original.xlsx,Greg 1,PUTT,,numeric,498,779 | 806 | 840 | 866 | 869,39,2708,xlsx,medium,Headers inferred from first row. Sampled first 499 non-empty rows from worksheet.
paper-1998-04,The Full Cost Of Intercity Highway Transportation,UPLOADED,/Users/dlev2617/Documents/Code/Agents/github-packages/UPLOADED/paper-1998-04-the-full-cost-of-intercity-highway-transportation,data/highway_full_cost_model/modernized_xlsx/greg_2_original.xlsx,Greg 1,REGAUTO,,numeric,498,1470975 | 1559097 | 1656566 | 1746518 | 1828875,250433,16496522,xlsx,medium,Headers inferred from first row. Sampled first 499 non-empty rows from worksheet.
paper-1998-04,The Full Cost Of Intercity Highway Transportation,UPLOADED,/Users/dlev2617/Documents/Code/Agents/github-packages/UPLOADED/paper-1998-04-the-full-cost-of-intercity-highway-transportation,data/highway_full_cost_model/modernized_xlsx/greg_2_original.xlsx,Greg 1,REGBUS,,numeric,498,7683 | 7807 | 7849 | 7893 | 7960,1130,37533,xlsx,medium,Headers inferred from first row. Sampled first 499 non-empty rows from worksheet.
paper-1998-04,The Full Cost Of Intercity Highway Transportation,UPLOADED,/Users/dlev2617/Documents/Code/Agents/github-packages/UPLOADED/paper-1998-04-the-full-cost-of-intercity-highway-transportation,data/highway_full_cost_model/modernized_xlsx/greg_2_original.xlsx,Greg 1,REGTRK,,numeric,498,378680 | 399028 | 428556 | 472882 | 516794,14224,4802909,xlsx,medium,Headers inferred from first row. Sampled first 499 non-empty rows from worksheet.
paper-1998-04,The Full Cost Of Intercity Highway Transportation,UPLOADED,/Users/dlev2617/Documents/Code/Agents/github-packages/UPLOADED/paper-1998-04-the-full-cost-of-intercity-highway-transportation,data/highway_full_cost_model/modernized_xlsx/greg_2_original.xlsx,Greg 1,dt1,,boolean_or_indicator,498,1 | 0,,,xlsx,medium,Headers inferred from first row. Sampled first 499 non-empty rows from worksheet.
paper-1998-04,The Full Cost Of Intercity Highway Transportation,UPLOADED,/Users/dlev2617/Documents/Code/Agents/github-packages/UPLOADED/paper-1998-04-the-full-cost-of-intercity-highway-transportation,data/highway_full_cost_model/modernized_xlsx/greg_2_original.xlsx,Greg 1,dt2,,boolean_or_indicator,498,0 | 1,,,xlsx,medium,Headers inferred from first row. Sampled first 499 non-empty rows from worksheet.
paper-1998-04,The Full Cost Of Intercity Highway Transportation,UPLOADED,/Users/dlev2617/Documents/Code/Agents/github-packages/UPLOADED/paper-1998-04-the-full-cost-of-intercity-highway-transportation,data/highway_full_cost_model/modernized_xlsx/greg_2_original.xlsx,Greg 1,dt3,,boolean_or_indicator,498,0 | 1,,,xlsx,medium,Headers inferred from first row. Sampled first 499 non-empty rows from worksheet.
paper-1998-04,The Full Cost Of Intercity Highway Transportation,UPLOADED,/Users/dlev2617/Documents/Code/Agents/github-packages/UPLOADED/paper-1998-04-the-full-cost-of-intercity-highway-transportation,data/highway_full_cost_model/modernized_xlsx/greg_2_original.xlsx,Greg 1,dt4,,boolean_or_indicator,498,0 | 1,,,xlsx,medium,Headers inferred from first row. Sampled first 499 non-empty rows from worksheet.
paper-1998-04,The Full Cost Of Intercity Highway Transportation,UPLOADED,/Users/dlev2617/Documents/Code/Agents/github-packages/UPLOADED/paper-1998-04-the-full-cost-of-intercity-highway-transportation,data/highway_full_cost_model/modernized_xlsx/greg_2_original.xlsx,Greg 1,dt5,,boolean_or_indicator,498,0 | 1,,,xlsx,medium,Headers inferred from first row. Sampled first 499 non-empty rows from worksheet.
paper-1998-04,The Full Cost Of Intercity Highway Transportation,UPLOADED,/Users/dlev2617/Documents/Code/Agents/github-packages/UPLOADED/paper-1998-04-the-full-cost-of-intercity-highway-transportation,data/highway_full_cost_model/modernized_xlsx/greg_2_original.xlsx,Greg 1,dt6,,boolean_or_indicator,498,0 | 1,,,xlsx,medium,Headers inferred from first row. Sampled first 499 non-empty rows from worksheet.
paper-1998-04,The Full Cost Of Intercity Highway Transportation,UPLOADED,/Users/dlev2617/Documents/Code/Agents/github-packages/UPLOADED/paper-1998-04-the-full-cost-of-intercity-highway-transportation,data/highway_full_cost_model/modernized_xlsx/greg_2_original.xlsx,Greg 1,dt7,,boolean_or_indicator,498,0 | 1,,,xlsx,medium,Headers inferred from first row. Sampled first 499 non-empty rows from worksheet.
paper-1998-04,The Full Cost Of Intercity Highway Transportation,UPLOADED,/Users/dlev2617/Documents/Code/Agents/github-packages/UPLOADED/paper-1998-04-the-full-cost-of-intercity-highway-transportation,data/highway_full_cost_model/modernized_xlsx/greg_2_original.xlsx,Greg 1,dt8,,boolean_or_indicator,498,0 | 1,,,xlsx,medium,Headers inferred from first row. Sampled first 499 non-empty rows from worksheet.
paper-1998-04,The Full Cost Of Intercity Highway Transportation,UPLOADED,/Users/dlev2617/Documents/Code/Agents/github-packages/UPLOADED/paper-1998-04-the-full-cost-of-intercity-highway-transportation,data/highway_full_cost_model/modernized_xlsx/greg_2_original.xlsx,Greg 1,dt9,,boolean_or_indicator,498,0 | 1,,,xlsx,medium,Headers inferred from first row. Sampled first 499 non-empty rows from worksheet.
paper-1998-04,The Full Cost Of Intercity Highway Transportation,UPLOADED,/Users/dlev2617/Documents/Code/Agents/github-packages/UPLOADED/paper-1998-04-the-full-cost-of-intercity-highway-transportation,data/highway_full_cost_model/modernized_xlsx/greg_2_original.xlsx,Greg 1,dt10,,boolean_or_indicator,498,0 | 1,,,xlsx,medium,Headers inferred from first row. Sampled first 499 non-empty rows from worksheet.
paper-1998-04,The Full Cost Of Intercity Highway Transportation,UPLOADED,/Users/dlev2617/Documents/Code/Agents/github-packages/UPLOADED/paper-1998-04-the-full-cost-of-intercity-highway-transportation,data/highway_full_cost_model/modernized_xlsx/greg_2_original.xlsx,Greg 1,dt11,,boolean_or_indicator,498,0 | 1,,,xlsx,medium,Headers inferred from first row. Sampled first 499 non-empty rows from worksheet.
paper-1998-04,The Full Cost Of Intercity Highway Transportation,UPLOADED,/Users/dlev2617/Documents/Code/Agents/github-packages/UPLOADED/paper-1998-04-the-full-cost-of-intercity-highway-transportation,data/highway_full_cost_model/modernized_xlsx/greg_2_original.xlsx,Greg 1,dt12,,boolean_or_indicator,498,0 | 1,,,xlsx,medium,Headers inferred from first row. Sampled first 499 non-empty rows from worksheet.
paper-1998-04,The Full Cost Of Intercity Highway Transportation,UPLOADED,/Users/dlev2617/Documents/Code/Agents/github-packages/UPLOADED/paper-1998-04-the-full-cost-of-intercity-highway-transportation,data/highway_full_cost_model/modernized_xlsx/greg_2_original.xlsx,Greg 1,dt13,,boolean_or_indicator,498,0 | 1,,,xlsx,medium,Headers inferred from first row. Sampled first 499 non-empty rows from worksheet.
paper-1998-04,The Full Cost Of Intercity Highway Transportation,UPLOADED,/Users/dlev2617/Documents/Code/Agents/github-packages/UPLOADED/paper-1998-04-the-full-cost-of-intercity-highway-transportation,data/highway_full_cost_model/modernized_xlsx/greg_2_original.xlsx,Greg 1,dt14,,boolean_or_indicator,498,0 | 1,,,xlsx,medium,Headers inferred from first row. Sampled first 499 non-empty rows from worksheet.
paper-1998-04,The Full Cost Of Intercity Highway Transportation,UPLOADED,/Users/dlev2617/Documents/Code/Agents/github-packages/UPLOADED/paper-1998-04-the-full-cost-of-intercity-highway-transportation,data/highway_full_cost_model/modernized_xlsx/greg_2_original.xlsx,Greg 1,dt15,,boolean_or_indicator,498,0 | 1,,,xlsx,medium,Headers inferred from first row. Sampled first 499 non-empty rows from worksheet.
paper-1998-04,The Full Cost Of Intercity Highway Transportation,UPLOADED,/Users/dlev2617/Documents/Code/Agents/github-packages/UPLOADED/paper-1998-04-the-full-cost-of-intercity-highway-transportation,data/highway_full_cost_model/modernized_xlsx/greg_2_original.xlsx,Greg 1,dt16,,boolean_or_indicator,498,0 | 1,,,xlsx,medium,Headers inferred from first row. Sampled first 499 non-empty rows from worksheet.
paper-1998-04,The Full Cost Of Intercity Highway Transportation,UPLOADED,/Users/dlev2617/Documents/Code/Agents/github-packages/UPLOADED/paper-1998-04-the-full-cost-of-intercity-highway-transportation,data/highway_full_cost_model/modernized_xlsx/greg_2_original.xlsx,Greg 1,dt17,,boolean_or_indicator,498,0 | 1,,,xlsx,medium,Headers inferred from first row. Sampled first 499 non-empty rows from worksheet.
paper-1998-04,The Full Cost Of Intercity Highway Transportation,UPLOADED,/Users/dlev2617/Documents/Code/Agents/github-packages/UPLOADED/paper-1998-04-the-full-cost-of-intercity-highway-transportation,data/highway_full_cost_model/modernized_xlsx/greg_2_original.xlsx,Greg 1,dt18,,boolean_or_indicator,498,0 | 1,,,xlsx,medium,Headers inferred from first row. Sampled first 499 non-empty rows from worksheet.
paper-1998-04,The Full Cost Of Intercity Highway Transportation,UPLOADED,/Users/dlev2617/Documents/Code/Agents/github-packages/UPLOADED/paper-1998-04-the-full-cost-of-intercity-highway-transportation,data/highway_full_cost_model/modernized_xlsx/greg_2_original.xlsx,Greg 1,dt19,,boolean_or_indicator,498,0 | 1,,,xlsx,medium,Headers inferred from first row. Sampled first 499 non-empty rows from worksheet.
paper-1998-04,The Full Cost Of Intercity Highway Transportation,UPLOADED,/Users/dlev2617/Documents/Code/Agents/github-packages/UPLOADED/paper-1998-04-the-full-cost-of-intercity-highway-transportation,data/highway_full_cost_model/modernized_xlsx/greg_2_original.xlsx,Greg 1,dt20,,boolean_or_indicator,498,0 | 1,,,xlsx,medium,Headers inferred from first row. Sampled first 499 non-empty rows from worksheet.
paper-1998-04,The Full Cost Of Intercity Highway Transportation,UPLOADED,/Users/dlev2617/Documents/Code/Agents/github-packages/UPLOADED/paper-1998-04-the-full-cost-of-intercity-highway-transportation,data/highway_full_cost_model/modernized_xlsx/highway_statistics_1987_original.xlsx,Sheet1,column_1,,text,52,STATE | Alabama | Alaska | Arizona | Arkansas,,,xlsx,medium,Some headers were missing; generated column_N names. Sampled first 55 non-empty rows from worksheet.
paper-1998-04,The Full Cost Of Intercity Highway Transportation,UPLOADED,/Users/dlev2617/Documents/Code/Agents/github-packages/UPLOADED/paper-1998-04-the-full-cost-of-intercity-highway-transportation,data/highway_full_cost_model/modernized_xlsx/highway_statistics_1987_original.xlsx,Sheet1,column_2,,mixed_numeric_text,53,STATE | ADMINISTERED | HIGHWAYS | 324946 | 146578,,,xlsx,medium,Some headers were missing; generated column_N names. Sampled first 55 non-empty rows from worksheet.
paper-1998-04,The Full Cost Of Intercity Highway Transportation,UPLOADED,/Users/dlev2617/Documents/Code/Agents/github-packages/UPLOADED/paper-1998-04-the-full-cost-of-intercity-highway-transportation,data/highway_full_cost_model/modernized_xlsx/highway_statistics_1987_original.xlsx,Sheet1,CAPITAL OUTLAY,,mixed_numeric_text,50,LOCAL | RURAL | ROADS | 55267 | 24075,,,xlsx,medium,Some headers were missing; generated column_N names. Sampled first 55 non-empty rows from worksheet.
paper-1998-04,The Full Cost Of Intercity Highway Transportation,UPLOADED,/Users/dlev2617/Documents/Code/Agents/github-packages/UPLOADED/paper-1998-04-the-full-cost-of-intercity-highway-transportation,data/highway_full_cost_model/modernized_xlsx/highway_statistics_1987_original.xlsx,Sheet1,column_4,,mixed_numeric_text,54,LOCAL | MUNICIPAL | STREETS | 8905 | 84061,,,xlsx,medium,Some headers were missing; generated column_N names. Sampled first 55 non-empty rows from worksheet.
paper-1998-04,The Full Cost Of Intercity Highway Transportation,UPLOADED,/Users/dlev2617/Documents/Code/Agents/github-packages/UPLOADED/paper-1998-04-the-full-cost-of-intercity-highway-transportation,data/highway_full_cost_model/modernized_xlsx/highway_statistics_1987_original.xlsx,Sheet1,column_5,,mixed_numeric_text,51,FEDERAL | ROADS AND | UNCLASSIFIES | 1135 | 12341,,,xlsx,medium,Some headers were missing; generated column_N names. Sampled first 55 non-empty rows from worksheet.
paper-1998-04,The Full Cost Of Intercity Highway Transportation,UPLOADED,/Users/dlev2617/Documents/Code/Agents/github-packages/UPLOADED/paper-1998-04-the-full-cost-of-intercity-highway-transportation,data/highway_full_cost_model/modernized_xlsx/highway_statistics_1987_original.xlsx,Sheet1,column_6,,mixed_numeric_text,52,TOTAL | 390253 | 267055 | 907070 | 314906,,,xlsx,medium,Some headers were missing; generated column_N names. Sampled first 55 non-empty rows from worksheet.
paper-1998-04,The Full Cost Of Intercity Highway Transportation,UPLOADED,/Users/dlev2617/Documents/Code/Agents/github-packages/UPLOADED/paper-1998-04-the-full-cost-of-intercity-highway-transportation,data/highway_full_cost_model/modernized_xlsx/highway_statistics_1987_original.xlsx,Sheet1,column_7,,mixed_numeric_text,53,STATE | ADMINISTERED | HIGHWAYS | 50687 | 105463,,,xlsx,medium,Some headers were missing; generated column_N names. Sampled first 55 non-empty rows from worksheet.
paper-1998-04,The Full Cost Of Intercity Highway Transportation,UPLOADED,/Users/dlev2617/Documents/Code/Agents/github-packages/UPLOADED/paper-1998-04-the-full-cost-of-intercity-highway-transportation,data/highway_full_cost_model/modernized_xlsx/highway_statistics_1987_original.xlsx,Sheet1,MAINTENANCE,,mixed_numeric_text,50,LOCAL | RURAL | ROADS | 100072 | 7365,,,xlsx,medium,Some headers were missing; generated column_N names. Sampled first 55 non-empty rows from worksheet.
paper-1998-04,The Full Cost Of Intercity Highway Transportation,UPLOADED,/Users/dlev2617/Documents/Code/Agents/github-packages/UPLOADED/paper-1998-04-the-full-cost-of-intercity-highway-transportation,data/highway_full_cost_model/modernized_xlsx/highway_statistics_1987_original.xlsx,Sheet1,column_9,,mixed_numeric_text,54,LOCAL | MUNICIPAL | STREETS | 107265 | 26430,,,xlsx,medium,Some headers were missing; generated column_N names. Sampled first 55 non-empty rows from worksheet.
paper-1998-04,The Full Cost Of Intercity Highway Transportation,UPLOADED,/Users/dlev2617/Documents/Code/Agents/github-packages/UPLOADED/paper-1998-04-the-full-cost-of-intercity-highway-transportation,data/highway_full_cost_model/modernized_xlsx/highway_statistics_1987_original.xlsx,Sheet1,column_10,,mixed_numeric_text,52,FEDERAL | ROADS AND | UNCLASSIFIES | 631 | 3054,,,xlsx,medium,Some headers were missing; generated column_N names. Sampled first 55 non-empty rows from worksheet.
paper-1998-04,The Full Cost Of Intercity Highway Transportation,UPLOADED,/Users/dlev2617/Documents/Code/Agents/github-packages/UPLOADED/paper-1998-04-the-full-cost-of-intercity-highway-transportation,data/highway_full_cost_model/modernized_xlsx/highway_statistics_1987_original.xlsx,Sheet1,column_11,,mixed_numeric_text,52,TOTAL | 258655 | 142312 | 136647 | 202983,,,xlsx,medium,Some headers were missing; generated column_N names. Sampled first 55 non-empty rows from worksheet.
paper-1998-04,The Full Cost Of Intercity Highway Transportation,UPLOADED,/Users/dlev2617/Documents/Code/Agents/github-packages/UPLOADED/paper-1998-04-the-full-cost-of-intercity-highway-transportation,data/highway_full_cost_model/modernized_xlsx/highway_statistics_1987_original.xlsx,Sheet1,column_12,,mixed_numeric_text,54,ADMINISTRATION | AND | MISCELLANEOUS | 53667 | 37004,,,xlsx,medium,Some headers were missing; generated column_N names. Sampled first 55 non-empty rows from worksheet.
paper-1998-04,The Full Cost Of Intercity Highway Transportation,UPLOADED,/Users/dlev2617/Documents/Code/Agents/github-packages/UPLOADED/paper-1998-04-the-full-cost-of-intercity-highway-transportation,data/highway_full_cost_model/modernized_xlsx/highway_statistics_1987_original.xlsx,Sheet1,column_13,,mixed_numeric_text,19,HIGHWAY | POLICE | AND SAFETY | 44955 | 21201,,,xlsx,medium,Some headers were missing; generated column_N names. Sampled first 55 non-empty rows from worksheet.
paper-1998-04,The Full Cost Of Intercity Highway Transportation,UPLOADED,/Users/dlev2617/Documents/Code/Agents/github-packages/UPLOADED/paper-1998-04-the-full-cost-of-intercity-highway-transportation,data/highway_full_cost_model/modernized_xlsx/highway_statistics_1987_original.xlsx,Sheet1,column_14,,text,2,BOND | RETIREMENT,,,xlsx,medium,Some headers were missing; generated column_N names. Sampled first 55 non-empty rows from worksheet.
paper-1998-04,The Full Cost Of Intercity Highway Transportation,UPLOADED,/Users/dlev2617/Documents/Code/Agents/github-packages/UPLOADED/paper-1998-04-the-full-cost-of-intercity-highway-transportation,data/highway_full_cost_model/modernized_xlsx/highway_statistics_1987_original.xlsx,Sheet1,column_15,,text,2,TOTAL | DISBURSEMENTS,,,xlsx,medium,Some headers were missing; generated column_N names. Sampled first 55 non-empty rows from worksheet.
paper-1998-04,The Full Cost Of Intercity Highway Transportation,UPLOADED,/Users/dlev2617/Documents/Code/Agents/github-packages/UPLOADED/paper-1998-04-the-full-cost-of-intercity-highway-transportation,data/highway_full_cost_model/modernized_xlsx/highway_statistics_1990_original.xlsx,Sheet1,"TOTAL DISBURSEMENTS FOR HIGHWAYS, ALL UNITS OF GOVERNMENT - 1990 REVISED",,text,61,"COMPILED FROM REPORTS OF FEDERAL, | STATE AND LOCAL AUTHORITIES | STATES | ALABAMA | ALASKA",,,xlsx,medium,Some headers were missing; generated column_N names. Sampled first 67 non-empty rows from worksheet.
paper-1998-04,The Full Cost Of Intercity Highway Transportation,UPLOADED,/Users/dlev2617/Documents/Code/Agents/github-packages/UPLOADED/paper-1998-04-the-full-cost-of-intercity-highway-transportation,data/highway_full_cost_model/modernized_xlsx/highway_statistics_1990_original.xlsx,Sheet1,column_2,,mixed_numeric_text,58,CAPITL OUTLAY | STATE | ADMINISTERED | HIGHWAYS | #N/A,,,xlsx,medium,Some headers were missing; generated column_N names. Sampled first 67 non-empty rows from worksheet.
paper-1998-04,The Full Cost Of Intercity Highway Transportation,UPLOADED,/Users/dlev2617/Documents/Code/Agents/github-packages/UPLOADED/paper-1998-04-the-full-cost-of-intercity-highway-transportation,data/highway_full_cost_model/modernized_xlsx/highway_statistics_1990_original.xlsx,Sheet1,column_3,,mixed_numeric_text,57,(THOUSANDS OF DOLLARS) | LOCAL | RURAL | ROADS | #VALUE!,,,xlsx,medium,Some headers were missing; generated column_N names. Sampled first 67 non-empty rows from worksheet.
paper-1998-04,The Full Cost Of Intercity Highway Transportation,UPLOADED,/Users/dlev2617/Documents/Code/Agents/github-packages/UPLOADED/paper-1998-04-the-full-cost-of-intercity-highway-transportation,data/highway_full_cost_model/modernized_xlsx/highway_statistics_1990_original.xlsx,Sheet1,column_4,,mixed_numeric_text,56,LOCAL | MUNICIPAL | STREETS | #VALUE! | #N/A,,,xlsx,medium,Some headers were missing; generated column_N names. Sampled first 67 non-empty rows from worksheet.
paper-1998-04,The Full Cost Of Intercity Highway Transportation,UPLOADED,/Users/dlev2617/Documents/Code/Agents/github-packages/UPLOADED/paper-1998-04-the-full-cost-of-intercity-highway-transportation,data/highway_full_cost_model/modernized_xlsx/highway_statistics_1990_original.xlsx,Sheet1,column_5,,mixed_numeric_text,57,FEDERAL | ROADS AND | UNCLASSIFIED | 2/ | #N/A,,,xlsx,medium,Some headers were missing; generated column_N names. Sampled first 67 non-empty rows from worksheet.
paper-1998-04,The Full Cost Of Intercity Highway Transportation,UPLOADED,/Users/dlev2617/Documents/Code/Agents/github-packages/UPLOADED/paper-1998-04-the-full-cost-of-intercity-highway-transportation,data/highway_full_cost_model/modernized_xlsx/highway_statistics_1990_original.xlsx,Sheet1,column_6,,mixed_numeric_text,58,SUMMARY | RIGHT-OF- | WAY | ONLY | 3/,,,xlsx,medium,Some headers were missing; generated column_N names. Sampled first 67 non-empty rows from worksheet.
paper-1998-04,The Full Cost Of Intercity Highway Transportation,UPLOADED,/Users/dlev2617/Documents/Code/Agents/github-packages/UPLOADED/paper-1998-04-the-full-cost-of-intercity-highway-transportation,data/highway_full_cost_model/modernized_xlsx/highway_statistics_1990_original.xlsx,Sheet1,column_7,,mixed_numeric_text,56,TOTAL | CAPITAL | OUTLAY | #N/A | 102285,,,xlsx,medium,Some headers were missing; generated column_N names. Sampled first 67 non-empty rows from worksheet.
paper-1998-04,The Full Cost Of Intercity Highway Transportation,UPLOADED,/Users/dlev2617/Documents/Code/Agents/github-packages/UPLOADED/paper-1998-04-the-full-cost-of-intercity-highway-transportation,data/highway_full_cost_model/modernized_xlsx/highway_statistics_1990_original.xlsx,Sheet1,column_8,,mixed_numeric_text,57,MAINTENANCE | STATE | ADMINISTERED | HIGHWAYS | #N/A,,,xlsx,medium,Some headers were missing; generated column_N names. Sampled first 67 non-empty rows from worksheet.
paper-1998-04,The Full Cost Of Intercity Highway Transportation,UPLOADED,/Users/dlev2617/Documents/Code/Agents/github-packages/UPLOADED/paper-1998-04-the-full-cost-of-intercity-highway-transportation,data/highway_full_cost_model/modernized_xlsx/highway_statistics_1990_original.xlsx,Sheet1,column_9,,mixed_numeric_text,56,LOCAL | RURAL | ROADS | #VALUE! | #N/A,,,xlsx,medium,Some headers were missing; generated column_N names. Sampled first 67 non-empty rows from worksheet.
paper-1998-04,The Full Cost Of Intercity Highway Transportation,UPLOADED,/Users/dlev2617/Documents/Code/Agents/github-packages/UPLOADED/paper-1998-04-the-full-cost-of-intercity-highway-transportation,data/highway_full_cost_model/modernized_xlsx/highway_statistics_1990_original.xlsx,Sheet1,column_10,,mixed_numeric_text,59,LOCAL | MUNICIPAL | STREETS | #VALUE! | #N/A,,,xlsx,medium,Some headers were missing; generated column_N names. Sampled first 67 non-empty rows from worksheet.
paper-1998-04,The Full Cost Of Intercity Highway Transportation,UPLOADED,/Users/dlev2617/Documents/Code/Agents/github-packages/UPLOADED/paper-1998-04-the-full-cost-of-intercity-highway-transportation,data/highway_full_cost_model/modernized_xlsx/highway_statistics_1990_original.xlsx,Sheet1,column_11,,mixed_numeric_text,56,FEDERAL | ROADS AND | UNCLASSIFIED | #N/A | 526,,,xlsx,medium,Some headers were missing; generated column_N names. Sampled first 67 non-empty rows from worksheet.
paper-1998-04,The Full Cost Of Intercity Highway Transportation,UPLOADED,/Users/dlev2617/Documents/Code/Agents/github-packages/UPLOADED/paper-1998-04-the-full-cost-of-intercity-highway-transportation,data/highway_full_cost_model/modernized_xlsx/highway_statistics_1990_original.xlsx,Sheet1,column_12,,mixed_numeric_text,54,TOTAL | #N/A | 34555 | 60043,,,xlsx,medium,Some headers were missing; generated column_N names. Sampled first 67 non-empty rows from worksheet.
paper-1998-04,The Full Cost Of Intercity Highway Transportation,UPLOADED,/Users/dlev2617/Documents/Code/Agents/github-packages/UPLOADED/paper-1998-04-the-full-cost-of-intercity-highway-transportation,data/highway_full_cost_model/modernized_xlsx/highway_statistics_1990_original.xlsx,Sheet1,column_13,,mixed_numeric_text,58,ADMINIS- | TRATION | AND | MISCELLA- | NEOUS,,,xlsx,medium,Some headers were missing; generated column_N names. Sampled first 67 non-empty rows from worksheet.
paper-1998-04,The Full Cost Of Intercity Highway Transportation,UPLOADED,/Users/dlev2617/Documents/Code/Agents/github-packages/UPLOADED/paper-1998-04-the-full-cost-of-intercity-highway-transportation,data/highway_full_cost_model/modernized_xlsx/highway_statistics_1990_original.xlsx,Sheet1,column_14,,mixed_numeric_text,58,HIGHWAY | LAW | ENFORCEMENT | AND | SAFETY,,,xlsx,medium,Some headers were missing; generated column_N names. Sampled first 67 non-empty rows from worksheet.
paper-1998-04,The Full Cost Of Intercity Highway Transportation,UPLOADED,/Users/dlev2617/Documents/Code/Agents/github-packages/UPLOADED/paper-1998-04-the-full-cost-of-intercity-highway-transportation,data/highway_full_cost_model/modernized_xlsx/highway_statistics_1990_original.xlsx,Sheet1,column_15,,mixed_numeric_text,54,INTEREST | #N/A | 77394 | 0,,,xlsx,medium,Some headers were missing; generated column_N names. Sampled first 67 non-empty rows from worksheet.
paper-1998-04,The Full Cost Of Intercity Highway Transportation,UPLOADED,/Users/dlev2617/Documents/Code/Agents/github-packages/UPLOADED/paper-1998-04-the-full-cost-of-intercity-highway-transportation,data/highway_full_cost_model/modernized_xlsx/highway_statistics_1990_original.xlsx,Sheet1,column_16,,mixed_numeric_text,56,BOND | RETIREMENT | 4/ | #N/A | 40185,,,xlsx,medium,Some headers were missing; generated column_N names. Sampled first 67 non-empty rows from worksheet.
paper-1998-04,The Full Cost Of Intercity Highway Transportation,UPLOADED,/Users/dlev2617/Documents/Code/Agents/github-packages/UPLOADED/paper-1998-04-the-full-cost-of-intercity-highway-transportation,data/highway_full_cost_model/modernized_xlsx/highway_statistics_1990_original.xlsx,Sheet1,column_17,,mixed_numeric_text,58,"""TABLE HF-2R | ""MAY 1993 | TOTAL | DISBURSE- | MENTS",,,xlsx,medium,Some headers were missing; generated column_N names. Sampled first 67 non-empty rows from worksheet.
paper-1998-04,The Full Cost Of Intercity Highway Transportation,UPLOADED,/Users/dlev2617/Documents/Code/Agents/github-packages/UPLOADED/paper-1998-04-the-full-cost-of-intercity-highway-transportation,data/highway_full_cost_model/modernized_xlsx/highway_statistics_1991_original.xlsx,Sheet1,"TOTAL DISBURSEMENTS FOR HIGHWAYS, ALL UNITS OF GOVERNMENT - 1991",,text,60,"COMPILED FROM REPORTS OF FEDERAL, | STATE AND LOCAL AUTHORITIES | STATE | Alabama | Alaska",,,xlsx,medium,Some headers were missing; generated column_N names. Sampled first 65 non-empty rows from worksheet.
paper-1998-04,The Full Cost Of Intercity Highway Transportation,UPLOADED,/Users/dlev2617/Documents/Code/Agents/github-packages/UPLOADED/paper-1998-04-the-full-cost-of-intercity-highway-transportation,data/highway_full_cost_model/modernized_xlsx/highway_statistics_1991_original.xlsx,Sheet1,column_2,,mixed_numeric_text,58,CAPITAL OUTLAY | STATE | ADMINISTERED | HIGHWAYS | 377593,,,xlsx,medium,Some headers were missing; generated column_N names. Sampled first 65 non-empty rows from worksheet.
paper-1998-04,The Full Cost Of Intercity Highway Transportation,UPLOADED,/Users/dlev2617/Documents/Code/Agents/github-packages/UPLOADED/paper-1998-04-the-full-cost-of-intercity-highway-transportation,data/highway_full_cost_model/modernized_xlsx/highway_statistics_1991_original.xlsx,Sheet1,column_3,,mixed_numeric_text,57,(THOUSANDS OF DOLLARS) | LOCALLY | ADMINISTERED | ROADS | 46065,,,xlsx,medium,Some headers were missing; generated column_N names. Sampled first 65 non-empty rows from worksheet.
paper-1998-04,The Full Cost Of Intercity Highway Transportation,UPLOADED,/Users/dlev2617/Documents/Code/Agents/github-packages/UPLOADED/paper-1998-04-the-full-cost-of-intercity-highway-transportation,data/highway_full_cost_model/modernized_xlsx/highway_statistics_1991_original.xlsx,Sheet1,column_4,,mixed_numeric_text,56,FEDERAL | ROADS AND | UNCLASSIFIED | 805 | 3800,,,xlsx,medium,Some headers were missing; generated column_N names. Sampled first 65 non-empty rows from worksheet.
paper-1998-04,The Full Cost Of Intercity Highway Transportation,UPLOADED,/Users/dlev2617/Documents/Code/Agents/github-packages/UPLOADED/paper-1998-04-the-full-cost-of-intercity-highway-transportation,data/highway_full_cost_model/modernized_xlsx/highway_statistics_1991_original.xlsx,Sheet1,column_5,,mixed_numeric_text,55,TOTAL | 2/ | 424463 | 262165 | 825891,,,xlsx,medium,Some headers were missing; generated column_N names. Sampled first 65 non-empty rows from worksheet.
paper-1998-04,The Full Cost Of Intercity Highway Transportation,UPLOADED,/Users/dlev2617/Documents/Code/Agents/github-packages/UPLOADED/paper-1998-04-the-full-cost-of-intercity-highway-transportation,data/highway_full_cost_model/modernized_xlsx/highway_statistics_1991_original.xlsx,Sheet1,column_6,,mixed_numeric_text,57,MAINTENANCE | STATE | ADMINISTERED | HIGHWAYS | 123160,,,xlsx,medium,Some headers were missing; generated column_N names. Sampled first 65 non-empty rows from worksheet.
paper-1998-04,The Full Cost Of Intercity Highway Transportation,UPLOADED,/Users/dlev2617/Documents/Code/Agents/github-packages/UPLOADED/paper-1998-04-the-full-cost-of-intercity-highway-transportation,data/highway_full_cost_model/modernized_xlsx/highway_statistics_1991_original.xlsx,Sheet1,column_7,,mixed_numeric_text,56,LOCALLY | ADMINISTERED | ROADS | 294461 | 36113,,,xlsx,medium,Some headers were missing; generated column_N names. Sampled first 65 non-empty rows from worksheet.
paper-1998-04,The Full Cost Of Intercity Highway Transportation,UPLOADED,/Users/dlev2617/Documents/Code/Agents/github-packages/UPLOADED/paper-1998-04-the-full-cost-of-intercity-highway-transportation,data/highway_full_cost_model/modernized_xlsx/highway_statistics_1991_original.xlsx,Sheet1,column_8,,mixed_numeric_text,58,FEDERAL | ROADS AND | UNCLASSIFIED | 16 | 531,,,xlsx,medium,Some headers were missing; generated column_N names. Sampled first 65 non-empty rows from worksheet.
paper-1998-04,The Full Cost Of Intercity Highway Transportation,UPLOADED,/Users/dlev2617/Documents/Code/Agents/github-packages/UPLOADED/paper-1998-04-the-full-cost-of-intercity-highway-transportation,data/highway_full_cost_model/modernized_xlsx/highway_statistics_1991_original.xlsx,Sheet1,column_9,,mixed_numeric_text,54,TOTAL | 417637 | 158181 | 154601 | 266817,,,xlsx,medium,Some headers were missing; generated column_N names. Sampled first 65 non-empty rows from worksheet.
paper-1998-04,The Full Cost Of Intercity Highway Transportation,UPLOADED,/Users/dlev2617/Documents/Code/Agents/github-packages/UPLOADED/paper-1998-04-the-full-cost-of-intercity-highway-transportation,data/highway_full_cost_model/modernized_xlsx/highway_statistics_1991_original.xlsx,Sheet1,column_10,,mixed_numeric_text,58,ADMIN- | ISTRATION | AND | MISCEL- | LANEOUS,,,xlsx,medium,Some headers were missing; generated column_N names. Sampled first 65 non-empty rows from worksheet.
paper-1998-04,The Full Cost Of Intercity Highway Transportation,UPLOADED,/Users/dlev2617/Documents/Code/Agents/github-packages/UPLOADED/paper-1998-04-the-full-cost-of-intercity-highway-transportation,data/highway_full_cost_model/modernized_xlsx/highway_statistics_1991_original.xlsx,Sheet1,column_11,,mixed_numeric_text,58,HIGHWAY | LAW | ENFORCEMENT | AND | SAFETY,,,xlsx,medium,Some headers were missing; generated column_N names. Sampled first 65 non-empty rows from worksheet.
paper-1998-04,The Full Cost Of Intercity Highway Transportation,UPLOADED,/Users/dlev2617/Documents/Code/Agents/github-packages/UPLOADED/paper-1998-04-the-full-cost-of-intercity-highway-transportation,data/highway_full_cost_model/modernized_xlsx/highway_statistics_1991_original.xlsx,Sheet1,column_12,,mixed_numeric_text,54,INTEREST | 11618 | 16953 | 133726 | 362,,,xlsx,medium,Some headers were missing; generated column_N names. Sampled first 65 non-empty rows from worksheet.
paper-1998-04,The Full Cost Of Intercity Highway Transportation,UPLOADED,/Users/dlev2617/Documents/Code/Agents/github-packages/UPLOADED/paper-1998-04-the-full-cost-of-intercity-highway-transportation,data/highway_full_cost_model/modernized_xlsx/highway_statistics_1991_original.xlsx,Sheet1,column_13,,mixed_numeric_text,56,BOND | RETIREMENT | 3/ | 40692 | 32881,,,xlsx,medium,Some headers were missing; generated column_N names. Sampled first 65 non-empty rows from worksheet.
paper-1998-04,The Full Cost Of Intercity Highway Transportation,UPLOADED,/Users/dlev2617/Documents/Code/Agents/github-packages/UPLOADED/paper-1998-04-the-full-cost-of-intercity-highway-transportation,data/highway_full_cost_model/modernized_xlsx/highway_statistics_1991_original.xlsx,Sheet1,column_14,,mixed_numeric_text,57,"""TABLE HF-2 | ""OCTOBER 1993 | TOTAL | DISBURSEMENTS | 1016806",,,xlsx,medium,Some headers were missing; generated column_N names. Sampled first 65 non-empty rows from worksheet.
paper-1998-04,The Full Cost Of Intercity Highway Transportation,UPLOADED,/Users/dlev2617/Documents/Code/Agents/github-packages/UPLOADED/paper-1998-04-the-full-cost-of-intercity-highway-transportation,data/highway_full_cost_model/modernized_xlsx/highway_statistics_1992_original.xlsx,Sheet1,"TOTAL DISBURSEMENTS FOR HIGHWAYS, ALL UNITS OF GOVERNMENT - 1992 /1",,text,60,"COMPILED FROM REPORTS OF FEDERAL, | STATE AND LOCAL AUTHORITIES | STATE | Alabama | Alaska",,,xlsx,medium,Some headers were missing; generated column_N names. Sampled first 65 non-empty rows from worksheet.
paper-1998-04,The Full Cost Of Intercity Highway Transportation,UPLOADED,/Users/dlev2617/Documents/Code/Agents/github-packages/UPLOADED/paper-1998-04-the-full-cost-of-intercity-highway-transportation,data/highway_full_cost_model/modernized_xlsx/highway_statistics_1992_original.xlsx,Sheet1,column_2,,mixed_numeric_text,57,CAPITAL OUTLAY | STATE | ADMINISTERED | HIGHWAYS | 372518,,,xlsx,medium,Some headers were missing; generated column_N names. Sampled first 65 non-empty rows from worksheet.
paper-1998-04,The Full Cost Of Intercity Highway Transportation,UPLOADED,/Users/dlev2617/Documents/Code/Agents/github-packages/UPLOADED/paper-1998-04-the-full-cost-of-intercity-highway-transportation,data/highway_full_cost_model/modernized_xlsx/highway_statistics_1992_original.xlsx,Sheet1,column_3,,mixed_numeric_text,57,(THOUSANDS OF DOLLARS) | LOCALLY | ADMINISTERED | ROADS | 42839,,,xlsx,medium,Some headers were missing; generated column_N names. Sampled first 65 non-empty rows from worksheet.
paper-1998-04,The Full Cost Of Intercity Highway Transportation,UPLOADED,/Users/dlev2617/Documents/Code/Agents/github-packages/UPLOADED/paper-1998-04-the-full-cost-of-intercity-highway-transportation,data/highway_full_cost_model/modernized_xlsx/highway_statistics_1992_original.xlsx,Sheet1,column_4,,mixed_numeric_text,56,FEDERAL | ROADS AND | UNCLASSIFIED | 974 | 4942,,,xlsx,medium,Some headers were missing; generated column_N names. Sampled first 65 non-empty rows from worksheet.
paper-1998-04,The Full Cost Of Intercity Highway Transportation,UPLOADED,/Users/dlev2617/Documents/Code/Agents/github-packages/UPLOADED/paper-1998-04-the-full-cost-of-intercity-highway-transportation,data/highway_full_cost_model/modernized_xlsx/highway_statistics_1992_original.xlsx,Sheet1,column_5,,mixed_numeric_text,54,TOTAL /2 | 416331 | 278830 | 712556 | 398933,,,xlsx,medium,Some headers were missing; generated column_N names. Sampled first 65 non-empty rows from worksheet.
paper-1998-04,The Full Cost Of Intercity Highway Transportation,UPLOADED,/Users/dlev2617/Documents/Code/Agents/github-packages/UPLOADED/paper-1998-04-the-full-cost-of-intercity-highway-transportation,data/highway_full_cost_model/modernized_xlsx/highway_statistics_1992_original.xlsx,Sheet1,column_6,,mixed_numeric_text,57,MAINTENANCE AND SERVICES | STATE | ADMINISTERED | HIGHWAYS | 134450,,,xlsx,medium,Some headers were missing; generated column_N names. Sampled first 65 non-empty rows from worksheet.
paper-1998-04,The Full Cost Of Intercity Highway Transportation,UPLOADED,/Users/dlev2617/Documents/Code/Agents/github-packages/UPLOADED/paper-1998-04-the-full-cost-of-intercity-highway-transportation,data/highway_full_cost_model/modernized_xlsx/highway_statistics_1992_original.xlsx,Sheet1,column_7,,mixed_numeric_text,56,LOCALLY | ADMINISTERED | ROADS | 299897 | 34166,,,xlsx,medium,Some headers were missing; generated column_N names. Sampled first 65 non-empty rows from worksheet.
paper-1998-04,The Full Cost Of Intercity Highway Transportation,UPLOADED,/Users/dlev2617/Documents/Code/Agents/github-packages/UPLOADED/paper-1998-04-the-full-cost-of-intercity-highway-transportation,data/highway_full_cost_model/modernized_xlsx/highway_statistics_1992_original.xlsx,Sheet1,column_8,,mixed_numeric_text,58,FEDERAL | ROADS AND | UNCLASSIFIED | 14 | 831,,,xlsx,medium,Some headers were missing; generated column_N names. Sampled first 65 non-empty rows from worksheet.
paper-1998-04,The Full Cost Of Intercity Highway Transportation,UPLOADED,/Users/dlev2617/Documents/Code/Agents/github-packages/UPLOADED/paper-1998-04-the-full-cost-of-intercity-highway-transportation,data/highway_full_cost_model/modernized_xlsx/highway_statistics_1992_original.xlsx,Sheet1,column_9,,mixed_numeric_text,54,TOTAL | 434361 | 156897 | 164064 | 243921,,,xlsx,medium,Some headers were missing; generated column_N names. Sampled first 65 non-empty rows from worksheet.
paper-1998-04,The Full Cost Of Intercity Highway Transportation,UPLOADED,/Users/dlev2617/Documents/Code/Agents/github-packages/UPLOADED/paper-1998-04-the-full-cost-of-intercity-highway-transportation,data/highway_full_cost_model/modernized_xlsx/highway_statistics_1992_original.xlsx,Sheet1,column_10,,mixed_numeric_text,58,ADMIN- | ISTRATION | AND | MISCEL- | LANEOUS,,,xlsx,medium,Some headers were missing; generated column_N names. Sampled first 65 non-empty rows from worksheet.
paper-1998-04,The Full Cost Of Intercity Highway Transportation,UPLOADED,/Users/dlev2617/Documents/Code/Agents/github-packages/UPLOADED/paper-1998-04-the-full-cost-of-intercity-highway-transportation,data/highway_full_cost_model/modernized_xlsx/highway_statistics_1992_original.xlsx,Sheet1,column_11,,mixed_numeric_text,58,HIGHWAY | LAW | ENFORCEMENT | AND | SAFETY,,,xlsx,medium,Some headers were missing; generated column_N names. Sampled first 65 non-empty rows from worksheet.
paper-1998-04,The Full Cost Of Intercity Highway Transportation,UPLOADED,/Users/dlev2617/Documents/Code/Agents/github-packages/UPLOADED/paper-1998-04-the-full-cost-of-intercity-highway-transportation,data/highway_full_cost_model/modernized_xlsx/highway_statistics_1992_original.xlsx,Sheet1,column_12,,mixed_numeric_text,54,INTEREST | 11128 | 13411 | 154305 | 661,,,xlsx,medium,Some headers were missing; generated column_N names. Sampled first 65 non-empty rows from worksheet.
paper-1998-04,The Full Cost Of Intercity Highway Transportation,UPLOADED,/Users/dlev2617/Documents/Code/Agents/github-packages/UPLOADED/paper-1998-04-the-full-cost-of-intercity-highway-transportation,data/highway_full_cost_model/modernized_xlsx/highway_statistics_1992_original.xlsx,Sheet1,column_13,,mixed_numeric_text,55,BOND | RETIREMENT /3 | 20436 | 21623 | 359239,,,xlsx,medium,Some headers were missing; generated column_N names. Sampled first 65 non-empty rows from worksheet.
paper-1998-04,The Full Cost Of Intercity Highway Transportation,UPLOADED,/Users/dlev2617/Documents/Code/Agents/github-packages/UPLOADED/paper-1998-04-the-full-cost-of-intercity-highway-transportation,data/highway_full_cost_model/modernized_xlsx/highway_statistics_1992_original.xlsx,Sheet1,column_14,,mixed_numeric_text,57,"""TABLE HF-2 | ""SEPTEMBER 1994 | TOTAL | DISBURSEMENTS | 1012173",,,xlsx,medium,Some headers were missing; generated column_N names. Sampled first 65 non-empty rows from worksheet.
paper-1998-04,The Full Cost Of Intercity Highway Transportation,UPLOADED,/Users/dlev2617/Documents/Code/Agents/github-packages/UPLOADED/paper-1998-04-the-full-cost-of-intercity-highway-transportation,data/highway_full_cost_model/modernized_xlsx/highway_statistics_format_original.xlsx,Sheet1,column_1,,text,52,STATE | Alabama | Alaska | Arizona | Arkansas,,,xlsx,medium,Some headers were missing; generated column_N names. Sampled first 55 non-empty rows from worksheet.
paper-1998-04,The Full Cost Of Intercity Highway Transportation,UPLOADED,/Users/dlev2617/Documents/Code/Agents/github-packages/UPLOADED/paper-1998-04-the-full-cost-of-intercity-highway-transportation,data/highway_full_cost_model/modernized_xlsx/highway_statistics_format_original.xlsx,Sheet1,column_2,,text,3,STATE | ADMINISTERED | HIGHWAYS,,,xlsx,medium,Some headers were missing; generated column_N names. Sampled first 55 non-empty rows from worksheet.
paper-1998-04,The Full Cost Of Intercity Highway Transportation,UPLOADED,/Users/dlev2617/Documents/Code/Agents/github-packages/UPLOADED/paper-1998-04-the-full-cost-of-intercity-highway-transportation,data/highway_full_cost_model/modernized_xlsx/highway_statistics_format_original.xlsx,Sheet1,CAPITAL OUTLAY,,text,3,LOCALLY | ADMINISTERED | ROADS,,,xlsx,medium,Some headers were missing; generated column_N names. Sampled first 55 non-empty rows from worksheet.
paper-1998-04,The Full Cost Of Intercity Highway Transportation,UPLOADED,/Users/dlev2617/Documents/Code/Agents/github-packages/UPLOADED/paper-1998-04-the-full-cost-of-intercity-highway-transportation,data/highway_full_cost_model/modernized_xlsx/highway_statistics_format_original.xlsx,Sheet1,column_4,,text,3,FEDERAL | ROADS AND | UNCLASSIFIES,,,xlsx,medium,Some headers were missing; generated column_N names. Sampled first 55 non-empty rows from worksheet.
paper-1998-04,The Full Cost Of Intercity Highway Transportation,UPLOADED,/Users/dlev2617/Documents/Code/Agents/github-packages/UPLOADED/paper-1998-04-the-full-cost-of-intercity-highway-transportation,data/highway_full_cost_model/modernized_xlsx/highway_statistics_format_original.xlsx,Sheet1,column_5,,text,1,TOTAL,,,xlsx,medium,Some headers were missing; generated column_N names. Sampled first 55 non-empty rows from worksheet.
paper-1998-04,The Full Cost Of Intercity Highway Transportation,UPLOADED,/Users/dlev2617/Documents/Code/Agents/github-packages/UPLOADED/paper-1998-04-the-full-cost-of-intercity-highway-transportation,data/highway_full_cost_model/modernized_xlsx/highway_statistics_format_original.xlsx,Sheet1,column_6,,text,3,STATE | ADMINISTERED | HIGHWAYS,,,xlsx,medium,Some headers were missing; generated column_N names. Sampled first 55 non-empty rows from worksheet.
paper-1998-04,The Full Cost Of Intercity Highway Transportation,UPLOADED,/Users/dlev2617/Documents/Code/Agents/github-packages/UPLOADED/paper-1998-04-the-full-cost-of-intercity-highway-transportation,data/highway_full_cost_model/modernized_xlsx/highway_statistics_format_original.xlsx,Sheet1,MAINTENANCE,,text,3,LOCALLY | ADMINISTERED | ROADS,,,xlsx,medium,Some headers were missing; generated column_N names. Sampled first 55 non-empty rows from worksheet.
paper-1998-04,The Full Cost Of Intercity Highway Transportation,UPLOADED,/Users/dlev2617/Documents/Code/Agents/github-packages/UPLOADED/paper-1998-04-the-full-cost-of-intercity-highway-transportation,data/highway_full_cost_model/modernized_xlsx/highway_statistics_format_original.xlsx,Sheet1,column_8,,text,3,FEDERAL | ROADS AND | UNCLASSIFIES,,,xlsx,medium,Some headers were missing; generated column_N names. Sampled first 55 non-empty rows from worksheet.
paper-1998-04,The Full Cost Of Intercity Highway Transportation,UPLOADED,/Users/dlev2617/Documents/Code/Agents/github-packages/UPLOADED/paper-1998-04-the-full-cost-of-intercity-highway-transportation,data/highway_full_cost_model/modernized_xlsx/highway_statistics_format_original.xlsx,Sheet1,column_9,,text,1,TOTAL,,,xlsx,medium,Some headers were missing; generated column_N names. Sampled first 55 non-empty rows from worksheet.
paper-1998-04,The Full Cost Of Intercity Highway Transportation,UPLOADED,/Users/dlev2617/Documents/Code/Agents/github-packages/UPLOADED/paper-1998-04-the-full-cost-of-intercity-highway-transportation,data/highway_full_cost_model/modernized_xlsx/highway_statistics_format_original.xlsx,Sheet1,column_10,,text,3,ADMINISTRATION | AND | MISCELLANEOUS,,,xlsx,medium,Some headers were missing; generated column_N names. Sampled first 55 non-empty rows from worksheet.
paper-1998-04,The Full Cost Of Intercity Highway Transportation,UPLOADED,/Users/dlev2617/Documents/Code/Agents/github-packages/UPLOADED/paper-1998-04-the-full-cost-of-intercity-highway-transportation,data/highway_full_cost_model/modernized_xlsx/highway_statistics_format_original.xlsx,Sheet1,column_11,,text,3,HIGHWAY LAW | ENFORCEMENT | AND SAFETY,,,xlsx,medium,Some headers were missing; generated column_N names. Sampled first 55 non-empty rows from worksheet.
paper-1998-04,The Full Cost Of Intercity Highway Transportation,UPLOADED,/Users/dlev2617/Documents/Code/Agents/github-packages/UPLOADED/paper-1998-04-the-full-cost-of-intercity-highway-transportation,data/highway_full_cost_model/modernized_xlsx/highway_statistics_format_original.xlsx,Sheet1,column_12,,text,2,BOND | RETIREMENT,,,xlsx,medium,Some headers were missing; generated column_N names. Sampled first 55 non-empty rows from worksheet.
paper-1998-04,The Full Cost Of Intercity Highway Transportation,UPLOADED,/Users/dlev2617/Documents/Code/Agents/github-packages/UPLOADED/paper-1998-04-the-full-cost-of-intercity-highway-transportation,data/highway_full_cost_model/modernized_xlsx/highway_statistics_format_original.xlsx,Sheet1,column_13,,text,2,TOTAL | DISBURSEMENTS,,,xlsx,medium,Some headers were missing; generated column_N names. Sampled first 55 non-empty rows from worksheet.
paper-1998-04,The Full Cost Of Intercity Highway Transportation,UPLOADED,/Users/dlev2617/Documents/Code/Agents/github-packages/UPLOADED/paper-1998-04-the-full-cost-of-intercity-highway-transportation,data/highway_full_cost_model/modernized_xlsx/hwy92_original.xlsx,Sheet2,column_1,,text,59,Alabama | Alaska | Arizona | Arkansas | California,,,xlsx,medium,Some headers were missing; generated column_N names. Sampled first 60 non-empty rows from worksheet.
paper-1998-04,The Full Cost Of Intercity Highway Transportation,UPLOADED,/Users/dlev2617/Documents/Code/Agents/github-packages/UPLOADED/paper-1998-04-the-full-cost-of-intercity-highway-transportation,data/highway_full_cost_model/modernized_xlsx/hwy92_original.xlsx,Sheet2,POP90(THSD),,numeric,52,4089 | 570 | 3750 | 2372 | 30380,460,252181,xlsx,medium,Some headers were missing; generated column_N names. Sampled first 60 non-empty rows from worksheet.
paper-1998-04,The Full Cost Of Intercity Highway Transportation,UPLOADED,/Users/dlev2617/Documents/Code/Agents/github-packages/UPLOADED/paper-1998-04-the-full-cost-of-intercity-highway-transportation,data/highway_full_cost_model/modernized_xlsx/hwy92_original.xlsx,Sheet2,SQMILES,,numeric,52,52423 | 591004 | 114006 | 53182 | 163707,67,3717528,xlsx,medium,Some headers were missing; generated column_N names. Sampled first 60 non-empty rows from worksheet.
paper-1998-04,The Full Cost Of Intercity Highway Transportation,UPLOADED,/Users/dlev2617/Documents/Code/Agents/github-packages/UPLOADED/paper-1998-04-the-full-cost-of-intercity-highway-transportation,data/highway_full_cost_model/modernized_xlsx/hwy92_original.xlsx,Sheet2,POPDENS=LAND,,numeric,52,78.0001144535795 | 0.964460477424857 | 32.8930056312826 | 44.6015569177541 | 185.575448820148,0.964460477425,8925.37313433,xlsx,medium,Some headers were missing; generated column_N names. Sampled first 60 non-empty rows from worksheet.
paper-1998-04,The Full Cost Of Intercity Highway Transportation,UPLOADED,/Users/dlev2617/Documents/Code/Agents/github-packages/UPLOADED/paper-1998-04-the-full-cost-of-intercity-highway-transportation,data/highway_full_cost_model/modernized_xlsx/hwy92_original.xlsx,Sheet2,CAPTOTTOT93,,mixed_numeric_text,52,470232 | 242000 | 480799 | 362332 | 2135323,,,xlsx,medium,Some headers were missing; generated column_N names. Sampled first 60 non-empty rows from worksheet.
paper-1998-04,The Full Cost Of Intercity Highway Transportation,UPLOADED,/Users/dlev2617/Documents/Code/Agents/github-packages/UPLOADED/paper-1998-04-the-full-cost-of-intercity-highway-transportation,data/highway_full_cost_model/modernized_xlsx/hwy92_original.xlsx,Sheet2,MILTOTTOT93,,numeric,53,92209 | 13849 | 55763 | 77192 | 169201,0,3904721,xlsx,medium,Some headers were missing; generated column_N names. Sampled first 60 non-empty rows from worksheet.
paper-1998-04,The Full Cost Of Intercity Highway Transportation,UPLOADED,/Users/dlev2617/Documents/Code/Agents/github-packages/UPLOADED/paper-1998-04-the-full-cost-of-intercity-highway-transportation,data/highway_full_cost_model/modernized_xlsx/hwy92_original.xlsx,Sheet2,MILES92,,numeric,52,92201 | 13634 | 55969 | 77162 | 168378,1104,3901715,xlsx,medium,Some headers were missing; generated column_N names. Sampled first 60 non-empty rows from worksheet.
paper-1998-04,The Full Cost Of Intercity Highway Transportation,UPLOADED,/Users/dlev2617/Documents/Code/Agents/github-packages/UPLOADED/paper-1998-04-the-full-cost-of-intercity-highway-transportation,data/highway_full_cost_model/modernized_xlsx/hwy92_original.xlsx,Sheet2,NETMILES,,numeric,53,8 | 215 | -206 | 30 | 823,-3760,3006,xlsx,medium,Some headers were missing; generated column_N names. Sampled first 60 non-empty rows from worksheet.
paper-1998-04,The Full Cost Of Intercity Highway Transportation,UPLOADED,/Users/dlev2617/Documents/Code/Agents/github-packages/UPLOADED/paper-1998-04-the-full-cost-of-intercity-highway-transportation,data/highway_full_cost_model/modernized_xlsx/hwy92_original.xlsx,Sheet2,PCAPperMIL93,,mixed_numeric_text,51,58779 | 1125.58139534884 | -2333.97572815534 | 12077.7333333333 | 2594.56014580802,,,xlsx,medium,Some headers were missing; generated column_N names. Sampled first 60 non-empty rows from worksheet.
paper-1998-04,The Full Cost Of Intercity Highway Transportation,UPLOADED,/Users/dlev2617/Documents/Code/Agents/github-packages/UPLOADED/paper-1998-04-the-full-cost-of-intercity-highway-transportation,data/highway_full_cost_model/modernized_xlsx/hwy92_original.xlsx,ExpenditureExport,State,,text,53,Alabama | Alaska | Arizona | Arkansas | California,,,xlsx,medium,Some headers were missing; generated column_N names. Sampled first 55 non-empty rows from worksheet.
paper-1998-04,The Full Cost Of Intercity Highway Transportation,UPLOADED,/Users/dlev2617/Documents/Code/Agents/github-packages/UPLOADED/paper-1998-04-the-full-cost-of-intercity-highway-transportation,data/highway_full_cost_model/modernized_xlsx/hwy92_original.xlsx,ExpenditureExport,Stock Capital 1988 (millions),,numeric,53,8905.74 | 0 | 7955.02 | 4829.36 | 42835.42,0,533344.04,xlsx,medium,Some headers were missing; generated column_N names. Sampled first 55 non-empty rows from worksheet.
paper-1998-04,The Full Cost Of Intercity Highway Transportation,UPLOADED,/Users/dlev2617/Documents/Code/Agents/github-packages/UPLOADED/paper-1998-04-the-full-cost-of-intercity-highway-transportation,data/highway_full_cost_model/modernized_xlsx/hwy92_original.xlsx,ExpenditureExport,CAPTOTTOT (thousands),,mixed_numeric_text,53,470232 | 242000 | 480799 | 362332 | 2135323,,,xlsx,medium,Some headers were missing; generated column_N names. Sampled first 55 non-empty rows from worksheet.
paper-1998-04,The Full Cost Of Intercity Highway Transportation,UPLOADED,/Users/dlev2617/Documents/Code/Agents/github-packages/UPLOADED/paper-1998-04-the-full-cost-of-intercity-highway-transportation,data/highway_full_cost_model/modernized_xlsx/hwy92_original.xlsx,ExpenditureExport,MNTTOTTOT (thousands),,mixed_numeric_text,53,157868 | 33400 | 68839 | 93412 | 342460,,,xlsx,medium,Some headers were missing; generated column_N names. Sampled first 55 non-empty rows from worksheet.
paper-1998-04,The Full Cost Of Intercity Highway Transportation,UPLOADED,/Users/dlev2617/Documents/Code/Agents/github-packages/UPLOADED/paper-1998-04-the-full-cost-of-intercity-highway-transportation,data/highway_full_cost_model/modernized_xlsx/hwy92_original.xlsx,ExpenditureExport,ADM_MISC (thousands),,numeric,53,72558 | 30088 | 70527 | 42524 | 1046908,9798,7296290,xlsx,medium,Some headers were missing; generated column_N names. Sampled first 55 non-empty rows from worksheet.
paper-1998-04,The Full Cost Of Intercity Highway Transportation,UPLOADED,/Users/dlev2617/Documents/Code/Agents/github-packages/UPLOADED/paper-1998-04-the-full-cost-of-intercity-highway-transportation,data/highway_full_cost_model/modernized_xlsx/hwy92_original.xlsx,ExpenditureExport,LAW_SAFETY (thousands),,numeric,53,57359 | 40116 | 78446 | 45163 | 1182559,0,7088262,xlsx,medium,Some headers were missing; generated column_N names. Sampled first 55 non-empty rows from worksheet.
paper-1998-04,The Full Cost Of Intercity Highway Transportation,UPLOADED,/Users/dlev2617/Documents/Code/Agents/github-packages/UPLOADED/paper-1998-04-the-full-cost-of-intercity-highway-transportation,data/highway_full_cost_model/modernized_xlsx/hwy92_original.xlsx,ExpenditureExport,INTEREST (thousands),,numeric,53,11128 | 13411 | 154305 | 661 | 58263,0,3620713,xlsx,medium,Some headers were missing; generated column_N names. Sampled first 55 non-empty rows from worksheet.
paper-1998-04,The Full Cost Of Intercity Highway Transportation,UPLOADED,/Users/dlev2617/Documents/Code/Agents/github-packages/UPLOADED/paper-1998-04-the-full-cost-of-intercity-highway-transportation,data/highway_full_cost_model/modernized_xlsx/hwy92_original.xlsx,ExpenditureExport,BONDRETIRE (thousands),,numeric,53,20436 | 21623 | 359239 | 449 | 35336,0,4588962,xlsx,medium,Some headers were missing; generated column_N names. Sampled first 55 non-empty rows from worksheet.
paper-1998-04,The Full Cost Of Intercity Highway Transportation,UPLOADED,/Users/dlev2617/Documents/Code/Agents/github-packages/UPLOADED/paper-1998-04-the-full-cost-of-intercity-highway-transportation,data/highway_full_cost_model/modernized_xlsx/hwy92_original.xlsx,ExpenditureExport,column_9,,empty,0,,,,xlsx,medium,Some headers were missing; generated column_N names. Sampled first 55 non-empty rows from worksheet.
paper-1998-04,The Full Cost Of Intercity Highway Transportation,UPLOADED,/Users/dlev2617/Documents/Code/Agents/github-packages/UPLOADED/paper-1998-04-the-full-cost-of-intercity-highway-transportation,data/highway_full_cost_model/modernized_xlsx/hwy92_original.xlsx,ExpenditureExport,column_10,,empty,0,,,,xlsx,medium,Some headers were missing; generated column_N names. Sampled first 55 non-empty rows from worksheet.
paper-1998-04,The Full Cost Of Intercity Highway Transportation,UPLOADED,/Users/dlev2617/Documents/Code/Agents/github-packages/UPLOADED/paper-1998-04-the-full-cost-of-intercity-highway-transportation,data/highway_full_cost_model/modernized_xlsx/hwy92_original.xlsx,ExpenditureExport,column_11,,mixed_numeric_text,53,0.0515 | 0.0525 | 0.0535 | 0.0495 | 0.0475,,,xlsx,medium,Some headers were missing; generated column_N names. Sampled first 55 non-empty rows from worksheet.
paper-1998-04,The Full Cost Of Intercity Highway Transportation,UPLOADED,/Users/dlev2617/Documents/Code/Agents/github-packages/UPLOADED/paper-1998-04-the-full-cost-of-intercity-highway-transportation,data/highway_full_cost_model/modernized_xlsx/hwy92_original.xlsx,ExpenditureExport,Cc,,mixed_numeric_text,53,550374.732 | 0 | 501166.26 | 298454.448 | 2750033.964,,,xlsx,medium,Some headers were missing; generated column_N names. Sampled first 55 non-empty rows from worksheet.
paper-1998-04,The Full Cost Of Intercity Highway Transportation,UPLOADED,/Users/dlev2617/Documents/Code/Agents/github-packages/UPLOADED/paper-1998-04-the-full-cost-of-intercity-highway-transportation,data/highway_full_cost_model/modernized_xlsx/hwy92_original.xlsx,ExpenditureExport,Cm,,mixed_numeric_text,53,157868 | 33400 | 68839 | 93412 | 342460,,,xlsx,medium,Some headers were missing; generated column_N names. Sampled first 55 non-empty rows from worksheet.
paper-1998-04,The Full Cost Of Intercity Highway Transportation,UPLOADED,/Users/dlev2617/Documents/Code/Agents/github-packages/UPLOADED/paper-1998-04-the-full-cost-of-intercity-highway-transportation,data/highway_full_cost_model/modernized_xlsx/hwy92_original.xlsx,ExpenditureExport,Cl,,numeric,53,129917 | 70204 | 148973 | 87687 | 2229467,0,14384552,xlsx,medium,Some headers were missing; generated column_N names. Sampled first 55 non-empty rows from worksheet.
paper-1998-04,The Full Cost Of Intercity Highway Transportation,UPLOADED,/Users/dlev2617/Documents/Code/Agents/github-packages/UPLOADED/paper-1998-04-the-full-cost-of-intercity-highway-transportation,data/highway_full_cost_model/modernized_xlsx/hwy92_original.xlsx,ExpenditureExport,LRTE,,mixed_numeric_text,53,838159.732 | 103604 | 718978.26 | 479553.448 | 5321960.964,,,xlsx,medium,Some headers were missing; generated column_N names. Sampled first 55 non-empty rows from worksheet.
paper-1998-04,The Full Cost Of Intercity Highway Transportation,UPLOADED,/Users/dlev2617/Documents/Code/Agents/github-packages/UPLOADED/paper-1998-04-the-full-cost-of-intercity-highway-transportation,data/highway_full_cost_model/modernized_xlsx/hwy92_original.xlsx,ExpenditureExport,SRTE,,mixed_numeric_text,53,287785 | 103604 | 217812 | 181099 | 2571927,,,xlsx,medium,Some headers were missing; generated column_N names. Sampled first 55 non-empty rows from worksheet.
paper-1998-04,The Full Cost Of Intercity Highway Transportation,UPLOADED,/Users/dlev2617/Documents/Code/Agents/github-packages/UPLOADED/paper-1998-04-the-full-cost-of-intercity-highway-transportation,data/highway_full_cost_model/modernized_xlsx/hwy92_original.xlsx,PriceExport,State,,text,58,Alabama | Alaska | Arizona | Arkansas | California,,,xlsx,medium,Some headers were missing; generated column_N names. Sampled first 60 non-empty rows from worksheet.
paper-1998-04,The Full Cost Of Intercity Highway Transportation,UPLOADED,/Users/dlev2617/Documents/Code/Agents/github-packages/UPLOADED/paper-1998-04-the-full-cost-of-intercity-highway-transportation,data/highway_full_cost_model/modernized_xlsx/hwy92_original.xlsx,PriceExport,Pl Goverment Salary (1993),,numeric,52,25028 | 37943 | 24995 | 22793 | 33080,20777,43855,xlsx,medium,Some headers were missing; generated column_N names. Sampled first 60 non-empty rows from worksheet.
paper-1998-04,The Full Cost Of Intercity Highway Transportation,UPLOADED,/Users/dlev2617/Documents/Code/Agents/github-packages/UPLOADED/paper-1998-04-the-full-cost-of-intercity-highway-transportation,data/highway_full_cost_model/modernized_xlsx/hwy92_original.xlsx,PriceExport,Pl,,numeric,53,0.921233519346634 | 1.39661033340936 | 0.920018851529052 | 0.838967380792226 | 1.21761246683661,0,1.61421991333,xlsx,medium,Some headers were missing; generated column_N names. Sampled first 60 non-empty rows from worksheet.
paper-1998-04,The Full Cost Of Intercity Highway Transportation,UPLOADED,/Users/dlev2617/Documents/Code/Agents/github-packages/UPLOADED/paper-1998-04-the-full-cost-of-intercity-highway-transportation,data/highway_full_cost_model/modernized_xlsx/hwy92_original.xlsx,PriceExport,Pk Moody's Bond Rating,,text,52,AA | X | A1 | AA1 | AAA,,,xlsx,medium,Some headers were missing; generated column_N names. Sampled first 60 non-empty rows from worksheet.
paper-1998-04,The Full Cost Of Intercity Highway Transportation,UPLOADED,/Users/dlev2617/Documents/Code/Agents/github-packages/UPLOADED/paper-1998-04-the-full-cost-of-intercity-highway-transportation,data/highway_full_cost_model/modernized_xlsx/hwy92_original.xlsx,PriceExport,column_5,,mixed_numeric_text,53,0.0515 | 0.0525 | 0.0535 | 0.0495 | 0.0475,,,xlsx,medium,Some headers were missing; generated column_N names. Sampled first 60 non-empty rows from worksheet.
paper-1998-04,The Full Cost Of Intercity Highway Transportation,UPLOADED,/Users/dlev2617/Documents/Code/Agents/github-packages/UPLOADED/paper-1998-04-the-full-cost-of-intercity-highway-transportation,data/highway_full_cost_model/modernized_xlsx/hwy92_original.xlsx,PriceExport,Pm Bituminous Concrete (1993),,numeric,52,25.49 | 31.89 | 22.42 | 26.28 | 28.79,2.08,65.14,xlsx,medium,Some headers were missing; generated column_N names. Sampled first 60 non-empty rows from worksheet.
paper-1998-04,The Full Cost Of Intercity Highway Transportation,UPLOADED,/Users/dlev2617/Documents/Code/Agents/github-packages/UPLOADED/paper-1998-04-the-full-cost-of-intercity-highway-transportation,data/highway_full_cost_model/modernized_xlsx/hwy92_original.xlsx,PriceExport,column_7,,numeric,53,1.35513024986709 | 1.69537480063796 | 1.19191919191919 | 1.39712918660287 | 1.53056884635832,0,3.46305156831,xlsx,medium,Some headers were missing; generated column_N names. Sampled first 60 non-empty rows from worksheet.
paper-1998-04,The Full Cost Of Intercity Highway Transportation,UPLOADED,/Users/dlev2617/Documents/Code/Agents/github-packages/UPLOADED/paper-1998-04-the-full-cost-of-intercity-highway-transportation,data/highway_full_cost_model/modernized_xlsx/hwy92_original.xlsx,PriceExport,Excavation (1993),,numeric,52,1.6 | 1.89 | 5.21 | 1.31 | 3.15,1.02,18.58,xlsx,medium,Some headers were missing; generated column_N names. Sampled first 60 non-empty rows from worksheet.
paper-1998-04,The Full Cost Of Intercity Highway Transportation,UPLOADED,/Users/dlev2617/Documents/Code/Agents/github-packages/UPLOADED/paper-1998-04-the-full-cost-of-intercity-highway-transportation,data/highway_full_cost_model/modernized_xlsx/hwy92_original.xlsx,PriceExport,Reinforced Steel (1993),,numeric,52,0.419 | 0.464 | 0.354 | 0.544 | 0.414,0.322,0.811,xlsx,medium,Some headers were missing; generated column_N names. Sampled first 60 non-empty rows from worksheet.
paper-1998-04,The Full Cost Of Intercity Highway Transportation,UPLOADED,/Users/dlev2617/Documents/Code/Agents/github-packages/UPLOADED/paper-1998-04-the-full-cost-of-intercity-highway-transportation,data/highway_full_cost_model/modernized_xlsx/hwy92_original.xlsx,PriceExport,Structural Steel (1993),,numeric,52,0.862 | 1.161 | 1.62 | 0.674 | 1.07,0.47,2.241,xlsx,medium,Some headers were missing; generated column_N names. Sampled first 60 non-empty rows from worksheet.
paper-1998-04,The Full Cost Of Intercity Highway Transportation,UPLOADED,/Users/dlev2617/Documents/Code/Agents/github-packages/UPLOADED/paper-1998-04-the-full-cost-of-intercity-highway-transportation,data/highway_full_cost_model/modernized_xlsx/hwy92_original.xlsx,PriceExport,Structural Concrete (1993),,numeric,52,217.9 | 855.03 | 206.73 | 259.97 | 256.86,93.8,855.03,xlsx,medium,Some headers were missing; generated column_N names. Sampled first 60 non-empty rows from worksheet.
paper-1998-04,The Full Cost Of Intercity Highway Transportation,UPLOADED,/Users/dlev2617/Documents/Code/Agents/github-packages/UPLOADED/paper-1998-04-the-full-cost-of-intercity-highway-transportation,data/highway_full_cost_model/modernized_xlsx/hwy92_original.xlsx,PriceExport,column_12,,empty,0,,,,xlsx,medium,Some headers were missing; generated column_N names. Sampled first 60 non-empty rows from worksheet.
paper-1998-04,The Full Cost Of Intercity Highway Transportation,UPLOADED,/Users/dlev2617/Documents/Code/Agents/github-packages/UPLOADED/paper-1998-04-the-full-cost-of-intercity-highway-transportation,data/highway_full_cost_model/modernized_xlsx/hwy92_original.xlsx,PriceExport,column_13,,empty,0,,,,xlsx,medium,Some headers were missing; generated column_N names. Sampled first 60 non-empty rows from worksheet.
paper-1998-04,The Full Cost Of Intercity Highway Transportation,UPLOADED,/Users/dlev2617/Documents/Code/Agents/github-packages/UPLOADED/paper-1998-04-the-full-cost-of-intercity-highway-transportation,data/highway_full_cost_model/modernized_xlsx/hwy92_original.xlsx,PriceExport,PGOVSAL94,,numeric,51,26376 | 38889 | 25906 | 23336 | 33795,21643,46872,xlsx,medium,Some headers were missing; generated column_N names. Sampled first 60 non-empty rows from worksheet.
paper-1998-04,The Full Cost Of Intercity Highway Transportation,UPLOADED,/Users/dlev2617/Documents/Code/Agents/github-packages/UPLOADED/paper-1998-04-the-full-cost-of-intercity-highway-transportation,data/highway_full_cost_model/modernized_xlsx/hwy92_original.xlsx,PriceExport,column_15,,empty,0,,,,xlsx,medium,Some headers were missing; generated column_N names. Sampled first 60 non-empty rows from worksheet.
paper-1998-04,The Full Cost Of Intercity Highway Transportation,UPLOADED,/Users/dlev2617/Documents/Code/Agents/github-packages/UPLOADED/paper-1998-04-the-full-cost-of-intercity-highway-transportation,data/highway_full_cost_model/modernized_xlsx/hwy92_original.xlsx,PriceExport,column_16,,text,8,A | X | A1 | AA | AA1,,,xlsx,medium,Some headers were missing; generated column_N names. Sampled first 60 non-empty rows from worksheet.
paper-1998-04,The Full Cost Of Intercity Highway Transportation,UPLOADED,/Users/dlev2617/Documents/Code/Agents/github-packages/UPLOADED/paper-1998-04-the-full-cost-of-intercity-highway-transportation,data/highway_full_cost_model/modernized_xlsx/hwy92_original.xlsx,PriceExport,column_17,,numeric,8,0.0555 | 0.0525 | 0.0535 | 0.0515 | 0.0495,0.0475,0.0595,xlsx,medium,Some headers were missing; generated column_N names. Sampled first 60 non-empty rows from worksheet.
paper-1998-04,The Full Cost Of Intercity Highway Transportation,UPLOADED,/Users/dlev2617/Documents/Code/Agents/github-packages/UPLOADED/paper-1998-04-the-full-cost-of-intercity-highway-transportation,data/highway_full_cost_model/modernized_xlsx/hwy92_original.xlsx,PriceExport,column_18,,empty,0,,,,xlsx,medium,Some headers were missing; generated column_N names. Sampled first 60 non-empty rows from worksheet.
paper-1998-04,The Full Cost Of Intercity Highway Transportation,UPLOADED,/Users/dlev2617/Documents/Code/Agents/github-packages/UPLOADED/paper-1998-04-the-full-cost-of-intercity-highway-transportation,data/highway_full_cost_model/modernized_xlsx/hwy92_original.xlsx,PriceExport,column_19,,text,14,AA | X | A1 | AA1 | AAA,,,xlsx,medium,Some headers were missing; generated column_N names. Sampled first 60 non-empty rows from worksheet.
paper-1998-04,The Full Cost Of Intercity Highway Transportation,UPLOADED,/Users/dlev2617/Documents/Code/Agents/github-packages/UPLOADED/paper-1998-04-the-full-cost-of-intercity-highway-transportation,data/highway_full_cost_model/modernized_xlsx/hwy92_original.xlsx,Prices,column_1,,text,59,Alabama | Alaska | Arizona | Arkansas | California,,,xlsx,medium,Some headers were missing; generated column_N names. Sampled first 60 non-empty rows from worksheet.
paper-1998-04,The Full Cost Of Intercity Highway Transportation,UPLOADED,/Users/dlev2617/Documents/Code/Agents/github-packages/UPLOADED/paper-1998-04-the-full-cost-of-intercity-highway-transportation,data/highway_full_cost_model/modernized_xlsx/hwy92_original.xlsx,Prices,PGOVSAL93,,numeric,51,25028 | 37943 | 24995 | 22793 | 33080,20777,43855,xlsx,medium,Some headers were missing; generated column_N names. Sampled first 60 non-empty rows from worksheet.
paper-1998-04,The Full Cost Of Intercity Highway Transportation,UPLOADED,/Users/dlev2617/Documents/Code/Agents/github-packages/UPLOADED/paper-1998-04-the-full-cost-of-intercity-highway-transportation,data/highway_full_cost_model/modernized_xlsx/hwy92_original.xlsx,Prices,PGOVSAL94,,numeric,51,26376 | 38889 | 25906 | 23336 | 33795,21643,46872,xlsx,medium,Some headers were missing; generated column_N names. Sampled first 60 non-empty rows from worksheet.
paper-1998-04,The Full Cost Of Intercity Highway Transportation,UPLOADED,/Users/dlev2617/Documents/Code/Agents/github-packages/UPLOADED/paper-1998-04-the-full-cost-of-intercity-highway-transportation,data/highway_full_cost_model/modernized_xlsx/hwy92_original.xlsx,Prices,PBITCONC93,,numeric,52,25.49 | 31.89 | 22.42 | 26.28 | 28.79,2.08,65.14,xlsx,medium,Some headers were missing; generated column_N names. Sampled first 60 non-empty rows from worksheet.
paper-1998-04,The Full Cost Of Intercity Highway Transportation,UPLOADED,/Users/dlev2617/Documents/Code/Agents/github-packages/UPLOADED/paper-1998-04-the-full-cost-of-intercity-highway-transportation,data/highway_full_cost_model/modernized_xlsx/hwy92_original.xlsx,Prices,PEXCAV93,,numeric,52,1.6 | 1.89 | 5.21 | 1.31 | 3.15,1.02,18.58,xlsx,medium,Some headers were missing; generated column_N names. Sampled first 60 non-empty rows from worksheet.
paper-1998-04,The Full Cost Of Intercity Highway Transportation,UPLOADED,/Users/dlev2617/Documents/Code/Agents/github-packages/UPLOADED/paper-1998-04-the-full-cost-of-intercity-highway-transportation,data/highway_full_cost_model/modernized_xlsx/hwy92_original.xlsx,Prices,PREINFSTL93,,numeric,52,0.419 | 0.464 | 0.354 | 0.544 | 0.414,0.322,0.811,xlsx,medium,Some headers were missing; generated column_N names. Sampled first 60 non-empty rows from worksheet.
paper-1998-04,The Full Cost Of Intercity Highway Transportation,UPLOADED,/Users/dlev2617/Documents/Code/Agents/github-packages/UPLOADED/paper-1998-04-the-full-cost-of-intercity-highway-transportation,data/highway_full_cost_model/modernized_xlsx/hwy92_original.xlsx,Prices,PSTRUCTSTL93,,numeric,52,0.862 | 1.161 | 1.62 | 0.674 | 1.07,0.47,2.241,xlsx,medium,Some headers were missing; generated column_N names. Sampled first 60 non-empty rows from worksheet.
paper-1998-04,The Full Cost Of Intercity Highway Transportation,UPLOADED,/Users/dlev2617/Documents/Code/Agents/github-packages/UPLOADED/paper-1998-04-the-full-cost-of-intercity-highway-transportation,data/highway_full_cost_model/modernized_xlsx/hwy92_original.xlsx,Prices,PSTRUCCON93,,numeric,52,217.9 | 855.03 | 206.73 | 259.97 | 256.86,93.8,855.03,xlsx,medium,Some headers were missing; generated column_N names. Sampled first 60 non-empty rows from worksheet.
paper-1998-04,The Full Cost Of Intercity Highway Transportation,UPLOADED,/Users/dlev2617/Documents/Code/Agents/github-packages/UPLOADED/paper-1998-04-the-full-cost-of-intercity-highway-transportation,data/highway_full_cost_model/modernized_xlsx/hwy92_original.xlsx,Prices,POP90(THSD),,numeric,52,4089 | 570 | 3750 | 2372 | 30380,460,252181,xlsx,medium,Some headers were missing; generated column_N names. Sampled first 60 non-empty rows from worksheet.
paper-1998-04,The Full Cost Of Intercity Highway Transportation,UPLOADED,/Users/dlev2617/Documents/Code/Agents/github-packages/UPLOADED/paper-1998-04-the-full-cost-of-intercity-highway-transportation,data/highway_full_cost_model/modernized_xlsx/hwy92_original.xlsx,Prices,SQMILES,,numeric,52,52423 | 591004 | 114006 | 53182 | 163707,67,3717528,xlsx,medium,Some headers were missing; generated column_N names. Sampled first 60 non-empty rows from worksheet.
paper-1998-04,The Full Cost Of Intercity Highway Transportation,UPLOADED,/Users/dlev2617/Documents/Code/Agents/github-packages/UPLOADED/paper-1998-04-the-full-cost-of-intercity-highway-transportation,data/highway_full_cost_model/modernized_xlsx/hwy92_original.xlsx,Prices,POPDENS=LAND,,numeric,52,78.0001144535795 | 0.964460477424857 | 32.8930056312826 | 44.6015569177541 | 185.575448820148,0.964460477425,8925.37313433,xlsx,medium,Some headers were missing; generated column_N names. Sampled first 60 non-empty rows from worksheet.
paper-1998-04,The Full Cost Of Intercity Highway Transportation,UPLOADED,/Users/dlev2617/Documents/Code/Agents/github-packages/UPLOADED/paper-1998-04-the-full-cost-of-intercity-highway-transportation,data/highway_full_cost_model/modernized_xlsx/hwy92_original.xlsx,Prices,CAPTOTTOT93,,mixed_numeric_text,52,470232 | 242000 | 480799 | 362332 | 2135323,,,xlsx,medium,Some headers were missing; generated column_N names. Sampled first 60 non-empty rows from worksheet.
paper-1998-04,The Full Cost Of Intercity Highway Transportation,UPLOADED,/Users/dlev2617/Documents/Code/Agents/github-packages/UPLOADED/paper-1998-04-the-full-cost-of-intercity-highway-transportation,data/highway_full_cost_model/modernized_xlsx/hwy92_original.xlsx,Prices,MILTOTTOT93,,numeric,53,92209 | 13849 | 55763 | 77192 | 169201,0,3904721,xlsx,medium,Some headers were missing; generated column_N names. Sampled first 60 non-empty rows from worksheet.
paper-1998-04,The Full Cost Of Intercity Highway Transportation,UPLOADED,/Users/dlev2617/Documents/Code/Agents/github-packages/UPLOADED/paper-1998-04-the-full-cost-of-intercity-highway-transportation,data/highway_full_cost_model/modernized_xlsx/hwy92_original.xlsx,Prices,MILES92,,numeric,52,92201 | 13634 | 55969 | 77162 | 168378,1104,3901715,xlsx,medium,Some headers were missing; generated column_N names. Sampled first 60 non-empty rows from worksheet.
paper-1998-04,The Full Cost Of Intercity Highway Transportation,UPLOADED,/Users/dlev2617/Documents/Code/Agents/github-packages/UPLOADED/paper-1998-04-the-full-cost-of-intercity-highway-transportation,data/highway_full_cost_model/modernized_xlsx/hwy92_original.xlsx,Prices,NETMILES,,numeric,53,8 | 215 | -206 | 30 | 823,-3760,3006,xlsx,medium,Some headers were missing; generated column_N names. Sampled first 60 non-empty rows from worksheet.
paper-1998-04,The Full Cost Of Intercity Highway Transportation,UPLOADED,/Users/dlev2617/Documents/Code/Agents/github-packages/UPLOADED/paper-1998-04-the-full-cost-of-intercity-highway-transportation,data/highway_full_cost_model/modernized_xlsx/hwy92_original.xlsx,Prices,PCAPperMIL93,,mixed_numeric_text,51,58779 | 1125.58139534884 | -2333.97572815534 | 12077.7333333333 | 2594.56014580802,,,xlsx,medium,Some headers were missing; generated column_N names. Sampled first 60 non-empty rows from worksheet.
paper-1998-04,The Full Cost Of Intercity Highway Transportation,UPLOADED,/Users/dlev2617/Documents/Code/Agents/github-packages/UPLOADED/paper-1998-04-the-full-cost-of-intercity-highway-transportation,data/highway_full_cost_model/modernized_xlsx/hwy92_original.xlsx,Prices,BONDRATE (Moody's),,text,51,AA | X | A1 | AA1 | AAA,,,xlsx,medium,Some headers were missing; generated column_N names. Sampled first 60 non-empty rows from worksheet.
paper-1998-04,The Full Cost Of Intercity Highway Transportation,UPLOADED,/Users/dlev2617/Documents/Code/Agents/github-packages/UPLOADED/paper-1998-04-the-full-cost-of-intercity-highway-transportation,data/highway_full_cost_model/modernized_xlsx/hwy92_original.xlsx,TIMESER3,column_1,,text,51,"""",,,xlsx,medium,Some headers were missing; generated column_N names. Sampled first 52 non-empty rows from worksheet.
paper-1998-04,The Full Cost Of Intercity Highway Transportation,UPLOADED,/Users/dlev2617/Documents/Code/Agents/github-packages/UPLOADED/paper-1998-04-the-full-cost-of-intercity-highway-transportation,data/highway_full_cost_model/modernized_xlsx/hwy92_original.xlsx,TIMESER3,STATE,,text,51,ALABAMA | ALASKA | ARIZONA | ARKANSAS | CALIFORNIA,,,xlsx,medium,Some headers were missing; generated column_N names. Sampled first 52 non-empty rows from worksheet.
paper-1998-04,The Full Cost Of Intercity Highway Transportation,UPLOADED,/Users/dlev2617/Documents/Code/Agents/github-packages/UPLOADED/paper-1998-04-the-full-cost-of-intercity-highway-transportation,data/highway_full_cost_model/modernized_xlsx/hwy92_original.xlsx,TIMESER3,column_3,,text,51,"""",,,xlsx,medium,Some headers were missing; generated column_N names. Sampled first 52 non-empty rows from worksheet.
paper-1998-04,The Full Cost Of Intercity Highway Transportation,UPLOADED,/Users/dlev2617/Documents/Code/Agents/github-packages/UPLOADED/paper-1998-04-the-full-cost-of-intercity-highway-transportation,data/highway_full_cost_model/modernized_xlsx/hwy92_original.xlsx,TIMESER3,YEAR,,numeric,51,1988 | 0,0,1988,xlsx,medium,Some headers were missing; generated column_N names. Sampled first 52 non-empty rows from worksheet.
paper-1998-04,The Full Cost Of Intercity Highway Transportation,UPLOADED,/Users/dlev2617/Documents/Code/Agents/github-packages/UPLOADED/paper-1998-04-the-full-cost-of-intercity-highway-transportation,data/highway_full_cost_model/modernized_xlsx/hwy92_original.xlsx,TIMESER3,HIGHWAY,,numeric,51,8905.74 | 0 | 7955.02 | 4829.36 | 42835.42,0,42835.42,xlsx,medium,Some headers were missing; generated column_N names. Sampled first 52 non-empty rows from worksheet.
paper-1998-04,The Full Cost Of Intercity Highway Transportation,UPLOADED,/Users/dlev2617/Documents/Code/Agents/github-packages/UPLOADED/paper-1998-04-the-full-cost-of-intercity-highway-transportation,data/highway_full_cost_model/modernized_xlsx/hwy92_original.xlsx,TIMESER3,GSP,,numeric,51,53547 | 0 | 50630 | 29802 | 528674,0,528674,xlsx,medium,Some headers were missing; generated column_N names. Sampled first 52 non-empty rows from worksheet.
paper-1998-04,The Full Cost Of Intercity Highway Transportation,UPLOADED,/Users/dlev2617/Documents/Code/Agents/github-packages/UPLOADED/paper-1998-04-the-full-cost-of-intercity-highway-transportation,data/highway_full_cost_model/modernized_xlsx/hwy92_original.xlsx,TIMESER3,TOTPUB,,numeric,51,20204.46 | 0 | 23693.97 | 10411.96 | 145321.6,0,145321.6,xlsx,medium,Some headers were missing; generated column_N names. Sampled first 52 non-empty rows from worksheet.
paper-1998-04,The Full Cost Of Intercity Highway Transportation,UPLOADED,/Users/dlev2617/Documents/Code/Agents/github-packages/UPLOADED/paper-1998-04-the-full-cost-of-intercity-highway-transportation,data/highway_full_cost_model/modernized_xlsx/hwy92_original.xlsx,TIMESER3,PVTCAP,,numeric,51,66008.17 | 0 | 48932.84 | 34924.26 | 400653.1,0,400653.1,xlsx,medium,Some headers were missing; generated column_N names. Sampled first 52 non-empty rows from worksheet.
paper-1998-04,The Full Cost Of Intercity Highway Transportation,UPLOADED,/Users/dlev2617/Documents/Code/Agents/github-packages/UPLOADED/paper-1998-04-the-full-cost-of-intercity-highway-transportation,data/highway_full_cost_model/modernized_xlsx/hwy92_original.xlsx,TIMESER3,AREA,,numeric,51,52423 | 0 | 114006 | 53182 | 163707,0,268601,xlsx,medium,Some headers were missing; generated column_N names. Sampled first 52 non-empty rows from worksheet.
paper-1998-04,The Full Cost Of Intercity Highway Transportation,UPLOADED,/Users/dlev2617/Documents/Code/Agents/github-packages/UPLOADED/paper-1998-04-the-full-cost-of-intercity-highway-transportation,data/highway_full_cost_model/modernized_xlsx/hwy92_original.xlsx,TIMESER3,ROW,,numeric,51,41714000 | 0 | 216000000 | 11366000 | 244000000,0,247000000,xlsx,medium,Some headers were missing; generated column_N names. Sampled first 52 non-empty rows from worksheet.
paper-1998-04,The Full Cost Of Intercity Highway Transportation,UPLOADED,/Users/dlev2617/Documents/Code/Agents/github-packages/UPLOADED/paper-1998-04-the-full-cost-of-intercity-highway-transportation,data/highway_full_cost_model/modernized_xlsx/hwy92_original.xlsx,TIMESER3,TCAP,,numeric,51,470000000 | 0 | 1070000000 | 307000000 | 2220000000,0,2980000000,xlsx,medium,Some headers were missing; generated column_N names. Sampled first 52 non-empty rows from worksheet.
paper-1998-04,The Full Cost Of Intercity Highway Transportation,UPLOADED,/Users/dlev2617/Documents/Code/Agents/github-packages/UPLOADED/paper-1998-04-the-full-cost-of-intercity-highway-transportation,data/highway_full_cost_model/modernized_xlsx/hwy92_original.xlsx,TIMESER3,TMANT,,numeric,51,342000000 | 0 | 199000000 | 197000000 | 1560000000,0,1740000000,xlsx,medium,Some headers were missing; generated column_N names. Sampled first 52 non-empty rows from worksheet.
paper-1998-04,The Full Cost Of Intercity Highway Transportation,UPLOADED,/Users/dlev2617/Documents/Code/Agents/github-packages/UPLOADED/paper-1998-04-the-full-cost-of-intercity-highway-transportation,data/highway_full_cost_model/modernized_xlsx/hwy92_original.xlsx,Master,column_1,,text,51,"""",,,xlsx,medium,Some headers were missing; generated column_N names. Sampled first 52 non-empty rows from worksheet.
paper-1998-04,The Full Cost Of Intercity Highway Transportation,UPLOADED,/Users/dlev2617/Documents/Code/Agents/github-packages/UPLOADED/paper-1998-04-the-full-cost-of-intercity-highway-transportation,data/highway_full_cost_model/modernized_xlsx/hwy92_original.xlsx,Master,STATE,,text,51,ALABAMA | ALASKA | ARIZONA | ARKANSAS | CALIFORNIA,,,xlsx,medium,Some headers were missing; generated column_N names. Sampled first 52 non-empty rows from worksheet.
paper-1998-04,The Full Cost Of Intercity Highway Transportation,UPLOADED,/Users/dlev2617/Documents/Code/Agents/github-packages/UPLOADED/paper-1998-04-the-full-cost-of-intercity-highway-transportation,data/highway_full_cost_model/modernized_xlsx/hwy92_original.xlsx,Master,column_3,,text,51,"""",,,xlsx,medium,Some headers were missing; generated column_N names. Sampled first 52 non-empty rows from worksheet.
paper-1998-04,The Full Cost Of Intercity Highway Transportation,UPLOADED,/Users/dlev2617/Documents/Code/Agents/github-packages/UPLOADED/paper-1998-04-the-full-cost-of-intercity-highway-transportation,data/highway_full_cost_model/modernized_xlsx/hwy92_original.xlsx,Master,YEAR,,numeric,51,1988 | 0,0,1988,xlsx,medium,Some headers were missing; generated column_N names. Sampled first 52 non-empty rows from worksheet.
paper-1998-04,The Full Cost Of Intercity Highway Transportation,UPLOADED,/Users/dlev2617/Documents/Code/Agents/github-packages/UPLOADED/paper-1998-04-the-full-cost-of-intercity-highway-transportation,data/highway_full_cost_model/modernized_xlsx/hwy92_original.xlsx,Master,HIGHWAY,,numeric,51,8905.74 | 0 | 7955.02 | 4829.36 | 42835.42,0,42835.42,xlsx,medium,Some headers were missing; generated column_N names. Sampled first 52 non-empty rows from worksheet.
paper-1998-04,The Full Cost Of Intercity Highway Transportation,UPLOADED,/Users/dlev2617/Documents/Code/Agents/github-packages/UPLOADED/paper-1998-04-the-full-cost-of-intercity-highway-transportation,data/highway_full_cost_model/modernized_xlsx/hwy92_original.xlsx,Master,GSP,,numeric,51,53547 | 0 | 50630 | 29802 | 528674,0,528674,xlsx,medium,Some headers were missing; generated column_N names. Sampled first 52 non-empty rows from worksheet.
paper-1998-04,The Full Cost Of Intercity Highway Transportation,UPLOADED,/Users/dlev2617/Documents/Code/Agents/github-packages/UPLOADED/paper-1998-04-the-full-cost-of-intercity-highway-transportation,data/highway_full_cost_model/modernized_xlsx/hwy92_original.xlsx,Master,TOTPUB,,numeric,51,20204.46 | 0 | 23693.97 | 10411.96 | 145321.6,0,145321.6,xlsx,medium,Some headers were missing; generated column_N names. Sampled first 52 non-empty rows from worksheet.
paper-1998-04,The Full Cost Of Intercity Highway Transportation,UPLOADED,/Users/dlev2617/Documents/Code/Agents/github-packages/UPLOADED/paper-1998-04-the-full-cost-of-intercity-highway-transportation,data/highway_full_cost_model/modernized_xlsx/hwy92_original.xlsx,Master,PVTCAP,,numeric,51,66008.17 | 0 | 48932.84 | 34924.26 | 400653.1,0,400653.1,xlsx,medium,Some headers were missing; generated column_N names. Sampled first 52 non-empty rows from worksheet.
paper-1998-04,The Full Cost Of Intercity Highway Transportation,UPLOADED,/Users/dlev2617/Documents/Code/Agents/github-packages/UPLOADED/paper-1998-04-the-full-cost-of-intercity-highway-transportation,data/highway_full_cost_model/modernized_xlsx/hwy92_original.xlsx,Master,AREA,,numeric,51,52423 | 0 | 114006 | 53182 | 163707,0,268601,xlsx,medium,Some headers were missing; generated column_N names. Sampled first 52 non-empty rows from worksheet.
paper-1998-04,The Full Cost Of Intercity Highway Transportation,UPLOADED,/Users/dlev2617/Documents/Code/Agents/github-packages/UPLOADED/paper-1998-04-the-full-cost-of-intercity-highway-transportation,data/highway_full_cost_model/modernized_xlsx/hwy92_original.xlsx,Master,ROW,,numeric,51,41714000 | 0 | 216000000 | 11366000 | 244000000,0,247000000,xlsx,medium,Some headers were missing; generated column_N names. Sampled first 52 non-empty rows from worksheet.
paper-1998-04,The Full Cost Of Intercity Highway Transportation,UPLOADED,/Users/dlev2617/Documents/Code/Agents/github-packages/UPLOADED/paper-1998-04-the-full-cost-of-intercity-highway-transportation,data/highway_full_cost_model/modernized_xlsx/hwy92_original.xlsx,Master,TCAP,,numeric,51,470000000 | 0 | 1070000000 | 307000000 | 2220000000,0,2980000000,xlsx,medium,Some headers were missing; generated column_N names. Sampled first 52 non-empty rows from worksheet.
paper-1998-04,The Full Cost Of Intercity Highway Transportation,UPLOADED,/Users/dlev2617/Documents/Code/Agents/github-packages/UPLOADED/paper-1998-04-the-full-cost-of-intercity-highway-transportation,data/highway_full_cost_model/modernized_xlsx/hwy92_original.xlsx,Master,TMANT,,numeric,51,342000000 | 0 | 199000000 | 197000000 | 1560000000,0,1740000000,xlsx,medium,Some headers were missing; generated column_N names. Sampled first 52 non-empty rows from worksheet.
paper-1998-04,The Full Cost Of Intercity Highway Transportation,UPLOADED,/Users/dlev2617/Documents/Code/Agents/github-packages/UPLOADED/paper-1998-04-the-full-cost-of-intercity-highway-transportation,data/highway_full_cost_model/modernized_xlsx/hwy92_original.xlsx,Master,CAPURBINT,,mixed_numeric_text,51,125348 | 35459 | 48078 | 6623 | 513828,,,xlsx,medium,Some headers were missing; generated column_N names. Sampled first 52 non-empty rows from worksheet.
paper-1998-04,The Full Cost Of Intercity Highway Transportation,UPLOADED,/Users/dlev2617/Documents/Code/Agents/github-packages/UPLOADED/paper-1998-04-the-full-cost-of-intercity-highway-transportation,data/highway_full_cost_model/modernized_xlsx/hwy92_original.xlsx,Master,CAPURBLOC,,mixed_numeric_text,51,77005 | 71217 | 229257 | 132474 | 881208,,,xlsx,medium,Some headers were missing; generated column_N names. Sampled first 52 non-empty rows from worksheet.
paper-1998-04,The Full Cost Of Intercity Highway Transportation,UPLOADED,/Users/dlev2617/Documents/Code/Agents/github-packages/UPLOADED/paper-1998-04-the-full-cost-of-intercity-highway-transportation,data/highway_full_cost_model/modernized_xlsx/hwy92_original.xlsx,Master,CAPURBTOT,,mixed_numeric_text,51,202353 | 106676 | 277335 | 139097 | 1395036,,,xlsx,medium,Some headers were missing; generated column_N names. Sampled first 52 non-empty rows from worksheet.
paper-1998-04,The Full Cost Of Intercity Highway Transportation,UPLOADED,/Users/dlev2617/Documents/Code/Agents/github-packages/UPLOADED/paper-1998-04-the-full-cost-of-intercity-highway-transportation,data/highway_full_cost_model/modernized_xlsx/hwy92_original.xlsx,Master,MNTURBINT,,mixed_numeric_text,51,7008 | 1369 | #VALUE! | 1387 | 51921,,,xlsx,medium,Some headers were missing; generated column_N names. Sampled first 52 non-empty rows from worksheet.
paper-1998-04,The Full Cost Of Intercity Highway Transportation,UPLOADED,/Users/dlev2617/Documents/Code/Agents/github-packages/UPLOADED/paper-1998-04-the-full-cost-of-intercity-highway-transportation,data/highway_full_cost_model/modernized_xlsx/hwy92_original.xlsx,Master,MNTURBLOC,,mixed_numeric_text,51,87510 | 19907 | #VALUE! | 24221 | 80647,,,xlsx,medium,Some headers were missing; generated column_N names. Sampled first 52 non-empty rows from worksheet.
paper-1998-04,The Full Cost Of Intercity Highway Transportation,UPLOADED,/Users/dlev2617/Documents/Code/Agents/github-packages/UPLOADED/paper-1998-04-the-full-cost-of-intercity-highway-transportation,data/highway_full_cost_model/modernized_xlsx/hwy92_original.xlsx,Master,MNTURBTOT,,mixed_numeric_text,51,94518 | 21276 | #VALUE! | 25608 | 132568,,,xlsx,medium,Some headers were missing; generated column_N names. Sampled first 52 non-empty rows from worksheet.
paper-1998-04,The Full Cost Of Intercity Highway Transportation,UPLOADED,/Users/dlev2617/Documents/Code/Agents/github-packages/UPLOADED/paper-1998-04-the-full-cost-of-intercity-highway-transportation,data/highway_full_cost_model/modernized_xlsx/hwy92_original.xlsx,Master,CAPRURINT,,mixed_numeric_text,51,29484 | 50659 | 66574 | 26357 | 61578,,,xlsx,medium,Some headers were missing; generated column_N names. Sampled first 52 non-empty rows from worksheet.
paper-1998-04,The Full Cost Of Intercity Highway Transportation,UPLOADED,/Users/dlev2617/Documents/Code/Agents/github-packages/UPLOADED/paper-1998-04-the-full-cost-of-intercity-highway-transportation,data/highway_full_cost_model/modernized_xlsx/hwy92_original.xlsx,Master,CAPRURLOC,,mixed_numeric_text,51,238395 | 84665 | 136890 | 196878 | 678709,,,xlsx,medium,Some headers were missing; generated column_N names. Sampled first 52 non-empty rows from worksheet.
paper-1998-04,The Full Cost Of Intercity Highway Transportation,UPLOADED,/Users/dlev2617/Documents/Code/Agents/github-packages/UPLOADED/paper-1998-04-the-full-cost-of-intercity-highway-transportation,data/highway_full_cost_model/modernized_xlsx/hwy92_original.xlsx,Master,CAPRURTOT,,mixed_numeric_text,51,267879 | 135324 | 203464 | 223235 | 740287,,,xlsx,medium,Some headers were missing; generated column_N names. Sampled first 52 non-empty rows from worksheet.
paper-1998-04,The Full Cost Of Intercity Highway Transportation,UPLOADED,/Users/dlev2617/Documents/Code/Agents/github-packages/UPLOADED/paper-1998-04-the-full-cost-of-intercity-highway-transportation,data/highway_full_cost_model/modernized_xlsx/hwy92_original.xlsx,Master,MNTRURINT,,mixed_numeric_text,51,7412 | 3744 | NA | 7154 | 44901,,,xlsx,medium,Some headers were missing; generated column_N names. Sampled first 52 non-empty rows from worksheet.
paper-1998-04,The Full Cost Of Intercity Highway Transportation,UPLOADED,/Users/dlev2617/Documents/Code/Agents/github-packages/UPLOADED/paper-1998-04-the-full-cost-of-intercity-highway-transportation,data/highway_full_cost_model/modernized_xlsx/hwy92_original.xlsx,Master,MNTRURLOC,,mixed_numeric_text,51,55938 | 8380 | #VALUE! | 60650 | 164991,,,xlsx,medium,Some headers were missing; generated column_N names. Sampled first 52 non-empty rows from worksheet.
paper-1998-04,The Full Cost Of Intercity Highway Transportation,UPLOADED,/Users/dlev2617/Documents/Code/Agents/github-packages/UPLOADED/paper-1998-04-the-full-cost-of-intercity-highway-transportation,data/highway_full_cost_model/modernized_xlsx/hwy92_original.xlsx,Master,MNTRURTOT,,mixed_numeric_text,51,63350 | 12124 | NA | 67804 | 209892,,,xlsx,medium,Some headers were missing; generated column_N names. Sampled first 52 non-empty rows from worksheet.
paper-1998-04,The Full Cost Of Intercity Highway Transportation,UPLOADED,/Users/dlev2617/Documents/Code/Agents/github-packages/UPLOADED/paper-1998-04-the-full-cost-of-intercity-highway-transportation,data/highway_full_cost_model/modernized_xlsx/hwy92_original.xlsx,Master,CAPTOTINT,,mixed_numeric_text,51,154832 | 86118 | 114652 | 32980 | 575406,,,xlsx,medium,Some headers were missing; generated column_N names. Sampled first 52 non-empty rows from worksheet.
paper-1998-04,The Full Cost Of Intercity Highway Transportation,UPLOADED,/Users/dlev2617/Documents/Code/Agents/github-packages/UPLOADED/paper-1998-04-the-full-cost-of-intercity-highway-transportation,data/highway_full_cost_model/modernized_xlsx/hwy92_original.xlsx,Master,CAPTOTLOC,,mixed_numeric_text,51,315400 | 155882 | 366147 | 329352 | 1559917,,,xlsx,medium,Some headers were missing; generated column_N names. Sampled first 52 non-empty rows from worksheet.
paper-1998-04,The Full Cost Of Intercity Highway Transportation,UPLOADED,/Users/dlev2617/Documents/Code/Agents/github-packages/UPLOADED/paper-1998-04-the-full-cost-of-intercity-highway-transportation,data/highway_full_cost_model/modernized_xlsx/hwy92_original.xlsx,Master,CAPTOTTOT,,mixed_numeric_text,51,470232 | 242000 | 480799 | 362332 | 2135323,,,xlsx,medium,Some headers were missing; generated column_N names. Sampled first 52 non-empty rows from worksheet.
paper-1998-04,The Full Cost Of Intercity Highway Transportation,UPLOADED,/Users/dlev2617/Documents/Code/Agents/github-packages/UPLOADED/paper-1998-04-the-full-cost-of-intercity-highway-transportation,data/highway_full_cost_model/modernized_xlsx/hwy92_original.xlsx,Master,MNTTOTINT,,mixed_numeric_text,51,14420 | 5113 | NA | 8541 | 96822,,,xlsx,medium,Some headers were missing; generated column_N names. Sampled first 52 non-empty rows from worksheet.
paper-1998-04,The Full Cost Of Intercity Highway Transportation,UPLOADED,/Users/dlev2617/Documents/Code/Agents/github-packages/UPLOADED/paper-1998-04-the-full-cost-of-intercity-highway-transportation,data/highway_full_cost_model/modernized_xlsx/hwy92_original.xlsx,Master,MNTTOTLOC,,mixed_numeric_text,51,143448 | 28287 | #VALUE! | 84871 | 245638,,,xlsx,medium,Some headers were missing; generated column_N names. Sampled first 52 non-empty rows from worksheet.
paper-1998-04,The Full Cost Of Intercity Highway Transportation,UPLOADED,/Users/dlev2617/Documents/Code/Agents/github-packages/UPLOADED/paper-1998-04-the-full-cost-of-intercity-highway-transportation,data/highway_full_cost_model/modernized_xlsx/hwy92_original.xlsx,Master,MNTTOTTOT,,mixed_numeric_text,51,157868 | 33400 | 68839 | 93412 | 342460,,,xlsx,medium,Some headers were missing; generated column_N names. Sampled first 52 non-empty rows from worksheet.
paper-1998-04,The Full Cost Of Intercity Highway Transportation,UPLOADED,/Users/dlev2617/Documents/Code/Agents/github-packages/UPLOADED/paper-1998-04-the-full-cost-of-intercity-highway-transportation,data/highway_full_cost_model/modernized_xlsx/hwy92_original.xlsx,Master,MILRURINT,,numeric,51,602 | 1003 | 987 | 412 | 1356,0,2203,xlsx,medium,Some headers were missing; generated column_N names. Sampled first 52 non-empty rows from worksheet.
paper-1998-04,The Full Cost Of Intercity Highway Transportation,UPLOADED,/Users/dlev2617/Documents/Code/Agents/github-packages/UPLOADED/paper-1998-04-the-full-cost-of-intercity-highway-transportation,data/highway_full_cost_model/modernized_xlsx/hwy92_original.xlsx,Master,MILRURLOC,,numeric,51,72226 | 11104 | 38436 | 69185 | 86784,0,212807,xlsx,medium,Some headers were missing; generated column_N names. Sampled first 52 non-empty rows from worksheet.
paper-1998-04,The Full Cost Of Intercity Highway Transportation,UPLOADED,/Users/dlev2617/Documents/Code/Agents/github-packages/UPLOADED/paper-1998-04-the-full-cost-of-intercity-highway-transportation,data/highway_full_cost_model/modernized_xlsx/hwy92_original.xlsx,Master,MILRURTOT,,numeric,51,72828 | 12107 | 39423 | 69597 | 88140,0,215010,xlsx,medium,Some headers were missing; generated column_N names. Sampled first 52 non-empty rows from worksheet.
paper-1998-04,The Full Cost Of Intercity Highway Transportation,UPLOADED,/Users/dlev2617/Documents/Code/Agents/github-packages/UPLOADED/paper-1998-04-the-full-cost-of-intercity-highway-transportation,data/highway_full_cost_model/modernized_xlsx/hwy92_original.xlsx,Master,MILURBINT,,numeric,51,297 | 54 | 202 | 131 | 1067,14,1067,xlsx,medium,Some headers were missing; generated column_N names. Sampled first 52 non-empty rows from worksheet.
paper-1998-04,The Full Cost Of Intercity Highway Transportation,UPLOADED,/Users/dlev2617/Documents/Code/Agents/github-packages/UPLOADED/paper-1998-04-the-full-cost-of-intercity-highway-transportation,data/highway_full_cost_model/modernized_xlsx/hwy92_original.xlsx,Master,MILURBFWY,,numeric,51,21 | 0 | 70 | 94 | 1393,0,1393,xlsx,medium,Some headers were missing; generated column_N names. Sampled first 52 non-empty rows from worksheet.
paper-1998-04,The Full Cost Of Intercity Highway Transportation,UPLOADED,/Users/dlev2617/Documents/Code/Agents/github-packages/UPLOADED/paper-1998-04-the-full-cost-of-intercity-highway-transportation,data/highway_full_cost_model/modernized_xlsx/hwy92_original.xlsx,Master,MILURBLOC,,numeric,51,19063 | 1688 | 16068 | 7370 | 78601,1074,78601,xlsx,medium,Some headers were missing; generated column_N names. Sampled first 52 non-empty rows from worksheet.
paper-1998-04,The Full Cost Of Intercity Highway Transportation,UPLOADED,/Users/dlev2617/Documents/Code/Agents/github-packages/UPLOADED/paper-1998-04-the-full-cost-of-intercity-highway-transportation,data/highway_full_cost_model/modernized_xlsx/hwy92_original.xlsx,Master,MILURBTOT,,numeric,51,19381 | 1742 | 16340 | 7595 | 81061,1107,81061,xlsx,medium,Some headers were missing; generated column_N names. Sampled first 52 non-empty rows from worksheet.
paper-1998-04,The Full Cost Of Intercity Highway Transportation,UPLOADED,/Users/dlev2617/Documents/Code/Agents/github-packages/UPLOADED/paper-1998-04-the-full-cost-of-intercity-highway-transportation,data/highway_full_cost_model/modernized_xlsx/hwy92_original.xlsx,Master,MILTOTTOT,,numeric,51,92209 | 13849 | 55763 | 77192 | 169201,1107,294142,xlsx,medium,Some headers were missing; generated column_N names. Sampled first 52 non-empty rows from worksheet.
paper-1998-04,The Full Cost Of Intercity Highway Transportation,UPLOADED,/Users/dlev2617/Documents/Code/Agents/github-packages/UPLOADED/paper-1998-04-the-full-cost-of-intercity-highway-transportation,data/highway_full_cost_model/modernized_xlsx/hwy92_original.xlsx,Master,URBMIL+4,,numeric,51,43 | 10 | 54 | 45 | 940,0,940,xlsx,medium,Some headers were missing; generated column_N names. Sampled first 52 non-empty rows from worksheet.
paper-1998-04,The Full Cost Of Intercity Highway Transportation,UPLOADED,/Users/dlev2617/Documents/Code/Agents/github-packages/UPLOADED/paper-1998-04-the-full-cost-of-intercity-highway-transportation,data/highway_full_cost_model/modernized_xlsx/hwy92_original.xlsx,Master,URBMIL-4,,numeric,51,254 | 44 | 148 | 86 | 127,4,514,xlsx,medium,Some headers were missing; generated column_N names. Sampled first 52 non-empty rows from worksheet.
paper-1998-04,The Full Cost Of Intercity Highway Transportation,UPLOADED,/Users/dlev2617/Documents/Code/Agents/github-packages/UPLOADED/paper-1998-04-the-full-cost-of-intercity-highway-transportation,data/highway_full_cost_model/modernized_xlsx/hwy92_original.xlsx,Master,RURMIL+4,,numeric,51,0 | 3 | 286 | 21 | 22,0,286,xlsx,medium,Some headers were missing; generated column_N names. Sampled first 52 non-empty rows from worksheet.
paper-1998-04,The Full Cost Of Intercity Highway Transportation,UPLOADED,/Users/dlev2617/Documents/Code/Agents/github-packages/UPLOADED/paper-1998-04-the-full-cost-of-intercity-highway-transportation,data/highway_full_cost_model/modernized_xlsx/hwy92_original.xlsx,Master,RURMIL-4,,numeric,51,602 | 1003 | 987 | 409 | 1070,0,2158,xlsx,medium,Some headers were missing; generated column_N names. Sampled first 52 non-empty rows from worksheet.
paper-1998-04,The Full Cost Of Intercity Highway Transportation,UPLOADED,/Users/dlev2617/Documents/Code/Agents/github-packages/UPLOADED/paper-1998-04-the-full-cost-of-intercity-highway-transportation,data/highway_full_cost_model/modernized_xlsx/hwy92_original.xlsx,Master,RURPASSVEH,,numeric,51,56 | 57.9 | 57.7 | 56.5 | 69.3,41.2,100,xlsx,medium,Some headers were missing; generated column_N names. Sampled first 52 non-empty rows from worksheet.
paper-1998-04,The Full Cost Of Intercity Highway Transportation,UPLOADED,/Users/dlev2617/Documents/Code/Agents/github-packages/UPLOADED/paper-1998-04-the-full-cost-of-intercity-highway-transportation,data/highway_full_cost_model/modernized_xlsx/hwy92_original.xlsx,Master,RURTRUSING,,numeric,51,16.9 | 39.7 | 26 | 13.4 | 17.2,0,39.7,xlsx,medium,Some headers were missing; generated column_N names. Sampled first 52 non-empty rows from worksheet.
paper-1998-04,The Full Cost Of Intercity Highway Transportation,UPLOADED,/Users/dlev2617/Documents/Code/Agents/github-packages/UPLOADED/paper-1998-04-the-full-cost-of-intercity-highway-transportation,data/highway_full_cost_model/modernized_xlsx/hwy92_original.xlsx,Master,RURTRUCOM,,numeric,51,27.1 | 2.4 | 16.3 | 30.1 | 13.5,0,34.4,xlsx,medium,Some headers were missing; generated column_N names. Sampled first 52 non-empty rows from worksheet.
paper-1998-04,The Full Cost Of Intercity Highway Transportation,UPLOADED,/Users/dlev2617/Documents/Code/Agents/github-packages/UPLOADED/paper-1998-04-the-full-cost-of-intercity-highway-transportation,data/highway_full_cost_model/modernized_xlsx/hwy92_original.xlsx,Master,URBPASSVEH,,numeric,51,72.7 | 85.1 | 58.7 | 68.8 | 86.2,55.1,811,xlsx,medium,Some headers were missing; generated column_N names. Sampled first 52 non-empty rows from worksheet.
paper-1998-04,The Full Cost Of Intercity Highway Transportation,UPLOADED,/Users/dlev2617/Documents/Code/Agents/github-packages/UPLOADED/paper-1998-04-the-full-cost-of-intercity-highway-transportation,data/highway_full_cost_model/modernized_xlsx/hwy92_original.xlsx,Master,URBTRUSING,,numeric,51,14.3 | 14.2 | 33.2 | 14.8 | 11,2.6,34.7,xlsx,medium,Some headers were missing; generated column_N names. Sampled first 52 non-empty rows from worksheet.
paper-1998-04,The Full Cost Of Intercity Highway Transportation,UPLOADED,/Users/dlev2617/Documents/Code/Agents/github-packages/UPLOADED/paper-1998-04-the-full-cost-of-intercity-highway-transportation,data/highway_full_cost_model/modernized_xlsx/hwy92_original.xlsx,Master,URBTRUCOMB,,numeric,51,13 | 0.700000000000006 | 8.09999999999999 | 16.4 | 2.8,0.3,19.3,xlsx,medium,Some headers were missing; generated column_N names. Sampled first 52 non-empty rows from worksheet.
paper-1998-04,The Full Cost Of Intercity Highway Transportation,UPLOADED,/Users/dlev2617/Documents/Code/Agents/github-packages/UPLOADED/paper-1998-04-the-full-cost-of-intercity-highway-transportation,data/highway_full_cost_model/modernized_xlsx/hwy92_original.xlsx,Master,ALASKA,,boolean_or_indicator,51,0 | 1,,,xlsx,medium,Some headers were missing; generated column_N names. Sampled first 52 non-empty rows from worksheet.
paper-1998-04,The Full Cost Of Intercity Highway Transportation,UPLOADED,/Users/dlev2617/Documents/Code/Agents/github-packages/UPLOADED/paper-1998-04-the-full-cost-of-intercity-highway-transportation,data/highway_full_cost_model/modernized_xlsx/hwy92_original.xlsx,Master,NEWYORK,,boolean_or_indicator,51,0 | 1,,,xlsx,medium,Some headers were missing; generated column_N names. Sampled first 52 non-empty rows from worksheet.
paper-1998-04,The Full Cost Of Intercity Highway Transportation,UPLOADED,/Users/dlev2617/Documents/Code/Agents/github-packages/UPLOADED/paper-1998-04-the-full-cost-of-intercity-highway-transportation,data/highway_full_cost_model/modernized_xlsx/hwy92_original.xlsx,Master,CALIFORNIA,,boolean_or_indicator,51,0 | 1,,,xlsx,medium,Some headers were missing; generated column_N names. Sampled first 52 non-empty rows from worksheet.
paper-1998-04,The Full Cost Of Intercity Highway Transportation,UPLOADED,/Users/dlev2617/Documents/Code/Agents/github-packages/UPLOADED/paper-1998-04-the-full-cost-of-intercity-highway-transportation,data/highway_full_cost_model/modernized_xlsx/hwy92_original.xlsx,Master,SOUTHEAST,,boolean_or_indicator,51,1 | 0,,,xlsx,medium,Some headers were missing; generated column_N names. Sampled first 52 non-empty rows from worksheet.
paper-1998-04,The Full Cost Of Intercity Highway Transportation,UPLOADED,/Users/dlev2617/Documents/Code/Agents/github-packages/UPLOADED/paper-1998-04-the-full-cost-of-intercity-highway-transportation,data/highway_full_cost_model/modernized_xlsx/hwy92_original.xlsx,Master,MIDWEST,,boolean_or_indicator,51,0 | 1,,,xlsx,medium,Some headers were missing; generated column_N names. Sampled first 52 non-empty rows from worksheet.
paper-1998-04,The Full Cost Of Intercity Highway Transportation,UPLOADED,/Users/dlev2617/Documents/Code/Agents/github-packages/UPLOADED/paper-1998-04-the-full-cost-of-intercity-highway-transportation,data/highway_full_cost_model/modernized_xlsx/hwy92_original.xlsx,Master,NORTHEAST,,boolean_or_indicator,51,0 | 1,,,xlsx,medium,Some headers were missing; generated column_N names. Sampled first 52 non-empty rows from worksheet.
paper-1998-04,The Full Cost Of Intercity Highway Transportation,UPLOADED,/Users/dlev2617/Documents/Code/Agents/github-packages/UPLOADED/paper-1998-04-the-full-cost-of-intercity-highway-transportation,data/highway_full_cost_model/modernized_xlsx/hwy92_original.xlsx,Master,VMTRURINT,,numeric,51,4442 | 677 | 5110 | 3140 | 14322,0,14322,xlsx,medium,Some headers were missing; generated column_N names. Sampled first 52 non-empty rows from worksheet.
paper-1998-04,The Full Cost Of Intercity Highway Transportation,UPLOADED,/Users/dlev2617/Documents/Code/Agents/github-packages/UPLOADED/paper-1998-04-the-full-cost-of-intercity-highway-transportation,data/highway_full_cost_model/modernized_xlsx/hwy92_original.xlsx,Master,VMTRURLOC,,numeric,51,18361 | 1328 | 8678 | 11908 | 37875,0,44556,xlsx,medium,Some headers were missing; generated column_N names. Sampled first 52 non-empty rows from worksheet.
paper-1998-04,The Full Cost Of Intercity Highway Transportation,UPLOADED,/Users/dlev2617/Documents/Code/Agents/github-packages/UPLOADED/paper-1998-04-the-full-cost-of-intercity-highway-transportation,data/highway_full_cost_model/modernized_xlsx/hwy92_original.xlsx,Master,VMTRURTOT,,numeric,51,22803 | 2005 | 13788 | 15048 | 52197,0,57168,xlsx,medium,Some headers were missing; generated column_N names. Sampled first 52 non-empty rows from worksheet.
paper-1998-04,The Full Cost Of Intercity Highway Transportation,UPLOADED,/Users/dlev2617/Documents/Code/Agents/github-packages/UPLOADED/paper-1998-04-the-full-cost-of-intercity-highway-transportation,data/highway_full_cost_model/modernized_xlsx/hwy92_original.xlsx,Master,VMTURBINT,,numeric,51,4208 | 450 | 3003 | 1758 | 52566,184,52566,xlsx,medium,Some headers were missing; generated column_N names. Sampled first 52 non-empty rows from worksheet.
paper-1998-04,The Full Cost Of Intercity Highway Transportation,UPLOADED,/Users/dlev2617/Documents/Code/Agents/github-packages/UPLOADED/paper-1998-04-the-full-cost-of-intercity-highway-transportation,data/highway_full_cost_model/modernized_xlsx/hwy92_original.xlsx,Master,VMTURBFWY,,numeric,51,326 | 0 | 1344 | 717 | 42332,0,42332,xlsx,medium,Some headers were missing; generated column_N names. Sampled first 52 non-empty rows from worksheet.
paper-1998-04,The Full Cost Of Intercity Highway Transportation,UPLOADED,/Users/dlev2617/Documents/Code/Agents/github-packages/UPLOADED/paper-1998-04-the-full-cost-of-intercity-highway-transportation,data/highway_full_cost_model/modernized_xlsx/hwy92_original.xlsx,Master,VMTURBLOC,,numeric,51,18425 | 1386 | 16912 | 5558 | 115453,1294,115453,xlsx,medium,Some headers were missing; generated column_N names. Sampled first 52 non-empty rows from worksheet.
paper-1998-04,The Full Cost Of Intercity Highway Transportation,UPLOADED,/Users/dlev2617/Documents/Code/Agents/github-packages/UPLOADED/paper-1998-04-the-full-cost-of-intercity-highway-transportation,data/highway_full_cost_model/modernized_xlsx/hwy92_original.xlsx,Master,VMTURBTOT,,numeric,51,22959 | 1836 | 21259 | 8033 | 210351,1540,210351,xlsx,medium,Some headers were missing; generated column_N names. Sampled first 52 non-empty rows from worksheet.
paper-1998-04,The Full Cost Of Intercity Highway Transportation,UPLOADED,/Users/dlev2617/Documents/Code/Agents/github-packages/UPLOADED/paper-1998-04-the-full-cost-of-intercity-highway-transportation,data/highway_full_cost_model/modernized_xlsx/hwy92_original.xlsx,Master,CSTADMHWY,,numeric,51,372518 | 213000 | 488274 | 325826 | 2089004,0,2089004,xlsx,medium,Some headers were missing; generated column_N names. Sampled first 52 non-empty rows from worksheet.
paper-1998-04,The Full Cost Of Intercity Highway Transportation,UPLOADED,/Users/dlev2617/Documents/Code/Agents/github-packages/UPLOADED/paper-1998-04-the-full-cost-of-intercity-highway-transportation,data/highway_full_cost_model/modernized_xlsx/hwy92_original.xlsx,Master,CLOCADMRD,,numeric,51,42839 | 60888 | 205236 | 72239 | 1700434,3375,1700434,xlsx,medium,Some headers were missing; generated column_N names. Sampled first 52 non-empty rows from worksheet.
paper-1998-04,The Full Cost Of Intercity Highway Transportation,UPLOADED,/Users/dlev2617/Documents/Code/Agents/github-packages/UPLOADED/paper-1998-04-the-full-cost-of-intercity-highway-transportation,data/highway_full_cost_model/modernized_xlsx/hwy92_original.xlsx,Master,CFEDROAD,,numeric,51,974 | 4942 | 19046 | 868 | 15983,0,34598,xlsx,medium,Some headers were missing; generated column_N names. Sampled first 52 non-empty rows from worksheet.
paper-1998-04,The Full Cost Of Intercity Highway Transportation,UPLOADED,/Users/dlev2617/Documents/Code/Agents/github-packages/UPLOADED/paper-1998-04-the-full-cost-of-intercity-highway-transportation,data/highway_full_cost_model/modernized_xlsx/hwy92_original.xlsx,Master,CTOTAL,,numeric,51,416331 | 278830 | 712556 | 398933 | 3805421,106218,3805421,xlsx,medium,Some headers were missing; generated column_N names. Sampled first 52 non-empty rows from worksheet.
paper-1998-04,The Full Cost Of Intercity Highway Transportation,UPLOADED,/Users/dlev2617/Documents/Code/Agents/github-packages/UPLOADED/paper-1998-04-the-full-cost-of-intercity-highway-transportation,data/highway_full_cost_model/modernized_xlsx/hwy92_original.xlsx,Master,MSTADMHWY,,numeric,51,134450 | 121900 | 68907 | 113232 | 511977,0,764351,xlsx,medium,Some headers were missing; generated column_N names. Sampled first 52 non-empty rows from worksheet.
paper-1998-04,The Full Cost Of Intercity Highway Transportation,UPLOADED,/Users/dlev2617/Documents/Code/Agents/github-packages/UPLOADED/paper-1998-04-the-full-cost-of-intercity-highway-transportation,data/highway_full_cost_model/modernized_xlsx/hwy92_original.xlsx,Master,MLOCADMRD,,numeric,51,299897 | 34166 | 84516 | 130379 | 1474922,8148,1839465,xlsx,medium,Some headers were missing; generated column_N names. Sampled first 52 non-empty rows from worksheet.
paper-1998-04,The Full Cost Of Intercity Highway Transportation,UPLOADED,/Users/dlev2617/Documents/Code/Agents/github-packages/UPLOADED/paper-1998-04-the-full-cost-of-intercity-highway-transportation,data/highway_full_cost_model/modernized_xlsx/hwy92_original.xlsx,Master,MREDROAD,,numeric,51,14 | 831 | 10641 | 310 | 1685,0,10641,xlsx,medium,Some headers were missing; generated column_N names. Sampled first 52 non-empty rows from worksheet.
paper-1998-04,The Full Cost Of Intercity Highway Transportation,UPLOADED,/Users/dlev2617/Documents/Code/Agents/github-packages/UPLOADED/paper-1998-04-the-full-cost-of-intercity-highway-transportation,data/highway_full_cost_model/modernized_xlsx/hwy92_original.xlsx,Master,MTOTAL,,numeric,51,434361 | 156897 | 164064 | 243921 | 1988584,28536,2446441,xlsx,medium,Some headers were missing; generated column_N names. Sampled first 52 non-empty rows from worksheet.
paper-1998-04,The Full Cost Of Intercity Highway Transportation,UPLOADED,/Users/dlev2617/Documents/Code/Agents/github-packages/UPLOADED/paper-1998-04-the-full-cost-of-intercity-highway-transportation,data/highway_full_cost_model/modernized_xlsx/hwy92_original.xlsx,Master,ADM_MISC,,numeric,51,72558 | 30088 | 70527 | 42524 | 1046908,9798,1046908,xlsx,medium,Some headers were missing; generated column_N names. Sampled first 52 non-empty rows from worksheet.
paper-1998-04,The Full Cost Of Intercity Highway Transportation,UPLOADED,/Users/dlev2617/Documents/Code/Agents/github-packages/UPLOADED/paper-1998-04-the-full-cost-of-intercity-highway-transportation,data/highway_full_cost_model/modernized_xlsx/hwy92_original.xlsx,Master,LAW_SAFETY,,numeric,51,57359 | 40116 | 78446 | 45163 | 1182559,0,1182559,xlsx,medium,Some headers were missing; generated column_N names. Sampled first 52 non-empty rows from worksheet.
paper-1998-04,The Full Cost Of Intercity Highway Transportation,UPLOADED,/Users/dlev2617/Documents/Code/Agents/github-packages/UPLOADED/paper-1998-04-the-full-cost-of-intercity-highway-transportation,data/highway_full_cost_model/modernized_xlsx/hwy92_original.xlsx,Master,INTEREST,,numeric,51,11128 | 13411 | 154305 | 661 | 58263,0,586457,xlsx,medium,Some headers were missing; generated column_N names. Sampled first 52 non-empty rows from worksheet.
paper-1998-04,The Full Cost Of Intercity Highway Transportation,UPLOADED,/Users/dlev2617/Documents/Code/Agents/github-packages/UPLOADED/paper-1998-04-the-full-cost-of-intercity-highway-transportation,data/highway_full_cost_model/modernized_xlsx/hwy92_original.xlsx,Master,BONDRETIRE,,numeric,51,20436 | 21623 | 359239 | 449 | 35336,0,409463,xlsx,medium,Some headers were missing; generated column_N names. Sampled first 52 non-empty rows from worksheet.
paper-1998-04,The Full Cost Of Intercity Highway Transportation,UPLOADED,/Users/dlev2617/Documents/Code/Agents/github-packages/UPLOADED/paper-1998-04-the-full-cost-of-intercity-highway-transportation,data/highway_full_cost_model/modernized_xlsx/hwy92_original.xlsx,Master,TOTALDISB,,numeric,51,1012173 | 540965 | 1539137 | 731651 | 8117071,253490,8117071,xlsx,medium,Some headers were missing; generated column_N names. Sampled first 52 non-empty rows from worksheet.
paper-1998-04,The Full Cost Of Intercity Highway Transportation,UPLOADED,/Users/dlev2617/Documents/Code/Agents/github-packages/UPLOADED/paper-1998-04-the-full-cost-of-intercity-highway-transportation,data/highway_full_cost_model/modernized_xlsx/hwy92_original.xlsx,Master,PGOVSAL93,,numeric,51,25028 | 37943 | 24995 | 22793 | 33080,20777,43855,xlsx,medium,Some headers were missing; generated column_N names. Sampled first 52 non-empty rows from worksheet.
paper-1998-04,The Full Cost Of Intercity Highway Transportation,UPLOADED,/Users/dlev2617/Documents/Code/Agents/github-packages/UPLOADED/paper-1998-04-the-full-cost-of-intercity-highway-transportation,data/highway_full_cost_model/modernized_xlsx/hwy92_original.xlsx,Master,PGOVSAL94,,numeric,51,26376 | 38889 | 25906 | 23336 | 33795,21643,46872,xlsx,medium,Some headers were missing; generated column_N names. Sampled first 52 non-empty rows from worksheet.
paper-1998-04,The Full Cost Of Intercity Highway Transportation,UPLOADED,/Users/dlev2617/Documents/Code/Agents/github-packages/UPLOADED/paper-1998-04-the-full-cost-of-intercity-highway-transportation,data/highway_full_cost_model/modernized_xlsx/hwy92_original.xlsx,Master,PBITCONC93,,numeric,51,25.49 | 31.89 | 22.42 | 26.28 | 28.79,2.08,65.14,xlsx,medium,Some headers were missing; generated column_N names. Sampled first 52 non-empty rows from worksheet.
paper-1998-04,The Full Cost Of Intercity Highway Transportation,UPLOADED,/Users/dlev2617/Documents/Code/Agents/github-packages/UPLOADED/paper-1998-04-the-full-cost-of-intercity-highway-transportation,data/highway_full_cost_model/modernized_xlsx/hwy92_original.xlsx,Master,PEXCAV93,,numeric,51,1.6 | 1.89 | 5.21 | 1.31 | 3.15,1.02,18.58,xlsx,medium,Some headers were missing; generated column_N names. Sampled first 52 non-empty rows from worksheet.
paper-1998-04,The Full Cost Of Intercity Highway Transportation,UPLOADED,/Users/dlev2617/Documents/Code/Agents/github-packages/UPLOADED/paper-1998-04-the-full-cost-of-intercity-highway-transportation,data/highway_full_cost_model/modernized_xlsx/hwy92_original.xlsx,Master,PREINFSTL93,,numeric,51,0.419 | 0.464 | 0.354 | 0.544 | 0.414,0.322,0.811,xlsx,medium,Some headers were missing; generated column_N names. Sampled first 52 non-empty rows from worksheet.
paper-1998-04,The Full Cost Of Intercity Highway Transportation,UPLOADED,/Users/dlev2617/Documents/Code/Agents/github-packages/UPLOADED/paper-1998-04-the-full-cost-of-intercity-highway-transportation,data/highway_full_cost_model/modernized_xlsx/hwy92_original.xlsx,Master,PSTRUCTSTL93,,numeric,51,0.862 | 1.161 | 1.62 | 0.674 | 1.07,0.47,2.241,xlsx,medium,Some headers were missing; generated column_N names. Sampled first 52 non-empty rows from worksheet.
paper-1998-04,The Full Cost Of Intercity Highway Transportation,UPLOADED,/Users/dlev2617/Documents/Code/Agents/github-packages/UPLOADED/paper-1998-04-the-full-cost-of-intercity-highway-transportation,data/highway_full_cost_model/modernized_xlsx/hwy92_original.xlsx,Master,PSTRUCCON93,,numeric,51,217.9 | 855.03 | 206.73 | 259.97 | 256.86,93.8,855.03,xlsx,medium,Some headers were missing; generated column_N names. Sampled first 52 non-empty rows from worksheet.
paper-1998-04,The Full Cost Of Intercity Highway Transportation,UPLOADED,/Users/dlev2617/Documents/Code/Agents/github-packages/UPLOADED/paper-1998-04-the-full-cost-of-intercity-highway-transportation,data/highway_full_cost_model/modernized_xlsx/hwy92_original.xlsx,Master,POP90(THSD),,numeric,51,4089 | 570 | 3750 | 2372 | 30380,460,30380,xlsx,medium,Some headers were missing; generated column_N names. Sampled first 52 non-empty rows from worksheet.
paper-1998-04,The Full Cost Of Intercity Highway Transportation,UPLOADED,/Users/dlev2617/Documents/Code/Agents/github-packages/UPLOADED/paper-1998-04-the-full-cost-of-intercity-highway-transportation,data/highway_full_cost_model/modernized_xlsx/hwy92_original.xlsx,Master,SQMILES,,numeric,51,52423 | 591004 | 114006 | 53182 | 163707,67,591004,xlsx,medium,Some headers were missing; generated column_N names. Sampled first 52 non-empty rows from worksheet.
paper-1998-04,The Full Cost Of Intercity Highway Transportation,UPLOADED,/Users/dlev2617/Documents/Code/Agents/github-packages/UPLOADED/paper-1998-04-the-full-cost-of-intercity-highway-transportation,data/highway_full_cost_model/modernized_xlsx/hwy92_original.xlsx,Master,POPDENS=LAND,,numeric,51,78.0001144535795 | 0.964460477424857 | 32.8930056312826 | 44.6015569177541 | 185.575448820148,0.964460477425,8925.37313433,xlsx,medium,Some headers were missing; generated column_N names. Sampled first 52 non-empty rows from worksheet.
paper-1998-04,The Full Cost Of Intercity Highway Transportation,UPLOADED,/Users/dlev2617/Documents/Code/Agents/github-packages/UPLOADED/paper-1998-04-the-full-cost-of-intercity-highway-transportation,data/highway_full_cost_model/modernized_xlsx/hwy92_original.xlsx,Master,BONDRATE (Moody's),,text,51,AA | X | A1 | AA1 | AAA,,,xlsx,medium,Some headers were missing; generated column_N names. Sampled first 52 non-empty rows from worksheet.
paper-1998-04,The Full Cost Of Intercity Highway Transportation,UPLOADED,/Users/dlev2617/Documents/Code/Agents/github-packages/UPLOADED/paper-1998-04-the-full-cost-of-intercity-highway-transportation,data/highway_full_cost_model/modernized_xlsx/hwy92_original.xlsx,URB_EXP_93,column_1,,text,54,STATE | Alabama | Alaska | Arizona | Arkansas,,,xlsx,medium,Some headers were missing; generated column_N names. Sampled first 59 non-empty rows from worksheet.
paper-1998-04,The Full Cost Of Intercity Highway Transportation,UPLOADED,/Users/dlev2617/Documents/Code/Agents/github-packages/UPLOADED/paper-1998-04-the-full-cost-of-intercity-highway-transportation,data/highway_full_cost_model/modernized_xlsx/hwy92_original.xlsx,URB_EXP_93,"STATE HIGHWAY AGENCY CAPITAL OUTLAY AND MAINTENANCE - 1993, Table SF-12 p.IV-67-64",,mixed_numeric_text,57,CAPITAL | URBAN | INTERSTATE | CAPURBINT | 125348,,,xlsx,medium,Some headers were missing; generated column_N names. Sampled first 59 non-empty rows from worksheet.
paper-1998-04,The Full Cost Of Intercity Highway Transportation,UPLOADED,/Users/dlev2617/Documents/Code/Agents/github-packages/UPLOADED/paper-1998-04-the-full-cost-of-intercity-highway-transportation,data/highway_full_cost_model/modernized_xlsx/hwy92_original.xlsx,URB_EXP_93,column_3,,mixed_numeric_text,57,(thousands of dollars) | URBAN | LOCAL | CAPURBLOC | 77005,,,xlsx,medium,Some headers were missing; generated column_N names. Sampled first 59 non-empty rows from worksheet.
paper-1998-04,The Full Cost Of Intercity Highway Transportation,UPLOADED,/Users/dlev2617/Documents/Code/Agents/github-packages/UPLOADED/paper-1998-04-the-full-cost-of-intercity-highway-transportation,data/highway_full_cost_model/modernized_xlsx/hwy92_original.xlsx,URB_EXP_93,column_4,,mixed_numeric_text,56,URBAN | TOTAL | CAPURBTOT | 202353 | 106676,,,xlsx,medium,Some headers were missing; generated column_N names. Sampled first 59 non-empty rows from worksheet.
paper-1998-04,The Full Cost Of Intercity Highway Transportation,UPLOADED,/Users/dlev2617/Documents/Code/Agents/github-packages/UPLOADED/paper-1998-04-the-full-cost-of-intercity-highway-transportation,data/highway_full_cost_model/modernized_xlsx/hwy92_original.xlsx,URB_EXP_93,column_5,,mixed_numeric_text,57,MAINTENANCE | URBAN | INTERSTATE | MNTURBINT | 7008,,,xlsx,medium,Some headers were missing; generated column_N names. Sampled first 59 non-empty rows from worksheet.
paper-1998-04,The Full Cost Of Intercity Highway Transportation,UPLOADED,/Users/dlev2617/Documents/Code/Agents/github-packages/UPLOADED/paper-1998-04-the-full-cost-of-intercity-highway-transportation,data/highway_full_cost_model/modernized_xlsx/hwy92_original.xlsx,URB_EXP_93,column_6,,mixed_numeric_text,56,URBAN | LOCAL | MNTURBLOC | 87510 | 19907,,,xlsx,medium,Some headers were missing; generated column_N names. Sampled first 59 non-empty rows from worksheet.
paper-1998-04,The Full Cost Of Intercity Highway Transportation,UPLOADED,/Users/dlev2617/Documents/Code/Agents/github-packages/UPLOADED/paper-1998-04-the-full-cost-of-intercity-highway-transportation,data/highway_full_cost_model/modernized_xlsx/hwy92_original.xlsx,URB_EXP_93,column_7,,mixed_numeric_text,56,URBAN | TOTAL | MNTURBTOT | 94518 | 21276,,,xlsx,medium,Some headers were missing; generated column_N names. Sampled first 59 non-empty rows from worksheet.
paper-1998-04,The Full Cost Of Intercity Highway Transportation,UPLOADED,/Users/dlev2617/Documents/Code/Agents/github-packages/UPLOADED/paper-1998-04-the-full-cost-of-intercity-highway-transportation,data/highway_full_cost_model/modernized_xlsx/hwy92_original.xlsx,TOT_EXP_93,column_1,,text,54,STATE | Alabama | Alaska | Arizona | Arkansas,,,xlsx,medium,Some headers were missing; generated column_N names. Sampled first 59 non-empty rows from worksheet.
paper-1998-04,The Full Cost Of Intercity Highway Transportation,UPLOADED,/Users/dlev2617/Documents/Code/Agents/github-packages/UPLOADED/paper-1998-04-the-full-cost-of-intercity-highway-transportation,data/highway_full_cost_model/modernized_xlsx/hwy92_original.xlsx,TOT_EXP_93,"STATE HIGHWAY AGENCY CAPITAL OUTLAY AND MAINTENANCE - 1993, Table SF-12 p.IV-67",,mixed_numeric_text,56,CAPITAL | TOTAL (RUR+URB) | INTERSTATE | CAPTOTINT | 154832,,,xlsx,medium,Some headers were missing; generated column_N names. Sampled first 59 non-empty rows from worksheet.
paper-1998-04,The Full Cost Of Intercity Highway Transportation,UPLOADED,/Users/dlev2617/Documents/Code/Agents/github-packages/UPLOADED/paper-1998-04-the-full-cost-of-intercity-highway-transportation,data/highway_full_cost_model/modernized_xlsx/hwy92_original.xlsx,TOT_EXP_93,column_3,,mixed_numeric_text,56,(thousands of dollars) | TOTAL | LOCAL | CAPTOTLOC | 315400,,,xlsx,medium,Some headers were missing; generated column_N names. Sampled first 59 non-empty rows from worksheet.
paper-1998-04,The Full Cost Of Intercity Highway Transportation,UPLOADED,/Users/dlev2617/Documents/Code/Agents/github-packages/UPLOADED/paper-1998-04-the-full-cost-of-intercity-highway-transportation,data/highway_full_cost_model/modernized_xlsx/hwy92_original.xlsx,TOT_EXP_93,column_4,,mixed_numeric_text,55,TOTAL | CAPTOTTOT | 470232 | 242000 | 480799,,,xlsx,medium,Some headers were missing; generated column_N names. Sampled first 59 non-empty rows from worksheet.
paper-1998-04,The Full Cost Of Intercity Highway Transportation,UPLOADED,/Users/dlev2617/Documents/Code/Agents/github-packages/UPLOADED/paper-1998-04-the-full-cost-of-intercity-highway-transportation,data/highway_full_cost_model/modernized_xlsx/hwy92_original.xlsx,TOT_EXP_93,column_5,,mixed_numeric_text,56,MAINTENANCE | TOTAL | INTERSTATE | MNTTOTINT | 14420,,,xlsx,medium,Some headers were missing; generated column_N names. Sampled first 59 non-empty rows from worksheet.
paper-1998-04,The Full Cost Of Intercity Highway Transportation,UPLOADED,/Users/dlev2617/Documents/Code/Agents/github-packages/UPLOADED/paper-1998-04-the-full-cost-of-intercity-highway-transportation,data/highway_full_cost_model/modernized_xlsx/hwy92_original.xlsx,TOT_EXP_93,column_6,,mixed_numeric_text,55,TOTAL | LOCAL | MNTTOTLOC | 143448 | 28287,,,xlsx,medium,Some headers were missing; generated column_N names. Sampled first 59 non-empty rows from worksheet.
paper-1998-04,The Full Cost Of Intercity Highway Transportation,UPLOADED,/Users/dlev2617/Documents/Code/Agents/github-packages/UPLOADED/paper-1998-04-the-full-cost-of-intercity-highway-transportation,data/highway_full_cost_model/modernized_xlsx/hwy92_original.xlsx,TOT_EXP_93,column_7,,mixed_numeric_text,55,TOTAL | MNTTOTTOT | 157868 | 33400 | 68839,,,xlsx,medium,Some headers were missing; generated column_N names. Sampled first 59 non-empty rows from worksheet.
paper-1998-04,The Full Cost Of Intercity Highway Transportation,UPLOADED,/Users/dlev2617/Documents/Code/Agents/github-packages/UPLOADED/paper-1998-04-the-full-cost-of-intercity-highway-transportation,data/highway_full_cost_model/modernized_xlsx/hwy92_original.xlsx,LRTE.SRTE,State,,text,53,Alabama | Alaska | Arizona | Arkansas | California,,,xlsx,medium,Some headers were missing; generated column_N names. Sampled first 55 non-empty rows from worksheet.
paper-1998-04,The Full Cost Of Intercity Highway Transportation,UPLOADED,/Users/dlev2617/Documents/Code/Agents/github-packages/UPLOADED/paper-1998-04-the-full-cost-of-intercity-highway-transportation,data/highway_full_cost_model/modernized_xlsx/hwy92_original.xlsx,LRTE.SRTE,LRTE,,mixed_numeric_text,53,838159.732 | 103604 | 718978.26 | 479553.448 | 5321960.964,,,xlsx,medium,Some headers were missing; generated column_N names. Sampled first 55 non-empty rows from worksheet.
paper-1998-04,The Full Cost Of Intercity Highway Transportation,UPLOADED,/Users/dlev2617/Documents/Code/Agents/github-packages/UPLOADED/paper-1998-04-the-full-cost-of-intercity-highway-transportation,data/highway_full_cost_model/modernized_xlsx/hwy92_original.xlsx,LRTE.SRTE,LRTE-model,,mixed_numeric_text,53,881513.898536862 | 134812.025315494 | 643881.582523385 | 472258.63898235 | 4425388.92899159,,,xlsx,medium,Some headers were missing; generated column_N names. Sampled first 55 non-empty rows from worksheet.
paper-1998-04,The Full Cost Of Intercity Highway Transportation,UPLOADED,/Users/dlev2617/Documents/Code/Agents/github-packages/UPLOADED/paper-1998-04-the-full-cost-of-intercity-highway-transportation,data/highway_full_cost_model/modernized_xlsx/hwy92_original.xlsx,LRTE.SRTE,column_4,,empty,0,,,,xlsx,medium,Some headers were missing; generated column_N names. Sampled first 55 non-empty rows from worksheet.
paper-1998-04,The Full Cost Of Intercity Highway Transportation,UPLOADED,/Users/dlev2617/Documents/Code/Agents/github-packages/UPLOADED/paper-1998-04-the-full-cost-of-intercity-highway-transportation,data/highway_full_cost_model/modernized_xlsx/hwy92_original.xlsx,LRTE.SRTE,column_5,,text,51,Alabama | Alaska | Arizona | Arkansas | California,,,xlsx,medium,Some headers were missing; generated column_N names. Sampled first 55 non-empty rows from worksheet.
paper-1998-04,The Full Cost Of Intercity Highway Transportation,UPLOADED,/Users/dlev2617/Documents/Code/Agents/github-packages/UPLOADED/paper-1998-04-the-full-cost-of-intercity-highway-transportation,data/highway_full_cost_model/modernized_xlsx/hwy92_original.xlsx,LRTE.SRTE,SRTE,,numeric,53,287785 | 103604 | 217812 | 181099 | 2571927,0,20984828,xlsx,medium,Some headers were missing; generated column_N names. Sampled first 55 non-empty rows from worksheet.
paper-1998-04,The Full Cost Of Intercity Highway Transportation,UPLOADED,/Users/dlev2617/Documents/Code/Agents/github-packages/UPLOADED/paper-1998-04-the-full-cost-of-intercity-highway-transportation,data/highway_full_cost_model/modernized_xlsx/hwy92_original.xlsx,LRTE.SRTE,SRTE-model,,mixed_numeric_text,53,347370.626117842 | 25683.7952811081 | 218321.980698903 | 176551.296582179 | 1891712.4135725,,,xlsx,medium,Some headers were missing; generated column_N names. Sampled first 55 non-empty rows from worksheet.
paper-1998-04,The Full Cost Of Intercity Highway Transportation,UPLOADED,/Users/dlev2617/Documents/Code/Agents/github-packages/UPLOADED/paper-1998-04-the-full-cost-of-intercity-highway-transportation,data/highway_full_cost_model/modernized_xlsx/hwy92_original.xlsx,Model,State,,text,53,Alabama | Alaska | Arizona | Arkansas | California,,,xlsx,medium,Some headers were missing; generated column_N names. Sampled first 56 non-empty rows from worksheet.
paper-1998-04,The Full Cost Of Intercity Highway Transportation,UPLOADED,/Users/dlev2617/Documents/Code/Agents/github-packages/UPLOADED/paper-1998-04-the-full-cost-of-intercity-highway-transportation,data/highway_full_cost_model/modernized_xlsx/hwy92_original.xlsx,Model,LRMC-Auto ($/mi),,numeric,53,0.0168098470889537 | 0.0235453455679464 | 0.0201029330147624 | 0.0182520410255736 | 0.0109151903559855,0.00715552371236,0.0331146891524,xlsx,medium,Some headers were missing; generated column_N names. Sampled first 56 non-empty rows from worksheet.
paper-1998-04,The Full Cost Of Intercity Highway Transportation,UPLOADED,/Users/dlev2617/Documents/Code/Agents/github-packages/UPLOADED/paper-1998-04-the-full-cost-of-intercity-highway-transportation,data/highway_full_cost_model/modernized_xlsx/hwy92_original.xlsx,Model,LRMC-Comb,,numeric,53,0.0355648653532836 | 0.0311009046631058 | 0.0197827747087641 | 0.0409430177351247 | 0.037885290839683,0.0186696777868,0.194186658736,xlsx,medium,Some headers were missing; generated column_N names. Sampled first 56 non-empty rows from worksheet.
paper-1998-04,The Full Cost Of Intercity Highway Transportation,UPLOADED,/Users/dlev2617/Documents/Code/Agents/github-packages/UPLOADED/paper-1998-04-the-full-cost-of-intercity-highway-transportation,data/highway_full_cost_model/modernized_xlsx/hwy92_original.xlsx,Model,LRMC-Sing,,numeric,53,0.0220343068688748 | 0.428808680502335 | 0.0421977225203111 | 0.0178565896607809 | 0.0748264359745012,0.0178565896608,1.33888105149,xlsx,medium,Some headers were missing; generated column_N names. Sampled first 56 non-empty rows from worksheet.
paper-1998-04,The Full Cost Of Intercity Highway Transportation,UPLOADED,/Users/dlev2617/Documents/Code/Agents/github-packages/UPLOADED/paper-1998-04-the-full-cost-of-intercity-highway-transportation,data/highway_full_cost_model/modernized_xlsx/hwy92_original.xlsx,Model,LRMC-Truck,,numeric,53,0.0279581601789007 | 0.0527969868739119 | 0.0258717863077635 | 0.026031342039606 | 0.0484925125556132,0.0201319421801,0.312603320056,xlsx,medium,Some headers were missing; generated column_N names. Sampled first 56 non-empty rows from worksheet.
paper-1998-04,The Full Cost Of Intercity Highway Transportation,UPLOADED,/Users/dlev2617/Documents/Code/Agents/github-packages/UPLOADED/paper-1998-04-the-full-cost-of-intercity-highway-transportation,data/highway_full_cost_model/modernized_xlsx/hwy92_original.xlsx,Model,column_6,,empty,0,,,,xlsx,medium,Some headers were missing; generated column_N names. Sampled first 56 non-empty rows from worksheet.
paper-1998-04,The Full Cost Of Intercity Highway Transportation,UPLOADED,/Users/dlev2617/Documents/Code/Agents/github-packages/UPLOADED/paper-1998-04-the-full-cost-of-intercity-highway-transportation,data/highway_full_cost_model/modernized_xlsx/hwy92_original.xlsx,Model,State_2,,text,53,Alabama | Alaska | Arizona | Arkansas | California,,,xlsx,medium,Some headers were missing; generated column_N names. Sampled first 56 non-empty rows from worksheet.
paper-1998-04,The Full Cost Of Intercity Highway Transportation,UPLOADED,/Users/dlev2617/Documents/Code/Agents/github-packages/UPLOADED/paper-1998-04-the-full-cost-of-intercity-highway-transportation,data/highway_full_cost_model/modernized_xlsx/hwy92_original.xlsx,Model,SRMC-Auto,,numeric,52,0.00807677623438796 | 0.00646025024778811 | 0.00731845786395826 | 0.00862065403050126 | 0.00595794160228056,0.00323497249521,0.0106805817463,xlsx,medium,Some headers were missing; generated column_N names. Sampled first 56 non-empty rows from worksheet.
paper-1998-04,The Full Cost Of Intercity Highway Transportation,UPLOADED,/Users/dlev2617/Documents/Code/Agents/github-packages/UPLOADED/paper-1998-04-the-full-cost-of-intercity-highway-transportation,data/highway_full_cost_model/modernized_xlsx/hwy92_original.xlsx,Model,SRMC-Comb,,numeric,52,0.000132243305223805 | 6.60016756692749e-05 | 5.57411500573878e-05 | 0.000149618760771694 | 0.000160104384874304,5.57411500574e-05,0.000715492121449,xlsx,medium,Some headers were missing; generated column_N names. Sampled first 56 non-empty rows from worksheet.
paper-1998-04,The Full Cost Of Intercity Highway Transportation,UPLOADED,/Users/dlev2617/Documents/Code/Agents/github-packages/UPLOADED/paper-1998-04-the-full-cost-of-intercity-highway-transportation,data/highway_full_cost_model/modernized_xlsx/hwy92_original.xlsx,Model,SRMC-Sing,,numeric,52,0.00758752792321856 | 0.0826469040245236 | 0.0109729221878456 | 0.00603355416843179 | 0.029312001331454,0.00494010438859,0.311912323587,xlsx,medium,Some headers were missing; generated column_N names. Sampled first 56 non-empty rows from worksheet.
paper-1998-04,The Full Cost Of Intercity Highway Transportation,UPLOADED,/Users/dlev2617/Documents/Code/Agents/github-packages/UPLOADED/paper-1998-04-the-full-cost-of-intercity-highway-transportation,data/highway_full_cost_model/modernized_xlsx/hwy92_original.xlsx,Model,SRMC-Truck,,numeric,52,0.00432350800028758 | 0.00457102308899858 | 0.00302138900818999 | 0.00395009132975749 | 0.00853073375285426,0.00255137292756,0.0327161815171,xlsx,medium,Some headers were missing; generated column_N names. Sampled first 56 non-empty rows from worksheet.
paper-1998-04,The Full Cost Of Intercity Highway Transportation,UPLOADED,/Users/dlev2617/Documents/Code/Agents/github-packages/UPLOADED/paper-1998-04-the-full-cost-of-intercity-highway-transportation,data/highway_full_cost_model/modernized_xlsx/hwy92_original.xlsx,Model,LRTE,,mixed_numeric_text,53,838159.732 | 103604 | 718978.26 | 479553.448 | 5321960.964,,,xlsx,medium,Some headers were missing; generated column_N names. Sampled first 56 non-empty rows from worksheet.
paper-1998-04,The Full Cost Of Intercity Highway Transportation,UPLOADED,/Users/dlev2617/Documents/Code/Agents/github-packages/UPLOADED/paper-1998-04-the-full-cost-of-intercity-highway-transportation,data/highway_full_cost_model/modernized_xlsx/hwy92_original.xlsx,Model,SRTE,,mixed_numeric_text,53,287785 | 103604 | 217812 | 181099 | 2571927,,,xlsx,medium,Some headers were missing; generated column_N names. Sampled first 56 non-empty rows from worksheet.
paper-1998-04,The Full Cost Of Intercity Highway Transportation,UPLOADED,/Users/dlev2617/Documents/Code/Agents/github-packages/UPLOADED/paper-1998-04-the-full-cost-of-intercity-highway-transportation,data/highway_full_cost_model/modernized_xlsx/hwy92_original.xlsx,Model,"LRTE = 71,682 Nl 0.183 Nw -0.643 Pk 1.92 Pl 1.176 Pm 0.0445 Ya 0.450 Yc 0.103 Ys 0.149",,mixed_numeric_text,53,881513.898536862 | 134812.025315494 | 643881.582523385 | 472258.63898235 | 4425388.92899159,,,xlsx,medium,Some headers were missing; generated column_N names. Sampled first 56 non-empty rows from worksheet.
paper-1998-04,The Full Cost Of Intercity Highway Transportation,UPLOADED,/Users/dlev2617/Documents/Code/Agents/github-packages/UPLOADED/paper-1998-04-the-full-cost-of-intercity-highway-transportation,data/highway_full_cost_model/modernized_xlsx/hwy92_original.xlsx,Model,SRTE = 73.99 Nl 0.126 Nw -0.326 Pk 0.473 Pl 0.605 Pm -0.0271 Ya 0.685 Yc 0.00271 Ys 0.193,,mixed_numeric_text,53,347370.626117842 | 25683.7952811081 | 218321.980698903 | 176551.296582179 | 1891712.4135725,,,xlsx,medium,Some headers were missing; generated column_N names. Sampled first 56 non-empty rows from worksheet.
paper-1998-04,The Full Cost Of Intercity Highway Transportation,UPLOADED,/Users/dlev2617/Documents/Code/Agents/github-packages/UPLOADED/paper-1998-04-the-full-cost-of-intercity-highway-transportation,data/highway_full_cost_model/modernized_xlsx/hwy92_original.xlsx,Model,Nl,,numeric,53,92209 | 13849 | 55763 | 77192 | 169201,1107,3904721,xlsx,medium,Some headers were missing; generated column_N names. Sampled first 56 non-empty rows from worksheet.
paper-1998-04,The Full Cost Of Intercity Highway Transportation,UPLOADED,/Users/dlev2617/Documents/Code/Agents/github-packages/UPLOADED/paper-1998-04-the-full-cost-of-intercity-highway-transportation,data/highway_full_cost_model/modernized_xlsx/hwy92_original.xlsx,Model,Nw,,numeric,52,3.01088819203367 | 3.08165671868817 | 3.02788347401141 | 3.00925140893557 | 3.05854284372906,3,3.08165671869,xlsx,medium,Some headers were missing; generated column_N names. Sampled first 56 non-empty rows from worksheet.
paper-1998-04,The Full Cost Of Intercity Highway Transportation,UPLOADED,/Users/dlev2617/Documents/Code/Agents/github-packages/UPLOADED/paper-1998-04-the-full-cost-of-intercity-highway-transportation,data/highway_full_cost_model/modernized_xlsx/hwy92_original.xlsx,Model,Pk,,mixed_numeric_text,54,0.0515 | 0.0525 | 0.0535 | 0.0495 | 0.0475,,,xlsx,medium,Some headers were missing; generated column_N names. Sampled first 56 non-empty rows from worksheet.
paper-1998-04,The Full Cost Of Intercity Highway Transportation,UPLOADED,/Users/dlev2617/Documents/Code/Agents/github-packages/UPLOADED/paper-1998-04-the-full-cost-of-intercity-highway-transportation,data/highway_full_cost_model/modernized_xlsx/hwy92_original.xlsx,Model,Pl,,numeric,54,0.921233519346634 | 1.39661033340936 | 0.920018851529052 | 0.838967380792226 | 1.21761246683661,0,1.61421991333,xlsx,medium,Some headers were missing; generated column_N names. Sampled first 56 non-empty rows from worksheet.
paper-1998-04,The Full Cost Of Intercity Highway Transportation,UPLOADED,/Users/dlev2617/Documents/Code/Agents/github-packages/UPLOADED/paper-1998-04-the-full-cost-of-intercity-highway-transportation,data/highway_full_cost_model/modernized_xlsx/hwy92_original.xlsx,Model,Pm,,numeric,52,1.35513024986709 | 1.69537480063796 | 1.19191919191919 | 1.39712918660287 | 1.53056884635832,0.110579479001,3.46305156831,xlsx,medium,Some headers were missing; generated column_N names. Sampled first 56 non-empty rows from worksheet.
paper-1998-04,The Full Cost Of Intercity Highway Transportation,UPLOADED,/Users/dlev2617/Documents/Code/Agents/github-packages/UPLOADED/paper-1998-04-the-full-cost-of-intercity-highway-transportation,data/highway_full_cost_model/modernized_xlsx/hwy92_original.xlsx,Model,Ya,,numeric,53,29460.873 | 2723.331 | 20434.709 | 14028.824 | 217495.083,2723.331,1669617.037,xlsx,medium,Some headers were missing; generated column_N names. Sampled first 56 non-empty rows from worksheet.
paper-1998-04,The Full Cost Of Intercity Highway Transportation,UPLOADED,/Users/dlev2617/Documents/Code/Agents/github-packages/UPLOADED/paper-1998-04-the-full-cost-of-intercity-highway-transportation,data/highway_full_cost_model/modernized_xlsx/hwy92_original.xlsx,Model,Yc,,numeric,53,7136.844 | 1056.697 | 10642.868 | 3205.316 | 32116.494,92.612,374971.495,xlsx,medium,Some headers were missing; generated column_N names. Sampled first 56 non-empty rows from worksheet.
paper-1998-04,The Full Cost Of Intercity Highway Transportation,UPLOADED,/Users/dlev2617/Documents/Code/Agents/github-packages/UPLOADED/paper-1998-04-the-full-cost-of-intercity-highway-transportation,data/highway_full_cost_model/modernized_xlsx/hwy92_original.xlsx,Model,Ys,,numeric,53,9164.283 | 60.9720000000001 | 3969.423 | 5846.86 | 12936.423,10.686,249407.45,xlsx,medium,Some headers were missing; generated column_N names. Sampled first 56 non-empty rows from worksheet.
paper-1998-04,The Full Cost Of Intercity Highway Transportation,UPLOADED,/Users/dlev2617/Documents/Code/Agents/github-packages/UPLOADED/paper-1998-04-the-full-cost-of-intercity-highway-transportation,data/highway_full_cost_model/modernized_xlsx/hwy92_original.xlsx,N-Size,State,,text,53,Alabama | Alaska | Arizona | Arkansas | California,,,xlsx,medium,Headers inferred from first row. Sampled first 55 non-empty rows from worksheet.
paper-1998-04,The Full Cost Of Intercity Highway Transportation,UPLOADED,/Users/dlev2617/Documents/Code/Agents/github-packages/UPLOADED/paper-1998-04-the-full-cost-of-intercity-highway-transportation,data/highway_full_cost_model/modernized_xlsx/hwy92_original.xlsx,N-Size,L - Total Miles,,numeric,53,92209 | 13849 | 55763 | 77192 | 169201,1107,3904721,xlsx,medium,Headers inferred from first row. Sampled first 55 non-empty rows from worksheet.
paper-1998-04,The Full Cost Of Intercity Highway Transportation,UPLOADED,/Users/dlev2617/Documents/Code/Agents/github-packages/UPLOADED/paper-1998-04-the-full-cost-of-intercity-highway-transportation,data/highway_full_cost_model/modernized_xlsx/hwy92_original.xlsx,N-Size,L - % Freeway,,numeric,52,0.00997733409970827 | 0.0763232002310636 | 0.0225776948872909 | 0.00825215048191523 | 0.0225530581970556,0.00530732886022,0.0763232002311,xlsx,medium,Headers inferred from first row. Sampled first 55 non-empty rows from worksheet.
paper-1998-04,The Full Cost Of Intercity Highway Transportation,UPLOADED,/Users/dlev2617/Documents/Code/Agents/github-packages/UPLOADED/paper-1998-04-the-full-cost-of-intercity-highway-transportation,data/highway_full_cost_model/modernized_xlsx/hwy92_original.xlsx,N-Size,L - % Urban,,numeric,52,0.210185556724398 | 0.125785255253087 | 0.29302584150781 | 0.0983910249766815 | 0.479081092901342,0.0209623300702,1,xlsx,medium,Headers inferred from first row. Sampled first 55 non-empty rows from worksheet.
paper-1998-04,The Full Cost Of Intercity Highway Transportation,UPLOADED,/Users/dlev2617/Documents/Code/Agents/github-packages/UPLOADED/paper-1998-04-the-full-cost-of-intercity-highway-transportation,data/highway_full_cost_model/modernized_xlsx/hwy92_original.xlsx,N-Size,W - % UrbFwy > 4 lanes,,numeric,52,0.144781144781145 | 0.185185185185185 | 0.267326732673267 | 0.343511450381679 | 0.880974695407685,0,0.880974695408,xlsx,medium,Headers inferred from first row. Sampled first 55 non-empty rows from worksheet.
paper-1998-04,The Full Cost Of Intercity Highway Transportation,UPLOADED,/Users/dlev2617/Documents/Code/Agents/github-packages/UPLOADED/paper-1998-04-the-full-cost-of-intercity-highway-transportation,data/highway_full_cost_model/modernized_xlsx/hwy92_original.xlsx,N-Size,W - % RurFwy > 4 lanes,,mixed_numeric_text,52,0 | 0.00728155339805825 | 0.210914454277286 | 0.02734375 | 0.217821782178218,,,xlsx,medium,Headers inferred from first row. Sampled first 55 non-empty rows from worksheet.
paper-1998-04,The Full Cost Of Intercity Highway Transportation,UPLOADED,/Users/dlev2617/Documents/Code/Agents/github-packages/UPLOADED/paper-1998-04-the-full-cost-of-intercity-highway-transportation,data/highway_full_cost_model/modernized_xlsx/hwy92_original.xlsx,N-Size,Nw,,mixed_numeric_text,54,3.01088819203367 | 3.08165671868817 | 3.02788347401141 | 3.00925140893557 | 3.05854284372906,,,xlsx,medium,Headers inferred from first row. Sampled first 55 non-empty rows from worksheet.
paper-1998-04,The Full Cost Of Intercity Highway Transportation,UPLOADED,/Users/dlev2617/Documents/Code/Agents/github-packages/UPLOADED/paper-1998-04-the-full-cost-of-intercity-highway-transportation,data/highway_full_cost_model/modernized_xlsx/hwy92_original.xlsx,Y-Output,column_1,,text,54,Alabama | Alaska | Arizona | Arkansas | California,,,xlsx,medium,Some headers were missing; generated column_N names. Sampled first 55 non-empty rows from worksheet.
paper-1998-04,The Full Cost Of Intercity Highway Transportation,UPLOADED,/Users/dlev2617/Documents/Code/Agents/github-packages/UPLOADED/paper-1998-04-the-full-cost-of-intercity-highway-transportation,data/highway_full_cost_model/modernized_xlsx/hwy92_original.xlsx,Y-Output,Ya Auto VMT (millions),,numeric,53,29460.873 | 2723.331 | 20434.709 | 14028.824 | 217495.083,2723.331,1669617.037,xlsx,medium,Some headers were missing; generated column_N names. Sampled first 55 non-empty rows from worksheet.
paper-1998-04,The Full Cost Of Intercity Highway Transportation,UPLOADED,/Users/dlev2617/Documents/Code/Agents/github-packages/UPLOADED/paper-1998-04-the-full-cost-of-intercity-highway-transportation,data/highway_full_cost_model/modernized_xlsx/hwy92_original.xlsx,Y-Output,Ys Single Truck VMT (Millions),,numeric,53,7136.844 | 1056.697 | 10642.868 | 3205.316 | 32116.494,92.612,374971.495,xlsx,medium,Some headers were missing; generated column_N names. Sampled first 55 non-empty rows from worksheet.
paper-1998-04,The Full Cost Of Intercity Highway Transportation,UPLOADED,/Users/dlev2617/Documents/Code/Agents/github-packages/UPLOADED/paper-1998-04-the-full-cost-of-intercity-highway-transportation,data/highway_full_cost_model/modernized_xlsx/hwy92_original.xlsx,Y-Output,Yc Combination Truck VMT (millions),,numeric,53,9164.283 | 60.9720000000001 | 3969.423 | 5846.86 | 12936.423,10.686,249407.45,xlsx,medium,Some headers were missing; generated column_N names. Sampled first 55 non-empty rows from worksheet.
paper-1998-04,The Full Cost Of Intercity Highway Transportation,UPLOADED,/Users/dlev2617/Documents/Code/Agents/github-packages/UPLOADED/paper-1998-04-the-full-cost-of-intercity-highway-transportation,data/highway_full_cost_model/modernized_xlsx/hwy92_original.xlsx,Y-Output,%URBAN,,numeric,52,0.501704470958437 | 0.478000520697735 | 0.606585442405912 | 0.348035180451454 | 0.801190639425934,0.213355500139,1,xlsx,medium,Some headers were missing; generated column_N names. Sampled first 55 non-empty rows from worksheet.
paper-1998-04,The Full Cost Of Intercity Highway Transportation,UPLOADED,/Users/dlev2617/Documents/Code/Agents/github-packages/UPLOADED/paper-1998-04-the-full-cost-of-intercity-highway-transportation,data/highway_full_cost_model/modernized_xlsx/hwy92_original.xlsx,Y-Output,%FREEWAY,,numeric,52,0.196145273370919 | 0.293413173652695 | 0.269837646588866 | 0.243273688315064 | 0.416000121882475,0.14901334881,0.416000121882,xlsx,medium,Some headers were missing; generated column_N names. Sampled first 55 non-empty rows from worksheet.
paper-1998-04,The Full Cost Of Intercity Highway Transportation,UPLOADED,/Users/dlev2617/Documents/Code/Agents/github-packages/UPLOADED/paper-1998-04-the-full-cost-of-intercity-highway-transportation,data/highway_full_cost_model/modernized_xlsx/hwy92_original.xlsx,TRUCKS,STATE,,text,54,Alabama | Alaska | Arizona | Arkansas | California,,,xlsx,medium,Some headers were missing; generated column_N names. Sampled first 58 non-empty rows from worksheet.
paper-1998-04,The Full Cost Of Intercity Highway Transportation,UPLOADED,/Users/dlev2617/Documents/Code/Agents/github-packages/UPLOADED/paper-1998-04-the-full-cost-of-intercity-highway-transportation,data/highway_full_cost_model/modernized_xlsx/hwy92_original.xlsx,TRUCKS,"DISTRIBUTION OF ANNUAL VEHICLE MILES BY VEHICLE TYPE - 1993 VM-4 p v121, v124",,mixed_numeric_text,55,RURAL | INTERSTATE | RURPASSVEH | 56 | 57.9,,,xlsx,medium,Some headers were missing; generated column_N names. Sampled first 58 non-empty rows from worksheet.
paper-1998-04,The Full Cost Of Intercity Highway Transportation,UPLOADED,/Users/dlev2617/Documents/Code/Agents/github-packages/UPLOADED/paper-1998-04-the-full-cost-of-intercity-highway-transportation,data/highway_full_cost_model/modernized_xlsx/hwy92_original.xlsx,TRUCKS,column_3,,mixed_numeric_text,54,TRUCK-SING | RURTRUSING | 16.9 | 39.7 | 26,,,xlsx,medium,Some headers were missing; generated column_N names. Sampled first 58 non-empty rows from worksheet.
paper-1998-04,The Full Cost Of Intercity Highway Transportation,UPLOADED,/Users/dlev2617/Documents/Code/Agents/github-packages/UPLOADED/paper-1998-04-the-full-cost-of-intercity-highway-transportation,data/highway_full_cost_model/modernized_xlsx/hwy92_original.xlsx,TRUCKS,column_4,,mixed_numeric_text,54,TRUCK-COMB | RURTRUCOM | 27.1 | 2.4 | 16.3,,,xlsx,medium,Some headers were missing; generated column_N names. Sampled first 58 non-empty rows from worksheet.
paper-1998-04,The Full Cost Of Intercity Highway Transportation,UPLOADED,/Users/dlev2617/Documents/Code/Agents/github-packages/UPLOADED/paper-1998-04-the-full-cost-of-intercity-highway-transportation,data/highway_full_cost_model/modernized_xlsx/hwy92_original.xlsx,TRUCKS,column_5,,mixed_numeric_text,55,URBAN | INTERSTATE | URBPASSVEH | 72.7 | 85.1,,,xlsx,medium,Some headers were missing; generated column_N names. Sampled first 58 non-empty rows from worksheet.
paper-1998-04,The Full Cost Of Intercity Highway Transportation,UPLOADED,/Users/dlev2617/Documents/Code/Agents/github-packages/UPLOADED/paper-1998-04-the-full-cost-of-intercity-highway-transportation,data/highway_full_cost_model/modernized_xlsx/hwy92_original.xlsx,TRUCKS,column_6,,mixed_numeric_text,54,TRUCK-SING | URBTRUSING | 14.3 | 14.2 | 33.2,,,xlsx,medium,Some headers were missing; generated column_N names. Sampled first 58 non-empty rows from worksheet.
paper-1998-04,The Full Cost Of Intercity Highway Transportation,UPLOADED,/Users/dlev2617/Documents/Code/Agents/github-packages/UPLOADED/paper-1998-04-the-full-cost-of-intercity-highway-transportation,data/highway_full_cost_model/modernized_xlsx/hwy92_original.xlsx,TRUCKS,column_7,,mixed_numeric_text,54,TRUCK-COMB | URBTRUCOMB | 13 | 0.700000000000006 | 8.09999999999999,,,xlsx,medium,Some headers were missing; generated column_N names. Sampled first 58 non-empty rows from worksheet.
paper-1998-04,The Full Cost Of Intercity Highway Transportation,UPLOADED,/Users/dlev2617/Documents/Code/Agents/github-packages/UPLOADED/paper-1998-04-the-full-cost-of-intercity-highway-transportation,data/highway_full_cost_model/modernized_xlsx/hwy92_original.xlsx,LANES,STATE,,text,53,Alabama | Alaska | Arizona | Arkansas | California,,,xlsx,medium,Some headers were missing; generated column_N names. Sampled first 57 non-empty rows from worksheet.
paper-1998-04,The Full Cost Of Intercity Highway Transportation,UPLOADED,/Users/dlev2617/Documents/Code/Agents/github-packages/UPLOADED/paper-1998-04-the-full-cost-of-intercity-highway-transportation,data/highway_full_cost_model/modernized_xlsx/hwy92_original.xlsx,LANES,MILEAGE BY TRAFFIC LANES ... (HM-35) p. V19,,mixed_numeric_text,55,RURAL | INTERSTATE | MILRURINT | 602 | 1003,,,xlsx,medium,Some headers were missing; generated column_N names. Sampled first 57 non-empty rows from worksheet.
paper-1998-04,The Full Cost Of Intercity Highway Transportation,UPLOADED,/Users/dlev2617/Documents/Code/Agents/github-packages/UPLOADED/paper-1998-04-the-full-cost-of-intercity-highway-transportation,data/highway_full_cost_model/modernized_xlsx/hwy92_original.xlsx,LANES,column_3,,mixed_numeric_text,54,MILES > 4 lanes | RURMIL+4 | 0 | 3 | 286,,,xlsx,medium,Some headers were missing; generated column_N names. Sampled first 57 non-empty rows from worksheet.
paper-1998-04,The Full Cost Of Intercity Highway Transportation,UPLOADED,/Users/dlev2617/Documents/Code/Agents/github-packages/UPLOADED/paper-1998-04-the-full-cost-of-intercity-highway-transportation,data/highway_full_cost_model/modernized_xlsx/hwy92_original.xlsx,LANES,column_4,,mixed_numeric_text,54,MILES ≤ 4 lanes | RURMIL-4 | 602 | 1003 | 987,,,xlsx,medium,Some headers were missing; generated column_N names. Sampled first 57 non-empty rows from worksheet.
paper-1998-04,The Full Cost Of Intercity Highway Transportation,UPLOADED,/Users/dlev2617/Documents/Code/Agents/github-packages/UPLOADED/paper-1998-04-the-full-cost-of-intercity-highway-transportation,data/highway_full_cost_model/modernized_xlsx/hwy92_original.xlsx,LANES,column_5,,mixed_numeric_text,55,URBAN | INTERSTATE | MILURBINT | 297 | 54,,,xlsx,medium,Some headers were missing; generated column_N names. Sampled first 57 non-empty rows from worksheet.
paper-1998-04,The Full Cost Of Intercity Highway Transportation,UPLOADED,/Users/dlev2617/Documents/Code/Agents/github-packages/UPLOADED/paper-1998-04-the-full-cost-of-intercity-highway-transportation,data/highway_full_cost_model/modernized_xlsx/hwy92_original.xlsx,LANES,column_6,,mixed_numeric_text,54,MILES > 4 lanes | URBMIL+4 | 43 | 10 | 54,,,xlsx,medium,Some headers were missing; generated column_N names. Sampled first 57 non-empty rows from worksheet.
paper-1998-04,The Full Cost Of Intercity Highway Transportation,UPLOADED,/Users/dlev2617/Documents/Code/Agents/github-packages/UPLOADED/paper-1998-04-the-full-cost-of-intercity-highway-transportation,data/highway_full_cost_model/modernized_xlsx/hwy92_original.xlsx,LANES,column_7,,mixed_numeric_text,54,MILES ≤ 4 lanes | URBMIL-4 | 254 | 44 | 148,,,xlsx,medium,Some headers were missing; generated column_N names. Sampled first 57 non-empty rows from worksheet.
paper-1998-04,The Full Cost Of Intercity Highway Transportation,UPLOADED,/Users/dlev2617/Documents/Code/Agents/github-packages/UPLOADED/paper-1998-04-the-full-cost-of-intercity-highway-transportation,data/highway_full_cost_model/modernized_xlsx/hwy92_original.xlsx,LANES,column_8,,mixed_numeric_text,53,RURMIL+4 | 0 | 3 | 286 | 21,,,xlsx,medium,Some headers were missing; generated column_N names. Sampled first 57 non-empty rows from worksheet.
paper-1998-04,The Full Cost Of Intercity Highway Transportation,UPLOADED,/Users/dlev2617/Documents/Code/Agents/github-packages/UPLOADED/paper-1998-04-the-full-cost-of-intercity-highway-transportation,data/highway_full_cost_model/modernized_xlsx/hwy92_original.xlsx,LANES,column_9,,mixed_numeric_text,53,RURMIL-4 | 602 | 1003 | 987 | 409,,,xlsx,medium,Some headers were missing; generated column_N names. Sampled first 57 non-empty rows from worksheet.
paper-1998-04,The Full Cost Of Intercity Highway Transportation,UPLOADED,/Users/dlev2617/Documents/Code/Agents/github-packages/UPLOADED/paper-1998-04-the-full-cost-of-intercity-highway-transportation,data/highway_full_cost_model/modernized_xlsx/hwy92_original.xlsx,MILES,STATE,,text,53,Alabama | Alaska | Arizona | Arkansas | California,,,xlsx,medium,Some headers were missing; generated column_N names. Sampled first 57 non-empty rows from worksheet.
paper-1998-04,The Full Cost Of Intercity Highway Transportation,UPLOADED,/Users/dlev2617/Documents/Code/Agents/github-packages/UPLOADED/paper-1998-04-the-full-cost-of-intercity-highway-transportation,data/highway_full_cost_model/modernized_xlsx/hwy92_original.xlsx,MILES,PUBLIC ROAD AND STREET MILES (HM-20) p. V14,,mixed_numeric_text,55,RURAL | INTERSTATE | MILRURINT | 602 | 1003,,,xlsx,medium,Some headers were missing; generated column_N names. Sampled first 57 non-empty rows from worksheet.
paper-1998-04,The Full Cost Of Intercity Highway Transportation,UPLOADED,/Users/dlev2617/Documents/Code/Agents/github-packages/UPLOADED/paper-1998-04-the-full-cost-of-intercity-highway-transportation,data/highway_full_cost_model/modernized_xlsx/hwy92_original.xlsx,MILES,column_3,,mixed_numeric_text,55,RURAL | LOCAL | MILRURLOC | 72226 | 11104,,,xlsx,medium,Some headers were missing; generated column_N names. Sampled first 57 non-empty rows from worksheet.
paper-1998-04,The Full Cost Of Intercity Highway Transportation,UPLOADED,/Users/dlev2617/Documents/Code/Agents/github-packages/UPLOADED/paper-1998-04-the-full-cost-of-intercity-highway-transportation,data/highway_full_cost_model/modernized_xlsx/hwy92_original.xlsx,MILES,column_4,,mixed_numeric_text,55,RURAL | TOTAL | MILRURTOT | 72828 | 12107,,,xlsx,medium,Some headers were missing; generated column_N names. Sampled first 57 non-empty rows from worksheet.
paper-1998-04,The Full Cost Of Intercity Highway Transportation,UPLOADED,/Users/dlev2617/Documents/Code/Agents/github-packages/UPLOADED/paper-1998-04-the-full-cost-of-intercity-highway-transportation,data/highway_full_cost_model/modernized_xlsx/hwy92_original.xlsx,MILES,column_5,,mixed_numeric_text,55,URBAN | INTERSTATE | MILURBINT | 297 | 54,,,xlsx,medium,Some headers were missing; generated column_N names. Sampled first 57 non-empty rows from worksheet.
paper-1998-04,The Full Cost Of Intercity Highway Transportation,UPLOADED,/Users/dlev2617/Documents/Code/Agents/github-packages/UPLOADED/paper-1998-04-the-full-cost-of-intercity-highway-transportation,data/highway_full_cost_model/modernized_xlsx/hwy92_original.xlsx,MILES,column_6,,mixed_numeric_text,55,OTHER | FWY&EXPWY | MILURBFWY | 21 | 0,,,xlsx,medium,Some headers were missing; generated column_N names. Sampled first 57 non-empty rows from worksheet.
paper-1998-04,The Full Cost Of Intercity Highway Transportation,UPLOADED,/Users/dlev2617/Documents/Code/Agents/github-packages/UPLOADED/paper-1998-04-the-full-cost-of-intercity-highway-transportation,data/highway_full_cost_model/modernized_xlsx/hwy92_original.xlsx,MILES,column_7,,mixed_numeric_text,55,URBAN | LOCAL | MILURBLOC | 19063 | 1688,,,xlsx,medium,Some headers were missing; generated column_N names. Sampled first 57 non-empty rows from worksheet.
paper-1998-04,The Full Cost Of Intercity Highway Transportation,UPLOADED,/Users/dlev2617/Documents/Code/Agents/github-packages/UPLOADED/paper-1998-04-the-full-cost-of-intercity-highway-transportation,data/highway_full_cost_model/modernized_xlsx/hwy92_original.xlsx,MILES,column_8,,mixed_numeric_text,55,URBAN | TOTAL | MILURBTOT | 19381 | 1742,,,xlsx,medium,Some headers were missing; generated column_N names. Sampled first 57 non-empty rows from worksheet.
paper-1998-04,The Full Cost Of Intercity Highway Transportation,UPLOADED,/Users/dlev2617/Documents/Code/Agents/github-packages/UPLOADED/paper-1998-04-the-full-cost-of-intercity-highway-transportation,data/highway_full_cost_model/modernized_xlsx/hwy92_original.xlsx,MILES,column_9,,mixed_numeric_text,54,MILTOTTOT | 92209 | 13849 | 55763 | 77192,,,xlsx,medium,Some headers were missing; generated column_N names. Sampled first 57 non-empty rows from worksheet.
paper-1998-04,The Full Cost Of Intercity Highway Transportation,UPLOADED,/Users/dlev2617/Documents/Code/Agents/github-packages/UPLOADED/paper-1998-04-the-full-cost-of-intercity-highway-transportation,data/highway_full_cost_model/modernized_xlsx/hwy92_original.xlsx,RUR_EXP_93,column_1,,text,54,STATE | Alabama | Alaska | Arizona | Arkansas,,,xlsx,medium,Some headers were missing; generated column_N names. Sampled first 59 non-empty rows from worksheet.
paper-1998-04,The Full Cost Of Intercity Highway Transportation,UPLOADED,/Users/dlev2617/Documents/Code/Agents/github-packages/UPLOADED/paper-1998-04-the-full-cost-of-intercity-highway-transportation,data/highway_full_cost_model/modernized_xlsx/hwy92_original.xlsx,RUR_EXP_93,"STATE HIGHWAY AGENCY CAPITAL OUTLAY AND MAINTENANCE - 1993, Table SF-12 p.IV-64",,mixed_numeric_text,56,CAPITAL | RURAL | INTERSTATE | CAPRURINT | 29484,,,xlsx,medium,Some headers were missing; generated column_N names. Sampled first 59 non-empty rows from worksheet.
paper-1998-04,The Full Cost Of Intercity Highway Transportation,UPLOADED,/Users/dlev2617/Documents/Code/Agents/github-packages/UPLOADED/paper-1998-04-the-full-cost-of-intercity-highway-transportation,data/highway_full_cost_model/modernized_xlsx/hwy92_original.xlsx,RUR_EXP_93,column_3,,mixed_numeric_text,56,(thousands of dollars) | RURAL | LOCAL | CAPRURLOC | 238395,,,xlsx,medium,Some headers were missing; generated column_N names. Sampled first 59 non-empty rows from worksheet.
paper-1998-04,The Full Cost Of Intercity Highway Transportation,UPLOADED,/Users/dlev2617/Documents/Code/Agents/github-packages/UPLOADED/paper-1998-04-the-full-cost-of-intercity-highway-transportation,data/highway_full_cost_model/modernized_xlsx/hwy92_original.xlsx,RUR_EXP_93,column_4,,mixed_numeric_text,55,RURAL | TOTAL | CAPRURTOT | 267879 | 135324,,,xlsx,medium,Some headers were missing; generated column_N names. Sampled first 59 non-empty rows from worksheet.
paper-1998-04,The Full Cost Of Intercity Highway Transportation,UPLOADED,/Users/dlev2617/Documents/Code/Agents/github-packages/UPLOADED/paper-1998-04-the-full-cost-of-intercity-highway-transportation,data/highway_full_cost_model/modernized_xlsx/hwy92_original.xlsx,RUR_EXP_93,column_5,,mixed_numeric_text,56,MAINTENANCE | RURAL | INTERSTATE | MNTRURINT | 7412,,,xlsx,medium,Some headers were missing; generated column_N names. Sampled first 59 non-empty rows from worksheet.
paper-1998-04,The Full Cost Of Intercity Highway Transportation,UPLOADED,/Users/dlev2617/Documents/Code/Agents/github-packages/UPLOADED/paper-1998-04-the-full-cost-of-intercity-highway-transportation,data/highway_full_cost_model/modernized_xlsx/hwy92_original.xlsx,RUR_EXP_93,column_6,,mixed_numeric_text,55,RURAL | LOCAL | MNTRURLOC | 55938 | 8380,,,xlsx,medium,Some headers were missing; generated column_N names. Sampled first 59 non-empty rows from worksheet.
paper-1998-04,The Full Cost Of Intercity Highway Transportation,UPLOADED,/Users/dlev2617/Documents/Code/Agents/github-packages/UPLOADED/paper-1998-04-the-full-cost-of-intercity-highway-transportation,data/highway_full_cost_model/modernized_xlsx/hwy92_original.xlsx,RUR_EXP_93,column_7,,mixed_numeric_text,55,RURAL | TOTAL | MNTRURTOT | 63350 | 12124,,,xlsx,medium,Some headers were missing; generated column_N names. Sampled first 59 non-empty rows from worksheet.
paper-1998-04,The Full Cost Of Intercity Highway Transportation,UPLOADED,/Users/dlev2617/Documents/Code/Agents/github-packages/UPLOADED/paper-1998-04-the-full-cost-of-intercity-highway-transportation,data/highway_full_cost_model/modernized_xlsx/hwy92_original.xlsx,RUR_EXP_93,column_8,,empty,0,,,,xlsx,medium,Some headers were missing; generated column_N names. Sampled first 59 non-empty rows from worksheet.
paper-1998-04,The Full Cost Of Intercity Highway Transportation,UPLOADED,/Users/dlev2617/Documents/Code/Agents/github-packages/UPLOADED/paper-1998-04-the-full-cost-of-intercity-highway-transportation,data/highway_full_cost_model/modernized_xlsx/hwy92_original.xlsx,RUR_EXP_93,column_9,,mixed_numeric_text,53,MNTRURINT | 7412 | 3744 | NA | 7154,,,xlsx,medium,Some headers were missing; generated column_N names. Sampled first 59 non-empty rows from worksheet.
paper-1998-04,The Full Cost Of Intercity Highway Transportation,UPLOADED,/Users/dlev2617/Documents/Code/Agents/github-packages/UPLOADED/paper-1998-04-the-full-cost-of-intercity-highway-transportation,data/highway_full_cost_model/modernized_xlsx/hwy92_original.xlsx,RUR_EXP_93,column_10,,mixed_numeric_text,55,RURAL | INTERSTATE | VMTRURINT | 4442 | 677,,,xlsx,medium,Some headers were missing; generated column_N names. Sampled first 59 non-empty rows from worksheet.
paper-1998-04,The Full Cost Of Intercity Highway Transportation,UPLOADED,/Users/dlev2617/Documents/Code/Agents/github-packages/UPLOADED/paper-1998-04-the-full-cost-of-intercity-highway-transportation,data/highway_full_cost_model/modernized_xlsx/hwy92_original.xlsx,RUR_EXP_93,column_11,,mixed_numeric_text,55,RURAL | NON-INTERSTATE | VMTRURLOC | 18361 | 1328,,,xlsx,medium,Some headers were missing; generated column_N names. Sampled first 59 non-empty rows from worksheet.
paper-1998-04,The Full Cost Of Intercity Highway Transportation,UPLOADED,/Users/dlev2617/Documents/Code/Agents/github-packages/UPLOADED/paper-1998-04-the-full-cost-of-intercity-highway-transportation,data/highway_full_cost_model/modernized_xlsx/hwy92_original.xlsx,RUR_EXP_93,column_12,,mixed_numeric_text,54,RURAL TOTAL | VMTRURTOT | 22803 | 2005 | 13788,,,xlsx,medium,Some headers were missing; generated column_N names. Sampled first 59 non-empty rows from worksheet.
paper-1998-04,The Full Cost Of Intercity Highway Transportation,UPLOADED,/Users/dlev2617/Documents/Code/Agents/github-packages/UPLOADED/paper-1998-04-the-full-cost-of-intercity-highway-transportation,data/highway_full_cost_model/modernized_xlsx/hwy92_original.xlsx,RUR_EXP_93,column_13,,mixed_numeric_text,53,CAPRURINT | 29484 | 50659 | 66574 | 26357,,,xlsx,medium,Some headers were missing; generated column_N names. Sampled first 59 non-empty rows from worksheet.
paper-1998-04,The Full Cost Of Intercity Highway Transportation,UPLOADED,/Users/dlev2617/Documents/Code/Agents/github-packages/UPLOADED/paper-1998-04-the-full-cost-of-intercity-highway-transportation,data/highway_full_cost_model/modernized_xlsx/hwy92_original.xlsx,RUR_EXP_93,column_14,,mixed_numeric_text,55,RURAL | INTERSTATE | VMTRURINT | 4442 | 677,,,xlsx,medium,Some headers were missing; generated column_N names. Sampled first 59 non-empty rows from worksheet.
paper-1998-04,The Full Cost Of Intercity Highway Transportation,UPLOADED,/Users/dlev2617/Documents/Code/Agents/github-packages/UPLOADED/paper-1998-04-the-full-cost-of-intercity-highway-transportation,data/highway_full_cost_model/modernized_xlsx/hwy92_original.xlsx,DUMMIES,STATE,,text,53,Alabama | Alaska | Arizona | Arkansas | California,,,xlsx,medium,Some headers were missing; generated column_N names. Sampled first 56 non-empty rows from worksheet.
paper-1998-04,The Full Cost Of Intercity Highway Transportation,UPLOADED,/Users/dlev2617/Documents/Code/Agents/github-packages/UPLOADED/paper-1998-04-the-full-cost-of-intercity-highway-transportation,data/highway_full_cost_model/modernized_xlsx/hwy92_original.xlsx,DUMMIES,column_2,,mixed_numeric_text,53,ALASKA DUMMY | ALASKA | 0 | 1,,,xlsx,medium,Some headers were missing; generated column_N names. Sampled first 56 non-empty rows from worksheet.
paper-1998-04,The Full Cost Of Intercity Highway Transportation,UPLOADED,/Users/dlev2617/Documents/Code/Agents/github-packages/UPLOADED/paper-1998-04-the-full-cost-of-intercity-highway-transportation,data/highway_full_cost_model/modernized_xlsx/hwy92_original.xlsx,DUMMIES,column_3,,mixed_numeric_text,53,NY DUMMY | NEWYORK | 0 | 1,,,xlsx,medium,Some headers were missing; generated column_N names. Sampled first 56 non-empty rows from worksheet.
paper-1998-04,The Full Cost Of Intercity Highway Transportation,UPLOADED,/Users/dlev2617/Documents/Code/Agents/github-packages/UPLOADED/paper-1998-04-the-full-cost-of-intercity-highway-transportation,data/highway_full_cost_model/modernized_xlsx/hwy92_original.xlsx,DUMMIES,column_4,,mixed_numeric_text,53,CA DUMMY | CALIFORNIA | 0 | 1,,,xlsx,medium,Some headers were missing; generated column_N names. Sampled first 56 non-empty rows from worksheet.
paper-1998-04,The Full Cost Of Intercity Highway Transportation,UPLOADED,/Users/dlev2617/Documents/Code/Agents/github-packages/UPLOADED/paper-1998-04-the-full-cost-of-intercity-highway-transportation,data/highway_full_cost_model/modernized_xlsx/hwy92_original.xlsx,DUMMIES,column_5,,mixed_numeric_text,53,SE DUMMY | SOUTHEAST | 1 | 0,,,xlsx,medium,Some headers were missing; generated column_N names. Sampled first 56 non-empty rows from worksheet.
paper-1998-04,The Full Cost Of Intercity Highway Transportation,UPLOADED,/Users/dlev2617/Documents/Code/Agents/github-packages/UPLOADED/paper-1998-04-the-full-cost-of-intercity-highway-transportation,data/highway_full_cost_model/modernized_xlsx/hwy92_original.xlsx,DUMMIES,column_6,,mixed_numeric_text,53,MIDWEST DUMMY | MIDWEST | 0 | 1,,,xlsx,medium,Some headers were missing; generated column_N names. Sampled first 56 non-empty rows from worksheet.
paper-1998-04,The Full Cost Of Intercity Highway Transportation,UPLOADED,/Users/dlev2617/Documents/Code/Agents/github-packages/UPLOADED/paper-1998-04-the-full-cost-of-intercity-highway-transportation,data/highway_full_cost_model/modernized_xlsx/hwy92_original.xlsx,DUMMIES,column_7,,mixed_numeric_text,53,NE DUMMY (incl NY) | NORTHEAST | 0 | 1,,,xlsx,medium,Some headers were missing; generated column_N names. Sampled first 56 non-empty rows from worksheet.
paper-1998-04,The Full Cost Of Intercity Highway Transportation,UPLOADED,/Users/dlev2617/Documents/Code/Agents/github-packages/UPLOADED/paper-1998-04-the-full-cost-of-intercity-highway-transportation,data/highway_full_cost_model/modernized_xlsx/hwy92_original.xlsx,DUMMIES,column_8,,mixed_numeric_text,52,RURTOT | 22803 | 2005 | 13788 | 15048,,,xlsx,medium,Some headers were missing; generated column_N names. Sampled first 56 non-empty rows from worksheet.
paper-1998-04,The Full Cost Of Intercity Highway Transportation,UPLOADED,/Users/dlev2617/Documents/Code/Agents/github-packages/UPLOADED/paper-1998-04-the-full-cost-of-intercity-highway-transportation,data/highway_full_cost_model/modernized_xlsx/hwy92_original.xlsx,DUMMIES,column_9,,mixed_numeric_text,52,URBTOT | 22959 | 1836 | 21259 | 8033,,,xlsx,medium,Some headers were missing; generated column_N names. Sampled first 56 non-empty rows from worksheet.
paper-1998-04,The Full Cost Of Intercity Highway Transportation,UPLOADED,/Users/dlev2617/Documents/Code/Agents/github-packages/UPLOADED/paper-1998-04-the-full-cost-of-intercity-highway-transportation,data/highway_full_cost_model/modernized_xlsx/hwy92_original.xlsx,DUMMIES,RURAL,,mixed_numeric_text,54,INTERSTATE | RURINT | 4442 | 677 | 5110,,,xlsx,medium,Some headers were missing; generated column_N names. Sampled first 56 non-empty rows from worksheet.
paper-1998-04,The Full Cost Of Intercity Highway Transportation,UPLOADED,/Users/dlev2617/Documents/Code/Agents/github-packages/UPLOADED/paper-1998-04-the-full-cost-of-intercity-highway-transportation,data/highway_full_cost_model/modernized_xlsx/hwy92_original.xlsx,DUMMIES,RURAL_2,,mixed_numeric_text,54,NON-INTERSTATE | RURLOC | 18361 | 1328 | 8678,,,xlsx,medium,Some headers were missing; generated column_N names. Sampled first 56 non-empty rows from worksheet.
paper-1998-04,The Full Cost Of Intercity Highway Transportation,UPLOADED,/Users/dlev2617/Documents/Code/Agents/github-packages/UPLOADED/paper-1998-04-the-full-cost-of-intercity-highway-transportation,data/highway_full_cost_model/modernized_xlsx/hwy92_original.xlsx,DUMMIES,URBAN,,mixed_numeric_text,54,INTERSTATE + Other Freeways | URBINT | 4534 | 450 | 4347,,,xlsx,medium,Some headers were missing; generated column_N names. Sampled first 56 non-empty rows from worksheet.
paper-1998-04,The Full Cost Of Intercity Highway Transportation,UPLOADED,/Users/dlev2617/Documents/Code/Agents/github-packages/UPLOADED/paper-1998-04-the-full-cost-of-intercity-highway-transportation,data/highway_full_cost_model/modernized_xlsx/hwy92_original.xlsx,DUMMIES,URBAN_2,,mixed_numeric_text,54,NON-INTERSTATE | URBLOC | 18425 | 1386 | 16912,,,xlsx,medium,Some headers were missing; generated column_N names. Sampled first 56 non-empty rows from worksheet.
paper-1998-04,The Full Cost Of Intercity Highway Transportation,UPLOADED,/Users/dlev2617/Documents/Code/Agents/github-packages/UPLOADED/paper-1998-04-the-full-cost-of-intercity-highway-transportation,data/highway_full_cost_model/modernized_xlsx/hwy92_original.xlsx,DUMMIES,column_14,,mixed_numeric_text,52,INTTOT | 8976 | 1127 | 9457 | 5615,,,xlsx,medium,Some headers were missing; generated column_N names. Sampled first 56 non-empty rows from worksheet.
paper-1998-04,The Full Cost Of Intercity Highway Transportation,UPLOADED,/Users/dlev2617/Documents/Code/Agents/github-packages/UPLOADED/paper-1998-04-the-full-cost-of-intercity-highway-transportation,data/highway_full_cost_model/modernized_xlsx/hwy92_original.xlsx,DUMMIES,column_15,,mixed_numeric_text,52,%URBINT | 0.505124777183601 | 0.399290150842946 | 0.459659511472983 | 0.440783615316118,,,xlsx,medium,Some headers were missing; generated column_N names. Sampled first 56 non-empty rows from worksheet.
paper-1998-04,The Full Cost Of Intercity Highway Transportation,UPLOADED,/Users/dlev2617/Documents/Code/Agents/github-packages/UPLOADED/paper-1998-04-the-full-cost-of-intercity-highway-transportation,data/highway_full_cost_model/modernized_xlsx/hwy92_original.xlsx,DUMMIES,column_16,,mixed_numeric_text,52,LOCTOT | 36786 | 2714 | 25590 | 17466,,,xlsx,medium,Some headers were missing; generated column_N names. Sampled first 56 non-empty rows from worksheet.
paper-1998-04,The Full Cost Of Intercity Highway Transportation,UPLOADED,/Users/dlev2617/Documents/Code/Agents/github-packages/UPLOADED/paper-1998-04-the-full-cost-of-intercity-highway-transportation,data/highway_full_cost_model/modernized_xlsx/hwy92_original.xlsx,DUMMIES,column_17,,mixed_numeric_text,52,%URBLOC | 0.500869896156146 | 0.510685335298453 | 0.660883157483392 | 0.318218252605061,,,xlsx,medium,Some headers were missing; generated column_N names. Sampled first 56 non-empty rows from worksheet.
paper-1998-04,The Full Cost Of Intercity Highway Transportation,UPLOADED,/Users/dlev2617/Documents/Code/Agents/github-packages/UPLOADED/paper-1998-04-the-full-cost-of-intercity-highway-transportation,data/highway_full_cost_model/modernized_xlsx/hwy92_original.xlsx,DUMMIES,column_18,,mixed_numeric_text,52,TOTVMT | 45762 | 3841 | 35047 | 23081,,,xlsx,medium,Some headers were missing; generated column_N names. Sampled first 56 non-empty rows from worksheet.
paper-1998-04,The Full Cost Of Intercity Highway Transportation,UPLOADED,/Users/dlev2617/Documents/Code/Agents/github-packages/UPLOADED/paper-1998-04-the-full-cost-of-intercity-highway-transportation,data/highway_full_cost_model/modernized_xlsx/hwy92_original.xlsx,DUMMIES,TOTAL,,mixed_numeric_text,55,OPS & MAINT | OPSTOT | 434361 | 156897 | 164064,,,xlsx,medium,Some headers were missing; generated column_N names. Sampled first 56 non-empty rows from worksheet.
paper-1998-04,The Full Cost Of Intercity Highway Transportation,UPLOADED,/Users/dlev2617/Documents/Code/Agents/github-packages/UPLOADED/paper-1998-04-the-full-cost-of-intercity-highway-transportation,data/highway_full_cost_model/modernized_xlsx/hwy92_original.xlsx,DUMMIES,column_20,,mixed_numeric_text,52,TOT%URB | 0.501704470958437 | 0.478000520697735 | 0.606585442405912 | 0.348035180451454,,,xlsx,medium,Some headers were missing; generated column_N names. Sampled first 56 non-empty rows from worksheet.
paper-1998-04,The Full Cost Of Intercity Highway Transportation,UPLOADED,/Users/dlev2617/Documents/Code/Agents/github-packages/UPLOADED/paper-1998-04-the-full-cost-of-intercity-highway-transportation,data/highway_full_cost_model/modernized_xlsx/hwy92_original.xlsx,VMT_92,column_1,,text,54,STATE | Alabama | Alaska | Arizona | Arkansas,,,xlsx,medium,Some headers were missing; generated column_N names. Sampled first 61 non-empty rows from worksheet.
paper-1998-04,The Full Cost Of Intercity Highway Transportation,UPLOADED,/Users/dlev2617/Documents/Code/Agents/github-packages/UPLOADED/paper-1998-04-the-full-cost-of-intercity-highway-transportation,data/highway_full_cost_model/modernized_xlsx/hwy92_original.xlsx,VMT_92,"Source: Table VM2, pV-117 Annual Vehicle Miles of Travel 1992 Revised",,mixed_numeric_text,57,1993 Highway Statistics (FHWA PL-94-023) | VMT 1992 (millions) | RURAL | INTERSTATE | VMTRURINT,,,xlsx,medium,Some headers were missing; generated column_N names. Sampled first 61 non-empty rows from worksheet.
paper-1998-04,The Full Cost Of Intercity Highway Transportation,UPLOADED,/Users/dlev2617/Documents/Code/Agents/github-packages/UPLOADED/paper-1998-04-the-full-cost-of-intercity-highway-transportation,data/highway_full_cost_model/modernized_xlsx/hwy92_original.xlsx,VMT_92,column_3,,mixed_numeric_text,55,RURAL | NON-INTERSTATE | VMTRURLOC | 18361 | 1328,,,xlsx,medium,Some headers were missing; generated column_N names. Sampled first 61 non-empty rows from worksheet.
paper-1998-04,The Full Cost Of Intercity Highway Transportation,UPLOADED,/Users/dlev2617/Documents/Code/Agents/github-packages/UPLOADED/paper-1998-04-the-full-cost-of-intercity-highway-transportation,data/highway_full_cost_model/modernized_xlsx/hwy92_original.xlsx,VMT_92,column_4,,mixed_numeric_text,54,RURAL TOTAL | VMTRURTOT | 22803 | 2005 | 13788,,,xlsx,medium,Some headers were missing; generated column_N names. Sampled first 61 non-empty rows from worksheet.
paper-1998-04,The Full Cost Of Intercity Highway Transportation,UPLOADED,/Users/dlev2617/Documents/Code/Agents/github-packages/UPLOADED/paper-1998-04-the-full-cost-of-intercity-highway-transportation,data/highway_full_cost_model/modernized_xlsx/hwy92_original.xlsx,VMT_92,column_5,,mixed_numeric_text,57,URBAN | INTERSTATE | VMTURBINT | 4208 | 450,,,xlsx,medium,Some headers were missing; generated column_N names. Sampled first 61 non-empty rows from worksheet.
paper-1998-04,The Full Cost Of Intercity Highway Transportation,UPLOADED,/Users/dlev2617/Documents/Code/Agents/github-packages/UPLOADED/paper-1998-04-the-full-cost-of-intercity-highway-transportation,data/highway_full_cost_model/modernized_xlsx/hwy92_original.xlsx,VMT_92,column_6,,mixed_numeric_text,54,OTHER FWY | VMTURBFWY | 326 | 0 | 1344,,,xlsx,medium,Some headers were missing; generated column_N names. Sampled first 61 non-empty rows from worksheet.
paper-1998-04,The Full Cost Of Intercity Highway Transportation,UPLOADED,/Users/dlev2617/Documents/Code/Agents/github-packages/UPLOADED/paper-1998-04-the-full-cost-of-intercity-highway-transportation,data/highway_full_cost_model/modernized_xlsx/hwy92_original.xlsx,VMT_92,column_7,,mixed_numeric_text,55,URBAN | NON-INTERSTATE | VMTURBLOC | 18425 | 1386,,,xlsx,medium,Some headers were missing; generated column_N names. Sampled first 61 non-empty rows from worksheet.
paper-1998-04,The Full Cost Of Intercity Highway Transportation,UPLOADED,/Users/dlev2617/Documents/Code/Agents/github-packages/UPLOADED/paper-1998-04-the-full-cost-of-intercity-highway-transportation,data/highway_full_cost_model/modernized_xlsx/hwy92_original.xlsx,VMT_92,column_8,,mixed_numeric_text,55,URBAN | TOTAL | VMTURBTOT | 22959 | 1836,,,xlsx,medium,Some headers were missing; generated column_N names. Sampled first 61 non-empty rows from worksheet.
paper-1998-04,The Full Cost Of Intercity Highway Transportation,UPLOADED,/Users/dlev2617/Documents/Code/Agents/github-packages/UPLOADED/paper-1998-04-the-full-cost-of-intercity-highway-transportation,data/highway_full_cost_model/modernized_xlsx/hwy92_original.xlsx,VMT_92,column_9,,boolean_or_indicator,1,0,,,xlsx,medium,Some headers were missing; generated column_N names. Sampled first 61 non-empty rows from worksheet.
paper-1998-04,The Full Cost Of Intercity Highway Transportation,UPLOADED,/Users/dlev2617/Documents/Code/Agents/github-packages/UPLOADED/paper-1998-04-the-full-cost-of-intercity-highway-transportation,data/highway_full_cost_model/modernized_xlsx/hwy92_original.xlsx,ORIG,"TOTAL DISBURSEMENTS FOR HIGHWAYS, ALL UNITS OF GOVERNMENT - 1992 /1",,text,60,"COMPILED FROM REPORTS OF FEDERAL, | STATE AND LOCAL AUTHORITIES | STATE | Alabama | Alaska",,,xlsx,medium,Some headers were missing; generated column_N names. Sampled first 66 non-empty rows from worksheet.
paper-1998-04,The Full Cost Of Intercity Highway Transportation,UPLOADED,/Users/dlev2617/Documents/Code/Agents/github-packages/UPLOADED/paper-1998-04-the-full-cost-of-intercity-highway-transportation,data/highway_full_cost_model/modernized_xlsx/hwy92_original.xlsx,ORIG,column_2,,mixed_numeric_text,58,CAPITAL OUTLAY | STATE | ADMINISTERED | HIGHWAYS | CSTADMHWY,,,xlsx,medium,Some headers were missing; generated column_N names. Sampled first 66 non-empty rows from worksheet.
paper-1998-04,The Full Cost Of Intercity Highway Transportation,UPLOADED,/Users/dlev2617/Documents/Code/Agents/github-packages/UPLOADED/paper-1998-04-the-full-cost-of-intercity-highway-transportation,data/highway_full_cost_model/modernized_xlsx/hwy92_original.xlsx,ORIG,column_3,,mixed_numeric_text,58,(THOUSANDS OF DOLLARS) | LOCALLY | ADMINISTERED | ROADS | CLOCADMRD,,,xlsx,medium,Some headers were missing; generated column_N names. Sampled first 66 non-empty rows from worksheet.
paper-1998-04,The Full Cost Of Intercity Highway Transportation,UPLOADED,/Users/dlev2617/Documents/Code/Agents/github-packages/UPLOADED/paper-1998-04-the-full-cost-of-intercity-highway-transportation,data/highway_full_cost_model/modernized_xlsx/hwy92_original.xlsx,ORIG,column_4,,mixed_numeric_text,57,FEDERAL | ROADS AND | UNCLASSIFIED | CFEDROAD | 974,,,xlsx,medium,Some headers were missing; generated column_N names. Sampled first 66 non-empty rows from worksheet.
paper-1998-04,The Full Cost Of Intercity Highway Transportation,UPLOADED,/Users/dlev2617/Documents/Code/Agents/github-packages/UPLOADED/paper-1998-04-the-full-cost-of-intercity-highway-transportation,data/highway_full_cost_model/modernized_xlsx/hwy92_original.xlsx,ORIG,column_5,,mixed_numeric_text,55,TOTAL /2 | CTOTAL | 416331 | 278830 | 712556,,,xlsx,medium,Some headers were missing; generated column_N names. Sampled first 66 non-empty rows from worksheet.
paper-1998-04,The Full Cost Of Intercity Highway Transportation,UPLOADED,/Users/dlev2617/Documents/Code/Agents/github-packages/UPLOADED/paper-1998-04-the-full-cost-of-intercity-highway-transportation,data/highway_full_cost_model/modernized_xlsx/hwy92_original.xlsx,ORIG,column_6,,mixed_numeric_text,58,MAINTENANCE AND SERVICES | STATE | ADMINISTERED | HIGHWAYS | MSTADMHWY,,,xlsx,medium,Some headers were missing; generated column_N names. Sampled first 66 non-empty rows from worksheet.
paper-1998-04,The Full Cost Of Intercity Highway Transportation,UPLOADED,/Users/dlev2617/Documents/Code/Agents/github-packages/UPLOADED/paper-1998-04-the-full-cost-of-intercity-highway-transportation,data/highway_full_cost_model/modernized_xlsx/hwy92_original.xlsx,ORIG,column_7,,mixed_numeric_text,57,LOCALLY | ADMINISTERED | ROADS | MLOCADMRD | 299897,,,xlsx,medium,Some headers were missing; generated column_N names. Sampled first 66 non-empty rows from worksheet.
paper-1998-04,The Full Cost Of Intercity Highway Transportation,UPLOADED,/Users/dlev2617/Documents/Code/Agents/github-packages/UPLOADED/paper-1998-04-the-full-cost-of-intercity-highway-transportation,data/highway_full_cost_model/modernized_xlsx/hwy92_original.xlsx,ORIG,column_8,,mixed_numeric_text,59,FEDERAL | ROADS AND | UNCLASSIFIED | MREDROAD | 14,,,xlsx,medium,Some headers were missing; generated column_N names. Sampled first 66 non-empty rows from worksheet.
paper-1998-04,The Full Cost Of Intercity Highway Transportation,UPLOADED,/Users/dlev2617/Documents/Code/Agents/github-packages/UPLOADED/paper-1998-04-the-full-cost-of-intercity-highway-transportation,data/highway_full_cost_model/modernized_xlsx/hwy92_original.xlsx,ORIG,column_9,,mixed_numeric_text,55,TOTAL | MTOTAL | 434361 | 156897 | 164064,,,xlsx,medium,Some headers were missing; generated column_N names. Sampled first 66 non-empty rows from worksheet.
paper-1998-04,The Full Cost Of Intercity Highway Transportation,UPLOADED,/Users/dlev2617/Documents/Code/Agents/github-packages/UPLOADED/paper-1998-04-the-full-cost-of-intercity-highway-transportation,data/highway_full_cost_model/modernized_xlsx/hwy92_original.xlsx,ORIG,column_10,,mixed_numeric_text,59,ADMIN- | ISTRATION | AND | MISCEL- | LANEOUS,,,xlsx,medium,Some headers were missing; generated column_N names. Sampled first 66 non-empty rows from worksheet.
paper-1998-04,The Full Cost Of Intercity Highway Transportation,UPLOADED,/Users/dlev2617/Documents/Code/Agents/github-packages/UPLOADED/paper-1998-04-the-full-cost-of-intercity-highway-transportation,data/highway_full_cost_model/modernized_xlsx/hwy92_original.xlsx,ORIG,column_11,,mixed_numeric_text,59,HIGHWAY | LAW | ENFORCEMENT | AND | SAFETY,,,xlsx,medium,Some headers were missing; generated column_N names. Sampled first 66 non-empty rows from worksheet.
paper-1998-04,The Full Cost Of Intercity Highway Transportation,UPLOADED,/Users/dlev2617/Documents/Code/Agents/github-packages/UPLOADED/paper-1998-04-the-full-cost-of-intercity-highway-transportation,data/highway_full_cost_model/modernized_xlsx/hwy92_original.xlsx,ORIG,column_12,,mixed_numeric_text,55,INTEREST | 11128 | 13411 | 154305 | 661,,,xlsx,medium,Some headers were missing; generated column_N names. Sampled first 66 non-empty rows from worksheet.
paper-1998-04,The Full Cost Of Intercity Highway Transportation,UPLOADED,/Users/dlev2617/Documents/Code/Agents/github-packages/UPLOADED/paper-1998-04-the-full-cost-of-intercity-highway-transportation,data/highway_full_cost_model/modernized_xlsx/hwy92_original.xlsx,ORIG,column_13,,mixed_numeric_text,56,BOND | RETIREMENT /3 | BONDRETIRE | 20436 | 21623,,,xlsx,medium,Some headers were missing; generated column_N names. Sampled first 66 non-empty rows from worksheet.
paper-1998-04,The Full Cost Of Intercity Highway Transportation,UPLOADED,/Users/dlev2617/Documents/Code/Agents/github-packages/UPLOADED/paper-1998-04-the-full-cost-of-intercity-highway-transportation,data/highway_full_cost_model/modernized_xlsx/hwy92_original.xlsx,ORIG,column_14,,mixed_numeric_text,58,"""TABLE HF-2 | ""SEPTEMBER 1994 | TOTAL | DISBURSEMENTS | TOTALDISB",,,xlsx,medium,Some headers were missing; generated column_N names. Sampled first 66 non-empty rows from worksheet.
paper-1998-04,The Full Cost Of Intercity Highway Transportation,UPLOADED,/Users/dlev2617/Documents/Code/Agents/github-packages/UPLOADED/paper-1998-04-the-full-cost-of-intercity-highway-transportation,data/highway_full_cost_model/original_legacy/full_cost_project_c4/data_master_original_legacy.xls,Sheet1,column_1,,text,53,Alabama | Alaska | Arizona | Arkansas | California,,,xls,medium,Some headers were missing; generated column_N names. Sampled first 54 non-empty rows from worksheet.
paper-1998-04,The Full Cost Of Intercity Highway Transportation,UPLOADED,/Users/dlev2617/Documents/Code/Agents/github-packages/UPLOADED/paper-1998-04-the-full-cost-of-intercity-highway-transportation,data/highway_full_cost_model/original_legacy/full_cost_project_c4/data_master_original_legacy.xls,Sheet1,CAPURBINT,,numeric,53,125348.0 | 35459.0 | 48078.0 | 6623.0 | 513828.0,0,5539140,xls,medium,Some headers were missing; generated column_N names. Sampled first 54 non-empty rows from worksheet.
paper-1998-04,The Full Cost Of Intercity Highway Transportation,UPLOADED,/Users/dlev2617/Documents/Code/Agents/github-packages/UPLOADED/paper-1998-04-the-full-cost-of-intercity-highway-transportation,data/highway_full_cost_model/original_legacy/full_cost_project_c4/data_master_original_legacy.xls,Sheet1,CAPURBLOC,,numeric,53,77005.0 | 71217.0 | 229257.0 | 132474.0 | 881208.0,0,1156753,xls,medium,Some headers were missing; generated column_N names. Sampled first 54 non-empty rows from worksheet.
paper-1998-04,The Full Cost Of Intercity Highway Transportation,UPLOADED,/Users/dlev2617/Documents/Code/Agents/github-packages/UPLOADED/paper-1998-04-the-full-cost-of-intercity-highway-transportation,data/highway_full_cost_model/original_legacy/full_cost_project_c4/data_master_original_legacy.xls,Sheet1,CAPURBTOT,,numeric,53,202353.0 | 106676.0 | 277335.0 | 139097.0 | 1395036.0,0,15864206,xls,medium,Some headers were missing; generated column_N names. Sampled first 54 non-empty rows from worksheet.
paper-1998-04,The Full Cost Of Intercity Highway Transportation,UPLOADED,/Users/dlev2617/Documents/Code/Agents/github-packages/UPLOADED/paper-1998-04-the-full-cost-of-intercity-highway-transportation,data/highway_full_cost_model/original_legacy/full_cost_project_c4/data_master_original_legacy.xls,Sheet1,MNTURBINT,,numeric,53,7008.0 | 1369.0 | 15 | 1387.0 | 51921.0,0,452488,xls,medium,Some headers were missing; generated column_N names. Sampled first 54 non-empty rows from worksheet.
paper-1998-04,The Full Cost Of Intercity Highway Transportation,UPLOADED,/Users/dlev2617/Documents/Code/Agents/github-packages/UPLOADED/paper-1998-04-the-full-cost-of-intercity-highway-transportation,data/highway_full_cost_model/original_legacy/full_cost_project_c4/data_master_original_legacy.xls,Sheet1,MNTURBLOC,,numeric,53,87510.0 | 19907.0 | 15 | 24221.0 | 80647.0,0,342892,xls,medium,Some headers were missing; generated column_N names. Sampled first 54 non-empty rows from worksheet.
paper-1998-04,The Full Cost Of Intercity Highway Transportation,UPLOADED,/Users/dlev2617/Documents/Code/Agents/github-packages/UPLOADED/paper-1998-04-the-full-cost-of-intercity-highway-transportation,data/highway_full_cost_model/original_legacy/full_cost_project_c4/data_master_original_legacy.xls,Sheet1,MNTURBTOT,,numeric,53,94518.0 | 21276.0 | 15 | 25608.0 | 132568.0,0,2973365,xls,medium,Some headers were missing; generated column_N names. Sampled first 54 non-empty rows from worksheet.
paper-1998-04,The Full Cost Of Intercity Highway Transportation,UPLOADED,/Users/dlev2617/Documents/Code/Agents/github-packages/UPLOADED/paper-1998-04-the-full-cost-of-intercity-highway-transportation,data/highway_full_cost_model/original_legacy/full_cost_project_c4/data_master_original_legacy.xls,Sheet1,CAPRURINT,,mixed_numeric_text,52,29484.0 | 50659.0 | 66574.0 | 26357.0 | 61578.0,,,xls,medium,Some headers were missing; generated column_N names. Sampled first 54 non-empty rows from worksheet.
paper-1998-04,The Full Cost Of Intercity Highway Transportation,UPLOADED,/Users/dlev2617/Documents/Code/Agents/github-packages/UPLOADED/paper-1998-04-the-full-cost-of-intercity-highway-transportation,data/highway_full_cost_model/original_legacy/full_cost_project_c4/data_master_original_legacy.xls,Sheet1,CAPRURLOC,,numeric,52,238395.0 | 84665.0 | 136890.0 | 196878.0 | 678709.0,0,807390,xls,medium,Some headers were missing; generated column_N names. Sampled first 54 non-empty rows from worksheet.
paper-1998-04,The Full Cost Of Intercity Highway Transportation,UPLOADED,/Users/dlev2617/Documents/Code/Agents/github-packages/UPLOADED/paper-1998-04-the-full-cost-of-intercity-highway-transportation,data/highway_full_cost_model/original_legacy/full_cost_project_c4/data_master_original_legacy.xls,Sheet1,CAPRURTOT,,mixed_numeric_text,52,267879.0 | 135324.0 | 203464.0 | 223235.0 | 740287.0,,,xls,medium,Some headers were missing; generated column_N names. Sampled first 54 non-empty rows from worksheet.
paper-1998-04,The Full Cost Of Intercity Highway Transportation,UPLOADED,/Users/dlev2617/Documents/Code/Agents/github-packages/UPLOADED/paper-1998-04-the-full-cost-of-intercity-highway-transportation,data/highway_full_cost_model/original_legacy/full_cost_project_c4/data_master_original_legacy.xls,Sheet1,MNTRURINT,,mixed_numeric_text,52,7412.0 | 3744.0 | NA | 7154.0 | 44901.0,,,xls,medium,Some headers were missing; generated column_N names. Sampled first 54 non-empty rows from worksheet.
paper-1998-04,The Full Cost Of Intercity Highway Transportation,UPLOADED,/Users/dlev2617/Documents/Code/Agents/github-packages/UPLOADED/paper-1998-04-the-full-cost-of-intercity-highway-transportation,data/highway_full_cost_model/original_legacy/full_cost_project_c4/data_master_original_legacy.xls,Sheet1,MNTRURLOC,,numeric,52,55938.0 | 8380.0 | 15 | 60650.0 | 164991.0,0,355502,xls,medium,Some headers were missing; generated column_N names. Sampled first 54 non-empty rows from worksheet.
paper-1998-04,The Full Cost Of Intercity Highway Transportation,UPLOADED,/Users/dlev2617/Documents/Code/Agents/github-packages/UPLOADED/paper-1998-04-the-full-cost-of-intercity-highway-transportation,data/highway_full_cost_model/original_legacy/full_cost_project_c4/data_master_original_legacy.xls,Sheet1,MNTRURTOT,,mixed_numeric_text,52,63350.0 | 12124.0 | NA | 67804.0 | 209892.0,,,xls,medium,Some headers were missing; generated column_N names. Sampled first 54 non-empty rows from worksheet.
paper-1998-04,The Full Cost Of Intercity Highway Transportation,UPLOADED,/Users/dlev2617/Documents/Code/Agents/github-packages/UPLOADED/paper-1998-04-the-full-cost-of-intercity-highway-transportation,data/highway_full_cost_model/original_legacy/full_cost_project_c4/data_master_original_legacy.xls,Sheet1,CAPTOTINT,,mixed_numeric_text,52,154832.0 | 86118.0 | 114652.0 | 32980.0 | 575406.0,,,xls,medium,Some headers were missing; generated column_N names. Sampled first 54 non-empty rows from worksheet.
paper-1998-04,The Full Cost Of Intercity Highway Transportation,UPLOADED,/Users/dlev2617/Documents/Code/Agents/github-packages/UPLOADED/paper-1998-04-the-full-cost-of-intercity-highway-transportation,data/highway_full_cost_model/original_legacy/full_cost_project_c4/data_master_original_legacy.xls,Sheet1,CAPTOTLOC,,numeric,52,315400.0 | 155882.0 | 366147.0 | 329352.0 | 1559917.0,15,1559917,xls,medium,Some headers were missing; generated column_N names. Sampled first 54 non-empty rows from worksheet.
paper-1998-04,The Full Cost Of Intercity Highway Transportation,UPLOADED,/Users/dlev2617/Documents/Code/Agents/github-packages/UPLOADED/paper-1998-04-the-full-cost-of-intercity-highway-transportation,data/highway_full_cost_model/original_legacy/full_cost_project_c4/data_master_original_legacy.xls,Sheet1,CAPTOTTOT,,mixed_numeric_text,52,470232.0 | 242000.0 | 480799.0 | 362332.0 | 2135323.0,,,xls,medium,Some headers were missing; generated column_N names. Sampled first 54 non-empty rows from worksheet.
paper-1998-04,The Full Cost Of Intercity Highway Transportation,UPLOADED,/Users/dlev2617/Documents/Code/Agents/github-packages/UPLOADED/paper-1998-04-the-full-cost-of-intercity-highway-transportation,data/highway_full_cost_model/original_legacy/full_cost_project_c4/data_master_original_legacy.xls,Sheet1,MNTTOTINT,,mixed_numeric_text,52,14420.0 | 5113.0 | NA | 8541.0 | 96822.0,,,xls,medium,Some headers were missing; generated column_N names. Sampled first 54 non-empty rows from worksheet.
paper-1998-04,The Full Cost Of Intercity Highway Transportation,UPLOADED,/Users/dlev2617/Documents/Code/Agents/github-packages/UPLOADED/paper-1998-04-the-full-cost-of-intercity-highway-transportation,data/highway_full_cost_model/original_legacy/full_cost_project_c4/data_master_original_legacy.xls,Sheet1,MNTTOTLOC,,numeric,52,143448.0 | 28287.0 | 15 | 84871.0 | 245638.0,15,467463,xls,medium,Some headers were missing; generated column_N names. Sampled first 54 non-empty rows from worksheet.
paper-1998-04,The Full Cost Of Intercity Highway Transportation,UPLOADED,/Users/dlev2617/Documents/Code/Agents/github-packages/UPLOADED/paper-1998-04-the-full-cost-of-intercity-highway-transportation,data/highway_full_cost_model/original_legacy/full_cost_project_c4/data_master_original_legacy.xls,Sheet1,MNTTOTTOT,,mixed_numeric_text,52,157868.0 | 33400.0 | 68839.0 | 93412.0 | 342460.0,,,xls,medium,Some headers were missing; generated column_N names. Sampled first 54 non-empty rows from worksheet.
paper-1998-04,The Full Cost Of Intercity Highway Transportation,UPLOADED,/Users/dlev2617/Documents/Code/Agents/github-packages/UPLOADED/paper-1998-04-the-full-cost-of-intercity-highway-transportation,data/highway_full_cost_model/original_legacy/full_cost_project_c4/data_master_original_legacy.xls,Sheet1,MILRURINT,,numeric,52,602.0 | 1003.0 | 987.0 | 412.0 | 1356.0,0,32622,xls,medium,Some headers were missing; generated column_N names. Sampled first 54 non-empty rows from worksheet.
paper-1998-04,The Full Cost Of Intercity Highway Transportation,UPLOADED,/Users/dlev2617/Documents/Code/Agents/github-packages/UPLOADED/paper-1998-04-the-full-cost-of-intercity-highway-transportation,data/highway_full_cost_model/original_legacy/full_cost_project_c4/data_master_original_legacy.xls,Sheet1,MILRURLOC,,numeric,52,72226.0 | 11104.0 | 38436.0 | 69185.0 | 86784.0,0,3069021,xls,medium,Some headers were missing; generated column_N names. Sampled first 54 non-empty rows from worksheet.
paper-1998-04,The Full Cost Of Intercity Highway Transportation,UPLOADED,/Users/dlev2617/Documents/Code/Agents/github-packages/UPLOADED/paper-1998-04-the-full-cost-of-intercity-highway-transportation,data/highway_full_cost_model/original_legacy/full_cost_project_c4/data_master_original_legacy.xls,Sheet1,MILRURTOT,,numeric,52,72828.0 | 12107.0 | 39423.0 | 69597.0 | 88140.0,0,3101643,xls,medium,Some headers were missing; generated column_N names. Sampled first 54 non-empty rows from worksheet.
paper-1998-04,The Full Cost Of Intercity Highway Transportation,UPLOADED,/Users/dlev2617/Documents/Code/Agents/github-packages/UPLOADED/paper-1998-04-the-full-cost-of-intercity-highway-transportation,data/highway_full_cost_model/original_legacy/full_cost_project_c4/data_master_original_legacy.xls,Sheet1,MILURBINT,,numeric,52,297.0 | 54.0 | 202.0 | 131.0 | 1067.0,14,12878,xls,medium,Some headers were missing; generated column_N names. Sampled first 54 non-empty rows from worksheet.
paper-1998-04,The Full Cost Of Intercity Highway Transportation,UPLOADED,/Users/dlev2617/Documents/Code/Agents/github-packages/UPLOADED/paper-1998-04-the-full-cost-of-intercity-highway-transportation,data/highway_full_cost_model/original_legacy/full_cost_project_c4/data_master_original_legacy.xls,Sheet1,MILURBFWY,,numeric,52,21.0 | 0.0 | 70.0 | 94.0 | 1393.0,0,8857,xls,medium,Some headers were missing; generated column_N names. Sampled first 54 non-empty rows from worksheet.
paper-1998-04,The Full Cost Of Intercity Highway Transportation,UPLOADED,/Users/dlev2617/Documents/Code/Agents/github-packages/UPLOADED/paper-1998-04-the-full-cost-of-intercity-highway-transportation,data/highway_full_cost_model/original_legacy/full_cost_project_c4/data_master_original_legacy.xls,Sheet1,MILURBLOC,,numeric,52,91891.0 | 13795.0 | 55491.0 | 76967.0 | 166741.0,1074,3882986,xls,medium,Some headers were missing; generated column_N names. Sampled first 54 non-empty rows from worksheet.
paper-1998-04,The Full Cost Of Intercity Highway Transportation,UPLOADED,/Users/dlev2617/Documents/Code/Agents/github-packages/UPLOADED/paper-1998-04-the-full-cost-of-intercity-highway-transportation,data/highway_full_cost_model/original_legacy/full_cost_project_c4/data_master_original_legacy.xls,Sheet1,MILURBTOT,,numeric,52,92209.0 | 13849.0 | 55763.0 | 77192.0 | 169201.0,1107,3904721,xls,medium,Some headers were missing; generated column_N names. Sampled first 54 non-empty rows from worksheet.
paper-1998-04,The Full Cost Of Intercity Highway Transportation,UPLOADED,/Users/dlev2617/Documents/Code/Agents/github-packages/UPLOADED/paper-1998-04-the-full-cost-of-intercity-highway-transportation,data/highway_full_cost_model/original_legacy/full_cost_project_c4/data_master_original_legacy.xls,Sheet1,URBMIL+4,,numeric,52,43.0 | 10.0 | 54.0 | 45.0 | 940.0,0,6230,xls,medium,Some headers were missing; generated column_N names. Sampled first 54 non-empty rows from worksheet.
paper-1998-04,The Full Cost Of Intercity Highway Transportation,UPLOADED,/Users/dlev2617/Documents/Code/Agents/github-packages/UPLOADED/paper-1998-04-the-full-cost-of-intercity-highway-transportation,data/highway_full_cost_model/original_legacy/full_cost_project_c4/data_master_original_legacy.xls,Sheet1,URBMIL-4,,numeric,52,254.0 | 44.0 | 148.0 | 86.0 | 127.0,4,6648,xls,medium,Some headers were missing; generated column_N names. Sampled first 54 non-empty rows from worksheet.
paper-1998-04,The Full Cost Of Intercity Highway Transportation,UPLOADED,/Users/dlev2617/Documents/Code/Agents/github-packages/UPLOADED/paper-1998-04-the-full-cost-of-intercity-highway-transportation,data/highway_full_cost_model/original_legacy/full_cost_project_c4/data_master_original_legacy.xls,Sheet1,RURMIL+4,,numeric,52,0.0 | 3.0 | 286.0 | 21.0 | 22.0,0,1589,xls,medium,Some headers were missing; generated column_N names. Sampled first 54 non-empty rows from worksheet.
paper-1998-04,The Full Cost Of Intercity Highway Transportation,UPLOADED,/Users/dlev2617/Documents/Code/Agents/github-packages/UPLOADED/paper-1998-04-the-full-cost-of-intercity-highway-transportation,data/highway_full_cost_model/original_legacy/full_cost_project_c4/data_master_original_legacy.xls,Sheet1,RURMIL-4,,numeric,52,602.0 | 1003.0 | 987.0 | 409.0 | 1070.0,0,31033,xls,medium,Some headers were missing; generated column_N names. Sampled first 54 non-empty rows from worksheet.
paper-1998-04,The Full Cost Of Intercity Highway Transportation,UPLOADED,/Users/dlev2617/Documents/Code/Agents/github-packages/UPLOADED/paper-1998-04-the-full-cost-of-intercity-highway-transportation,data/highway_full_cost_model/original_legacy/full_cost_project_c4/data_master_original_legacy.xls,Sheet1,RURPASSVEH,,numeric,52,56.0 | 57.9 | 57.7 | 56.5 | 69.3,41.2,100,xls,medium,Some headers were missing; generated column_N names. Sampled first 54 non-empty rows from worksheet.
paper-1998-04,The Full Cost Of Intercity Highway Transportation,UPLOADED,/Users/dlev2617/Documents/Code/Agents/github-packages/UPLOADED/paper-1998-04-the-full-cost-of-intercity-highway-transportation,data/highway_full_cost_model/original_legacy/full_cost_project_c4/data_master_original_legacy.xls,Sheet1,RURTRUSING,,numeric,52,16.9 | 39.7 | 26.0 | 13.4 | 17.2,0,39.7,xls,medium,Some headers were missing; generated column_N names. Sampled first 54 non-empty rows from worksheet.
paper-1998-04,The Full Cost Of Intercity Highway Transportation,UPLOADED,/Users/dlev2617/Documents/Code/Agents/github-packages/UPLOADED/paper-1998-04-the-full-cost-of-intercity-highway-transportation,data/highway_full_cost_model/original_legacy/full_cost_project_c4/data_master_original_legacy.xls,Sheet1,RURTRUCOM,,numeric,52,27.1 | 2.3999999999999986 | 16.299999999999997 | 30.1 | 13.500000000000004,0,34.4,xls,medium,Some headers were missing; generated column_N names. Sampled first 54 non-empty rows from worksheet.
paper-1998-04,The Full Cost Of Intercity Highway Transportation,UPLOADED,/Users/dlev2617/Documents/Code/Agents/github-packages/UPLOADED/paper-1998-04-the-full-cost-of-intercity-highway-transportation,data/highway_full_cost_model/original_legacy/full_cost_project_c4/data_master_original_legacy.xls,Sheet1,URBPASSVEH,,numeric,52,72.7 | 85.1 | 58.7 | 68.8 | 86.2,55.1,97.1,xls,medium,Some headers were missing; generated column_N names. Sampled first 54 non-empty rows from worksheet.
paper-1998-04,The Full Cost Of Intercity Highway Transportation,UPLOADED,/Users/dlev2617/Documents/Code/Agents/github-packages/UPLOADED/paper-1998-04-the-full-cost-of-intercity-highway-transportation,data/highway_full_cost_model/original_legacy/full_cost_project_c4/data_master_original_legacy.xls,Sheet1,URBTRUSING,,numeric,52,14.3 | 14.2 | 33.2 | 14.8 | 110.0,2.5,110,xls,medium,Some headers were missing; generated column_N names. Sampled first 54 non-empty rows from worksheet.
paper-1998-04,The Full Cost Of Intercity Highway Transportation,UPLOADED,/Users/dlev2617/Documents/Code/Agents/github-packages/UPLOADED/paper-1998-04-the-full-cost-of-intercity-highway-transportation,data/highway_full_cost_model/original_legacy/full_cost_project_c4/data_master_original_legacy.xls,Sheet1,URBTRUCOMB,,numeric,52,12.999999999999996 | 0.7000000000000064 | 8.099999999999994 | 16.400000000000002 | -96.2,-96.2,19.3,xls,medium,Some headers were missing; generated column_N names. Sampled first 54 non-empty rows from worksheet.
paper-1998-04,The Full Cost Of Intercity Highway Transportation,UPLOADED,/Users/dlev2617/Documents/Code/Agents/github-packages/UPLOADED/paper-1998-04-the-full-cost-of-intercity-highway-transportation,data/highway_full_cost_model/original_legacy/full_cost_project_c4/data_master_original_legacy.xls,Sheet1,ALASKA,,numeric,51,0.0 | 1.0,0,1,xls,medium,Some headers were missing; generated column_N names. Sampled first 54 non-empty rows from worksheet.
paper-1998-04,The Full Cost Of Intercity Highway Transportation,UPLOADED,/Users/dlev2617/Documents/Code/Agents/github-packages/UPLOADED/paper-1998-04-the-full-cost-of-intercity-highway-transportation,data/highway_full_cost_model/original_legacy/full_cost_project_c4/data_master_original_legacy.xls,Sheet1,NEWYORK,,numeric,51,0.0 | 1.0,0,1,xls,medium,Some headers were missing; generated column_N names. Sampled first 54 non-empty rows from worksheet.
paper-1998-04,The Full Cost Of Intercity Highway Transportation,UPLOADED,/Users/dlev2617/Documents/Code/Agents/github-packages/UPLOADED/paper-1998-04-the-full-cost-of-intercity-highway-transportation,data/highway_full_cost_model/original_legacy/full_cost_project_c4/data_master_original_legacy.xls,Sheet1,CALIFORNIA,,numeric,51,0.0 | 1.0,0,1,xls,medium,Some headers were missing; generated column_N names. Sampled first 54 non-empty rows from worksheet.
paper-1998-04,The Full Cost Of Intercity Highway Transportation,UPLOADED,/Users/dlev2617/Documents/Code/Agents/github-packages/UPLOADED/paper-1998-04-the-full-cost-of-intercity-highway-transportation,data/highway_full_cost_model/original_legacy/full_cost_project_c4/data_master_original_legacy.xls,Sheet1,SOUTHEAST,,numeric,51,1.0 | 0.0,0,1,xls,medium,Some headers were missing; generated column_N names. Sampled first 54 non-empty rows from worksheet.
paper-1998-04,The Full Cost Of Intercity Highway Transportation,UPLOADED,/Users/dlev2617/Documents/Code/Agents/github-packages/UPLOADED/paper-1998-04-the-full-cost-of-intercity-highway-transportation,data/highway_full_cost_model/original_legacy/full_cost_project_c4/data_master_original_legacy.xls,Sheet1,MIDWEST,,numeric,51,0.0 | 1.0,0,1,xls,medium,Some headers were missing; generated column_N names. Sampled first 54 non-empty rows from worksheet.
paper-1998-04,The Full Cost Of Intercity Highway Transportation,UPLOADED,/Users/dlev2617/Documents/Code/Agents/github-packages/UPLOADED/paper-1998-04-the-full-cost-of-intercity-highway-transportation,data/highway_full_cost_model/original_legacy/full_cost_project_c4/data_master_original_legacy.xls,Sheet1,NORTHEAST,,numeric,51,0.0 | 1.0,0,1,xls,medium,Some headers were missing; generated column_N names. Sampled first 54 non-empty rows from worksheet.
paper-1998-04,The Full Cost Of Intercity Highway Transportation,UPLOADED,/Users/dlev2617/Documents/Code/Agents/github-packages/UPLOADED/paper-1998-04-the-full-cost-of-intercity-highway-transportation,data/highway_full_cost_model/original_legacy/full_cost_project_c4/data_master_original_legacy.xls,Sheet1,VMTRURINT,,numeric,52,4442.0 | 677.0 | 5110.0 | 3140.0 | 14322.0,0,205557,xls,medium,Some headers were missing; generated column_N names. Sampled first 54 non-empty rows from worksheet.
paper-1998-04,The Full Cost Of Intercity Highway Transportation,UPLOADED,/Users/dlev2617/Documents/Code/Agents/github-packages/UPLOADED/paper-1998-04-the-full-cost-of-intercity-highway-transportation,data/highway_full_cost_model/original_legacy/full_cost_project_c4/data_master_original_legacy.xls,Sheet1,VMTRURLOC,,numeric,52,18361.0 | 1328.0 | 8678.0 | 11908.0 | 37875.0,0,678540,xls,medium,Some headers were missing; generated column_N names. Sampled first 54 non-empty rows from worksheet.
paper-1998-04,The Full Cost Of Intercity Highway Transportation,UPLOADED,/Users/dlev2617/Documents/Code/Agents/github-packages/UPLOADED/paper-1998-04-the-full-cost-of-intercity-highway-transportation,data/highway_full_cost_model/original_legacy/full_cost_project_c4/data_master_original_legacy.xls,Sheet1,VMTRURTOT,,numeric,52,22803.0 | 2005.0 | 13788.0 | 15048.0 | 52197.0,0,884097,xls,medium,Some headers were missing; generated column_N names. Sampled first 54 non-empty rows from worksheet.
paper-1998-04,The Full Cost Of Intercity Highway Transportation,UPLOADED,/Users/dlev2617/Documents/Code/Agents/github-packages/UPLOADED/paper-1998-04-the-full-cost-of-intercity-highway-transportation,data/highway_full_cost_model/original_legacy/full_cost_project_c4/data_master_original_legacy.xls,Sheet1,VMTURBINT,,numeric,52,4208.0 | 450.0 | 3003.0 | 1758.0 | 52566.0,184,303275,xls,medium,Some headers were missing; generated column_N names. Sampled first 54 non-empty rows from worksheet.
paper-1998-04,The Full Cost Of Intercity Highway Transportation,UPLOADED,/Users/dlev2617/Documents/Code/Agents/github-packages/UPLOADED/paper-1998-04-the-full-cost-of-intercity-highway-transportation,data/highway_full_cost_model/original_legacy/full_cost_project_c4/data_master_original_legacy.xls,Sheet1,VMTURBFWY,,numeric,52,326.0 | 0.0 | 1344.0 | 717.0 | 42332.0,0,138312,xls,medium,Some headers were missing; generated column_N names. Sampled first 54 non-empty rows from worksheet.
paper-1998-04,The Full Cost Of Intercity Highway Transportation,UPLOADED,/Users/dlev2617/Documents/Code/Agents/github-packages/UPLOADED/paper-1998-04-the-full-cost-of-intercity-highway-transportation,data/highway_full_cost_model/original_legacy/full_cost_project_c4/data_master_original_legacy.xls,Sheet1,VMTURBLOC,,numeric,52,18425.0 | 1386.0 | 16912.0 | 5558.0 | 115453.0,1294,921467,xls,medium,Some headers were missing; generated column_N names. Sampled first 54 non-empty rows from worksheet.
paper-1998-04,The Full Cost Of Intercity Highway Transportation,UPLOADED,/Users/dlev2617/Documents/Code/Agents/github-packages/UPLOADED/paper-1998-04-the-full-cost-of-intercity-highway-transportation,data/highway_full_cost_model/original_legacy/full_cost_project_c4/data_master_original_legacy.xls,Sheet1,VMTURBTOT,,numeric,52,22959.0 | 1836.0 | 21259.0 | 8033.0 | 210351.0,1540,1363054,xls,medium,Some headers were missing; generated column_N names. Sampled first 54 non-empty rows from worksheet.
paper-1998-04,The Full Cost Of Intercity Highway Transportation,UPLOADED,/Users/dlev2617/Documents/Code/Agents/github-packages/UPLOADED/paper-1998-04-the-full-cost-of-intercity-highway-transportation,data/highway_full_cost_model/original_legacy/full_cost_project_c4/data_master_original_legacy.xls,Sheet1,CSTADMHWY,,numeric,53,372518.0 | 213000.0 | 488274.0 | 325826.0 | 2089004.0,0,27143027,xls,medium,Some headers were missing; generated column_N names. Sampled first 54 non-empty rows from worksheet.
paper-1998-04,The Full Cost Of Intercity Highway Transportation,UPLOADED,/Users/dlev2617/Documents/Code/Agents/github-packages/UPLOADED/paper-1998-04-the-full-cost-of-intercity-highway-transportation,data/highway_full_cost_model/original_legacy/full_cost_project_c4/data_master_original_legacy.xls,Sheet1,CLOCADMRD,,numeric,53,42839.0 | 60888.0 | 205236.0 | 72239.0 | 1700434.0,0,10946255,xls,medium,Some headers were missing; generated column_N names. Sampled first 54 non-empty rows from worksheet.
paper-1998-04,The Full Cost Of Intercity Highway Transportation,UPLOADED,/Users/dlev2617/Documents/Code/Agents/github-packages/UPLOADED/paper-1998-04-the-full-cost-of-intercity-highway-transportation,data/highway_full_cost_model/original_legacy/full_cost_project_c4/data_master_original_legacy.xls,Sheet1,CFEDROAD,,numeric,53,974.0 | 4942.0 | 19046.0 | 868.0 | 15983.0,0,219878,xls,medium,Some headers were missing; generated column_N names. Sampled first 54 non-empty rows from worksheet.
paper-1998-04,The Full Cost Of Intercity Highway Transportation,UPLOADED,/Users/dlev2617/Documents/Code/Agents/github-packages/UPLOADED/paper-1998-04-the-full-cost-of-intercity-highway-transportation,data/highway_full_cost_model/original_legacy/full_cost_project_c4/data_master_original_legacy.xls,Sheet1,CTOTAL,,numeric,53,416331.0 | 278830.0 | 712556.0 | 398933.0 | 3805421.0,3527,38309160,xls,medium,Some headers were missing; generated column_N names. Sampled first 54 non-empty rows from worksheet.
paper-1998-04,The Full Cost Of Intercity Highway Transportation,UPLOADED,/Users/dlev2617/Documents/Code/Agents/github-packages/UPLOADED/paper-1998-04-the-full-cost-of-intercity-highway-transportation,data/highway_full_cost_model/original_legacy/full_cost_project_c4/data_master_original_legacy.xls,Sheet1,MSTADMHWY,,numeric,53,134450.0 | 121900.0 | 68907.0 | 113232.0 | 511977.0,0,8746806,xls,medium,Some headers were missing; generated column_N names. Sampled first 54 non-empty rows from worksheet.
paper-1998-04,The Full Cost Of Intercity Highway Transportation,UPLOADED,/Users/dlev2617/Documents/Code/Agents/github-packages/UPLOADED/paper-1998-04-the-full-cost-of-intercity-highway-transportation,data/highway_full_cost_model/original_legacy/full_cost_project_c4/data_master_original_legacy.xls,Sheet1,MLOCADMRD,,numeric,53,299897.0 | 34166.0 | 84516.0 | 130379.0 | 1474922.0,0,13402999,xls,medium,Some headers were missing; generated column_N names. Sampled first 54 non-empty rows from worksheet.
paper-1998-04,The Full Cost Of Intercity Highway Transportation,UPLOADED,/Users/dlev2617/Documents/Code/Agents/github-packages/UPLOADED/paper-1998-04-the-full-cost-of-intercity-highway-transportation,data/highway_full_cost_model/original_legacy/full_cost_project_c4/data_master_original_legacy.xls,Sheet1,MREDROAD,,numeric,53,14.0 | 831.0 | 10641.0 | 310.0 | 1685.0,0,73790,xls,medium,Some headers were missing; generated column_N names. Sampled first 54 non-empty rows from worksheet.
paper-1998-04,The Full Cost Of Intercity Highway Transportation,UPLOADED,/Users/dlev2617/Documents/Code/Agents/github-packages/UPLOADED/paper-1998-04-the-full-cost-of-intercity-highway-transportation,data/highway_full_cost_model/original_legacy/full_cost_project_c4/data_master_original_legacy.xls,Sheet1,MTOTAL,,numeric,53,434361.0 | 156897.0 | 164064.0 | 243921.0 | 1988584.0,20587,22223595,xls,medium,Some headers were missing; generated column_N names. Sampled first 54 non-empty rows from worksheet.
paper-1998-04,The Full Cost Of Intercity Highway Transportation,UPLOADED,/Users/dlev2617/Documents/Code/Agents/github-packages/UPLOADED/paper-1998-04-the-full-cost-of-intercity-highway-transportation,data/highway_full_cost_model/original_legacy/full_cost_project_c4/data_master_original_legacy.xls,Sheet1,ADM_MISC,,numeric,53,72558.0 | 30088.0 | 70527.0 | 42524.0 | 1046908.0,9798,7718703,xls,medium,Some headers were missing; generated column_N names. Sampled first 54 non-empty rows from worksheet.
paper-1998-04,The Full Cost Of Intercity Highway Transportation,UPLOADED,/Users/dlev2617/Documents/Code/Agents/github-packages/UPLOADED/paper-1998-04-the-full-cost-of-intercity-highway-transportation,data/highway_full_cost_model/original_legacy/full_cost_project_c4/data_master_original_legacy.xls,Sheet1,LAW_SAFETY,,numeric,53,57359.0 | 40116.0 | 78446.0 | 45163.0 | 1182559.0,0,7088262,xls,medium,Some headers were missing; generated column_N names. Sampled first 54 non-empty rows from worksheet.
paper-1998-04,The Full Cost Of Intercity Highway Transportation,UPLOADED,/Users/dlev2617/Documents/Code/Agents/github-packages/UPLOADED/paper-1998-04-the-full-cost-of-intercity-highway-transportation,data/highway_full_cost_model/original_legacy/full_cost_project_c4/data_master_original_legacy.xls,Sheet1,INTEREST,,numeric,53,11128.0 | 13411.0 | 154305.0 | 661.0 | 58263.0,0,3620713,xls,medium,Some headers were missing; generated column_N names. Sampled first 54 non-empty rows from worksheet.
paper-1998-04,The Full Cost Of Intercity Highway Transportation,UPLOADED,/Users/dlev2617/Documents/Code/Agents/github-packages/UPLOADED/paper-1998-04-the-full-cost-of-intercity-highway-transportation,data/highway_full_cost_model/original_legacy/full_cost_project_c4/data_master_original_legacy.xls,Sheet1,BONDRETIRE,,numeric,53,20436.0 | 21623.0 | 359239.0 | 449.0 | 35336.0,0,4588962,xls,medium,Some headers were missing; generated column_N names. Sampled first 54 non-empty rows from worksheet.
paper-1998-04,The Full Cost Of Intercity Highway Transportation,UPLOADED,/Users/dlev2617/Documents/Code/Agents/github-packages/UPLOADED/paper-1998-04-the-full-cost-of-intercity-highway-transportation,data/highway_full_cost_model/original_legacy/full_cost_project_c4/data_master_original_legacy.xls,Sheet1,TOTALDISB,,numeric,53,1012173.0 | 540965.0 | 1539137.0 | 731651.0 | 8117071.0,253490,83549395,xls,medium,Some headers were missing; generated column_N names. Sampled first 54 non-empty rows from worksheet.
paper-1998-04,The Full Cost Of Intercity Highway Transportation,UPLOADED,/Users/dlev2617/Documents/Code/Agents/github-packages/UPLOADED/paper-1998-04-the-full-cost-of-intercity-highway-transportation,data/highway_full_cost_model/original_legacy/full_cost_project_c4/depreciation_model_original_legacy.xls,Regress,SUMMARY OUTPUT,,text,14,Regression Statistics | Multiple R | R Square | Adjusted R Square | Standard Error,,,xls,medium,Some headers were missing; generated column_N names. Sampled first 17 non-empty rows from worksheet.
paper-1998-04,The Full Cost Of Intercity Highway Transportation,UPLOADED,/Users/dlev2617/Documents/Code/Agents/github-packages/UPLOADED/paper-1998-04-the-full-cost-of-intercity-highway-transportation,data/highway_full_cost_model/original_legacy/full_cost_project_c4/depreciation_model_original_legacy.xls,Regress,column_2,,mixed_numeric_text,14,0.935137647856509 | 0.8744824204386041 | 0.8619306624824645 | 1858.601041303113 | 34.0,,,xls,medium,Some headers were missing; generated column_N names. Sampled first 17 non-empty rows from worksheet.
paper-1998-04,The Full Cost Of Intercity Highway Transportation,UPLOADED,/Users/dlev2617/Documents/Code/Agents/github-packages/UPLOADED/paper-1998-04-the-full-cost-of-intercity-highway-transportation,data/highway_full_cost_model/original_legacy/full_cost_project_c4/depreciation_model_original_legacy.xls,Regress,column_3,,mixed_numeric_text,9,SS | 722004882.5191858 | 103631934.9219905 | 825636817.4411763 | Standard Error,,,xls,medium,Some headers were missing; generated column_N names. Sampled first 17 non-empty rows from worksheet.
paper-1998-04,The Full Cost Of Intercity Highway Transportation,UPLOADED,/Users/dlev2617/Documents/Code/Agents/github-packages/UPLOADED/paper-1998-04-the-full-cost-of-intercity-highway-transportation,data/highway_full_cost_model/original_legacy/full_cost_project_c4/depreciation_model_original_legacy.xls,Regress,column_4,,mixed_numeric_text,8,MS | 240668294.17306194 | 3454397.8307330166 | t Stat | 26.44617950679858,,,xls,medium,Some headers were missing; generated column_N names. Sampled first 17 non-empty rows from worksheet.
paper-1998-04,The Full Cost Of Intercity Highway Transportation,UPLOADED,/Users/dlev2617/Documents/Code/Agents/github-packages/UPLOADED/paper-1998-04-the-full-cost-of-intercity-highway-transportation,data/highway_full_cost_model/original_legacy/full_cost_project_c4/depreciation_model_original_legacy.xls,Regress,column_5,,mixed_numeric_text,7,F | 69.67011501451545 | P-value | 2.4023123416791987e-22 | 0.0016349703955504705,,,xls,medium,Some headers were missing; generated column_N names. Sampled first 17 non-empty rows from worksheet.
paper-1998-04,The Full Cost Of Intercity Highway Transportation,UPLOADED,/Users/dlev2617/Documents/Code/Agents/github-packages/UPLOADED/paper-1998-04-the-full-cost-of-intercity-highway-transportation,data/highway_full_cost_model/original_legacy/full_cost_project_c4/depreciation_model_original_legacy.xls,Regress,column_6,,mixed_numeric_text,7,Significance F | 1.27204391447432e-13 | Lower 95% | 18504.89228947111 | -4353.734431404097,,,xls,medium,Some headers were missing; generated column_N names. Sampled first 17 non-empty rows from worksheet.
paper-1998-04,The Full Cost Of Intercity Highway Transportation,UPLOADED,/Users/dlev2617/Documents/Code/Agents/github-packages/UPLOADED/paper-1998-04-the-full-cost-of-intercity-highway-transportation,data/highway_full_cost_model/original_legacy/full_cost_project_c4/depreciation_model_original_legacy.xls,Regress,column_7,,mixed_numeric_text,5,Upper 95% | 21602.10041843809 | -1122.7427122751121 | -938.977259580827 | 0.00767306542281513,,,xls,medium,Some headers were missing; generated column_N names. Sampled first 17 non-empty rows from worksheet.
paper-1998-04,The Full Cost Of Intercity Highway Transportation,UPLOADED,/Users/dlev2617/Documents/Code/Agents/github-packages/UPLOADED/paper-1998-04-the-full-cost-of-intercity-highway-transportation,data/highway_full_cost_model/original_legacy/full_cost_project_c4/depreciation_model_original_legacy.xls,Regress,column_8,,mixed_numeric_text,5,Lower 95.0% | 18504.89228947111 | -4353.734431404097 | -1763.7056466102397 | -0.05450891415138904,,,xls,medium,Some headers were missing; generated column_N names. Sampled first 17 non-empty rows from worksheet.
paper-1998-04,The Full Cost Of Intercity Highway Transportation,UPLOADED,/Users/dlev2617/Documents/Code/Agents/github-packages/UPLOADED/paper-1998-04-the-full-cost-of-intercity-highway-transportation,data/highway_full_cost_model/original_legacy/full_cost_project_c4/depreciation_model_original_legacy.xls,Regress,column_9,,mixed_numeric_text,5,Upper 95.0% | 21602.10041843809 | -1122.7427122751121 | -938.977259580827 | 0.00767306542281513,,,xls,medium,Some headers were missing; generated column_N names. Sampled first 17 non-empty rows from worksheet.
paper-1998-04,The Full Cost Of Intercity Highway Transportation,UPLOADED,/Users/dlev2617/Documents/Code/Agents/github-packages/UPLOADED/paper-1998-04-the-full-cost-of-intercity-highway-transportation,data/highway_full_cost_model/original_legacy/full_cost_project_c4/depreciation_model_original_legacy.xls,Cobb-Doug,SUMMARY OUTPUT,,text,14,Regression Statistics | Multiple R | R Square | Adjusted R Square | Standard Error,,,xls,medium,Some headers were missing; generated column_N names. Sampled first 17 non-empty rows from worksheet.
paper-1998-04,The Full Cost Of Intercity Highway Transportation,UPLOADED,/Users/dlev2617/Documents/Code/Agents/github-packages/UPLOADED/paper-1998-04-the-full-cost-of-intercity-highway-transportation,data/highway_full_cost_model/original_legacy/full_cost_project_c4/depreciation_model_original_legacy.xls,Cobb-Doug,column_2,,mixed_numeric_text,14,0.8874247916093042 | 0.7875227607628169 | 0.7662750368390986 | 0.2861205097703616 | 34.0,,,xls,medium,Some headers were missing; generated column_N names. Sampled first 17 non-empty rows from worksheet.
paper-1998-04,The Full Cost Of Intercity Highway Transportation,UPLOADED,/Users/dlev2617/Documents/Code/Agents/github-packages/UPLOADED/paper-1998-04-the-full-cost-of-intercity-highway-transportation,data/highway_full_cost_model/original_legacy/full_cost_project_c4/depreciation_model_original_legacy.xls,Cobb-Doug,column_3,,mixed_numeric_text,9,SS | 9.102693813608699 | 2.4559483833375477 | 11.558642196946247 | Standard Error,,,xls,medium,Some headers were missing; generated column_N names. Sampled first 17 non-empty rows from worksheet.
paper-1998-04,The Full Cost Of Intercity Highway Transportation,UPLOADED,/Users/dlev2617/Documents/Code/Agents/github-packages/UPLOADED/paper-1998-04-the-full-cost-of-intercity-highway-transportation,data/highway_full_cost_model/original_legacy/full_cost_project_c4/depreciation_model_original_legacy.xls,Cobb-Doug,column_4,,mixed_numeric_text,8,MS | 3.0342312712029 | 0.08186494611125159 | t Stat | 7.061223028792653,,,xls,medium,Some headers were missing; generated column_N names. Sampled first 17 non-empty rows from worksheet.
paper-1998-04,The Full Cost Of Intercity Highway Transportation,UPLOADED,/Users/dlev2617/Documents/Code/Agents/github-packages/UPLOADED/paper-1998-04-the-full-cost-of-intercity-highway-transportation,data/highway_full_cost_model/original_legacy/full_cost_project_c4/depreciation_model_original_legacy.xls,Cobb-Doug,column_5,,mixed_numeric_text,7,F | 37.06386451509399 | P-value | 7.516594383125076e-08 | 0.0008014192365002227,,,xls,medium,Some headers were missing; generated column_N names. Sampled first 17 non-empty rows from worksheet.
paper-1998-04,The Full Cost Of Intercity Highway Transportation,UPLOADED,/Users/dlev2617/Documents/Code/Agents/github-packages/UPLOADED/paper-1998-04-the-full-cost-of-intercity-highway-transportation,data/highway_full_cost_model/original_legacy/full_cost_project_c4/depreciation_model_original_legacy.xls,Cobb-Doug,column_6,,mixed_numeric_text,7,Significance F | 3.255057195998218e-10 | Lower 95% | 6.655280619326099 | -1.0068430362025043,,,xls,medium,Some headers were missing; generated column_N names. Sampled first 17 non-empty rows from worksheet.
paper-1998-04,The Full Cost Of Intercity Highway Transportation,UPLOADED,/Users/dlev2617/Documents/Code/Agents/github-packages/UPLOADED/paper-1998-04-the-full-cost-of-intercity-highway-transportation,data/highway_full_cost_model/original_legacy/full_cost_project_c4/depreciation_model_original_legacy.xls,Cobb-Doug,column_7,,mixed_numeric_text,5,Upper 95% | 12.071503156637512 | -0.29415225522543476 | -0.7098411014795005 | 0.45839229023227956,,,xls,medium,Some headers were missing; generated column_N names. Sampled first 17 non-empty rows from worksheet.
paper-1998-04,The Full Cost Of Intercity Highway Transportation,UPLOADED,/Users/dlev2617/Documents/Code/Agents/github-packages/UPLOADED/paper-1998-04-the-full-cost-of-intercity-highway-transportation,data/highway_full_cost_model/original_legacy/full_cost_project_c4/depreciation_model_original_legacy.xls,Cobb-Doug,column_8,,mixed_numeric_text,5,Lower 95.0% | 6.655280619326099 | -1.0068430362025043 | -1.5265209649151983 | -0.1321043496959454,,,xls,medium,Some headers were missing; generated column_N names. Sampled first 17 non-empty rows from worksheet.
paper-1998-04,The Full Cost Of Intercity Highway Transportation,UPLOADED,/Users/dlev2617/Documents/Code/Agents/github-packages/UPLOADED/paper-1998-04-the-full-cost-of-intercity-highway-transportation,data/highway_full_cost_model/original_legacy/full_cost_project_c4/depreciation_model_original_legacy.xls,Cobb-Doug,column_9,,mixed_numeric_text,5,Upper 95.0% | 12.071503156637512 | -0.29415225522543476 | -0.7098411014795005 | 0.45839229023227956,,,xls,medium,Some headers were missing; generated column_N names. Sampled first 17 non-empty rows from worksheet.
paper-1998-04,The Full Cost Of Intercity Highway Transportation,UPLOADED,/Users/dlev2617/Documents/Code/Agents/github-packages/UPLOADED/paper-1998-04-the-full-cost-of-intercity-highway-transportation,data/highway_full_cost_model/original_legacy/full_cost_project_c4/depreciation_model_original_legacy.xls,Data,Regression of Automobile Miles and Age on Price,,mixed_numeric_text,35,"Model (1=Taurus,0=Accord) | 0.0 | 1.0",,,xls,medium,Some headers were missing; generated column_N names. Sampled first 36 non-empty rows from worksheet.
paper-1998-04,The Full Cost Of Intercity Highway Transportation,UPLOADED,/Users/dlev2617/Documents/Code/Agents/github-packages/UPLOADED/paper-1998-04-the-full-cost-of-intercity-highway-transportation,data/highway_full_cost_model/original_legacy/full_cost_project_c4/depreciation_model_original_legacy.xls,Data,column_2,,mixed_numeric_text,35,Age (1996-Year) | 1.0 | 2.0 | 3.0 | 4.0,,,xls,medium,Some headers were missing; generated column_N names. Sampled first 36 non-empty rows from worksheet.
paper-1998-04,The Full Cost Of Intercity Highway Transportation,UPLOADED,/Users/dlev2617/Documents/Code/Agents/github-packages/UPLOADED/paper-1998-04-the-full-cost-of-intercity-highway-transportation,data/highway_full_cost_model/original_legacy/full_cost_project_c4/depreciation_model_original_legacy.xls,Data,column_3,,mixed_numeric_text,35,Miles | 11200.0 | 38800.0 | 43593.0 | 18344.0,,,xls,medium,Some headers were missing; generated column_N names. Sampled first 36 non-empty rows from worksheet.
paper-1998-04,The Full Cost Of Intercity Highway Transportation,UPLOADED,/Users/dlev2617/Documents/Code/Agents/github-packages/UPLOADED/paper-1998-04-the-full-cost-of-intercity-highway-transportation,data/highway_full_cost_model/original_legacy/full_cost_project_c4/depreciation_model_original_legacy.xls,Data,column_4,,mixed_numeric_text,35,Age (1996-Year) | 1.0 | 2.0 | 3.0 | 4.0,,,xls,medium,Some headers were missing; generated column_N names. Sampled first 36 non-empty rows from worksheet.
paper-1998-04,The Full Cost Of Intercity Highway Transportation,UPLOADED,/Users/dlev2617/Documents/Code/Agents/github-packages/UPLOADED/paper-1998-04-the-full-cost-of-intercity-highway-transportation,data/highway_full_cost_model/original_legacy/full_cost_project_c4/depreciation_model_original_legacy.xls,Data,sources: www.autoweb.com (12/17/95),,mixed_numeric_text,35,Prices (asking) | 19500.0 | 11994.0 | 16995.0 | 15900.0,,,xls,medium,Some headers were missing; generated column_N names. Sampled first 36 non-empty rows from worksheet.
paper-1998-04,The Full Cost Of Intercity Highway Transportation,UPLOADED,/Users/dlev2617/Documents/Code/Agents/github-packages/UPLOADED/paper-1998-04-the-full-cost-of-intercity-highway-transportation,data/highway_full_cost_model/original_legacy/full_cost_project_c4/depreciation_model_original_legacy.xls,Data,column_6,,mixed_numeric_text,35,Age (1996-Year) | 1.0 | 2.0 | 3.0 | 4.0,,,xls,medium,Some headers were missing; generated column_N names. Sampled first 36 non-empty rows from worksheet.
paper-1998-04,The Full Cost Of Intercity Highway Transportation,UPLOADED,/Users/dlev2617/Documents/Code/Agents/github-packages/UPLOADED/paper-1998-04-the-full-cost-of-intercity-highway-transportation,data/highway_full_cost_model/original_legacy/full_cost_project_c4/depreciation_model_original_legacy.xls,Data,column_7,,numeric,34,0.0 | 0.6931471805599453,0,0.69314718056,xls,medium,Some headers were missing; generated column_N names. Sampled first 36 non-empty rows from worksheet.
paper-1998-04,The Full Cost Of Intercity Highway Transportation,UPLOADED,/Users/dlev2617/Documents/Code/Agents/github-packages/UPLOADED/paper-1998-04-the-full-cost-of-intercity-highway-transportation,data/highway_full_cost_model/original_legacy/full_cost_project_c4/depreciation_model_original_legacy.xls,Data,column_8,,numeric,34,0.6931471805599453 | 1.0986122886681098 | 1.3862943611198906 | 1.6094379124341003 | 1.791759469228055,0.69314718056,2.3978952728,xls,medium,Some headers were missing; generated column_N names. Sampled first 36 non-empty rows from worksheet.
paper-1998-04,The Full Cost Of Intercity Highway Transportation,UPLOADED,/Users/dlev2617/Documents/Code/Agents/github-packages/UPLOADED/paper-1998-04-the-full-cost-of-intercity-highway-transportation,data/highway_full_cost_model/original_legacy/full_cost_project_c4/depreciation_model_original_legacy.xls,Data,column_9,,numeric,34,9.32375833901174 | 10.566201298475118 | 10.682674805188459 | 9.817112336789382 | 10.043292972227004,9.32375833901,11.7752974217,xls,medium,Some headers were missing; generated column_N names. Sampled first 36 non-empty rows from worksheet.
paper-1998-04,The Full Cost Of Intercity Highway Transportation,UPLOADED,/Users/dlev2617/Documents/Code/Agents/github-packages/UPLOADED/paper-1998-04-the-full-cost-of-intercity-highway-transportation,data/highway_full_cost_model/original_legacy/full_cost_project_c4/depreciation_model_original_legacy.xls,Data,column_10,,numeric,34,9.87822102528824 | 9.392245175273795 | 9.740733301234702 | 9.674137279312397 | 9.670987868797893,7.60140233458,9.88664653534,xls,medium,Some headers were missing; generated column_N names. Sampled first 36 non-empty rows from worksheet.
paper-1998-04,The Full Cost Of Intercity Highway Transportation,UPLOADED,/Users/dlev2617/Documents/Code/Agents/github-packages/UPLOADED/paper-1998-04-the-full-cost-of-intercity-highway-transportation,data/highway_full_cost_model/original_legacy/full_cost_project_c4/depreciation_model_original_legacy.xls,Data,column_11,,numeric,34,18439.87414797905 | 13703.959410589596 | 16329.955870951171 | 16921.235043225053 | 16812.201187384933,804.348932531,18439.874148,xls,medium,Some headers were missing; generated column_N names. Sampled first 36 non-empty rows from worksheet.
paper-1998-04,The Full Cost Of Intercity Highway Transportation,UPLOADED,/Users/dlev2617/Documents/Code/Agents/github-packages/UPLOADED/paper-1998-04-the-full-cost-of-intercity-highway-transportation,data/highway_full_cost_model/original_legacy/full_cost_project_c4/depreciation_model_original_legacy.xls,Data,column_12,,empty,0,,,,xls,medium,Some headers were missing; generated column_N names. Sampled first 36 non-empty rows from worksheet.
paper-1998-04,The Full Cost Of Intercity Highway Transportation,UPLOADED,/Users/dlev2617/Documents/Code/Agents/github-packages/UPLOADED/paper-1998-04-the-full-cost-of-intercity-highway-transportation,data/highway_full_cost_model/original_legacy/full_cost_project_c4/depreciation_model_original_legacy.xls,Data,column_13,,text,4,Intercept | Taurus | Year | Mile,,,xls,medium,Some headers were missing; generated column_N names. Sampled first 36 non-empty rows from worksheet.
paper-1998-04,The Full Cost Of Intercity Highway Transportation,UPLOADED,/Users/dlev2617/Documents/Code/Agents/github-packages/UPLOADED/paper-1998-04-the-full-cost-of-intercity-highway-transportation,data/highway_full_cost_model/original_legacy/full_cost_project_c4/depreciation_model_original_legacy.xls,Data,column_14,,mixed_numeric_text,5,Coefficients | 20053.4963539546 | -2738.238571839605 | -1351.3414530955333 | -0.023417924364286954,,,xls,medium,Some headers were missing; generated column_N names. Sampled first 36 non-empty rows from worksheet.
paper-1998-04,The Full Cost Of Intercity Highway Transportation,UPLOADED,/Users/dlev2617/Documents/Code/Agents/github-packages/UPLOADED/paper-1998-04-the-full-cost-of-intercity-highway-transportation,data/highway_full_cost_model/original_legacy/full_cost_project_c4/depreciation_model_original_legacy.xls,Sheet2,Age,,numeric,34,1.0 | 2.0 | 3.0 | 4.0 | 5.0,1,10,xls,medium,Some headers were missing; generated column_N names. Sampled first 35 non-empty rows from worksheet.
paper-1998-04,The Full Cost Of Intercity Highway Transportation,UPLOADED,/Users/dlev2617/Documents/Code/Agents/github-packages/UPLOADED/paper-1998-04-the-full-cost-of-intercity-highway-transportation,data/highway_full_cost_model/original_legacy/full_cost_project_c4/depreciation_model_original_legacy.xls,Sheet2,Asking Price,,numeric,34,19500.0 | 11994.0 | 12700.0 | 15850.0 | 15900.0,2000,19665,xls,medium,Some headers were missing; generated column_N names. Sampled first 35 non-empty rows from worksheet.
paper-1998-04,The Full Cost Of Intercity Highway Transportation,UPLOADED,/Users/dlev2617/Documents/Code/Agents/github-packages/UPLOADED/paper-1998-04-the-full-cost-of-intercity-highway-transportation,data/highway_full_cost_model/original_legacy/full_cost_project_c4/depreciation_model_original_legacy.xls,Sheet2,Regression Model,,numeric,34,18439.87414797905 | 13703.959410589596 | 16859.037036113506 | 16976.12665793494 | 16812.201187384933,804.348932531,18439.874148,xls,medium,Some headers were missing; generated column_N names. Sampled first 35 non-empty rows from worksheet.
paper-1998-04,The Full Cost Of Intercity Highway Transportation,UPLOADED,/Users/dlev2617/Documents/Code/Agents/github-packages/UPLOADED/paper-1998-04-the-full-cost-of-intercity-highway-transportation,data/highway_full_cost_model/original_legacy/full_cost_project_c4/depreciation_model_original_legacy.xls,Sheet2,column_4,,empty,0,,,,xls,medium,Some headers were missing; generated column_N names. Sampled first 35 non-empty rows from worksheet.
paper-1998-04,The Full Cost Of Intercity Highway Transportation,UPLOADED,/Users/dlev2617/Documents/Code/Agents/github-packages/UPLOADED/paper-1998-04-the-full-cost-of-intercity-highway-transportation,data/highway_full_cost_model/original_legacy/full_cost_project_c4/depreciation_model_original_legacy.xls,Sheet2,Miles,,numeric,34,11200.0 | 16000.0 | 18344.0 | 21000.0 | 23000.0,11200,130000,xls,medium,Some headers were missing; generated column_N names. Sampled first 35 non-empty rows from worksheet.
paper-1998-04,The Full Cost Of Intercity Highway Transportation,UPLOADED,/Users/dlev2617/Documents/Code/Agents/github-packages/UPLOADED/paper-1998-04-the-full-cost-of-intercity-highway-transportation,data/highway_full_cost_model/original_legacy/full_cost_project_c4/depreciation_model_original_legacy.xls,Sheet2,Asking Price_2,,numeric,34,19500.0 | 15850.0 | 16995.0 | 12700.0 | 15900.0,2000,19665,xls,medium,Some headers were missing; generated column_N names. Sampled first 35 non-empty rows from worksheet.
paper-1998-04,The Full Cost Of Intercity Highway Transportation,UPLOADED,/Users/dlev2617/Documents/Code/Agents/github-packages/UPLOADED/paper-1998-04-the-full-cost-of-intercity-highway-transportation,data/highway_full_cost_model/original_legacy/full_cost_project_c4/depreciation_model_original_legacy.xls,Sheet2,Regression Model_2,,numeric,34,18439.87414797905 | 16976.12665793494 | 16921.235043225053 | 16859.037036113506 | 16812.201187384933,804.348932531,18439.874148,xls,medium,Some headers were missing; generated column_N names. Sampled first 35 non-empty rows from worksheet.
paper-1998-04,The Full Cost Of Intercity Highway Transportation,UPLOADED,/Users/dlev2617/Documents/Code/Agents/github-packages/UPLOADED/paper-1998-04-the-full-cost-of-intercity-highway-transportation,data/highway_full_cost_model/original_legacy/full_cost_project_c4/government_salary_by_state_original_legacy.xls,,,,,,,,,xls,low,Could not inspect file: XLRDError: Can't find workbook in OLE2 compound document
paper-1998-04,The Full Cost Of Intercity Highway Transportation,UPLOADED,/Users/dlev2617/Documents/Code/Agents/github-packages/UPLOADED/paper-1998-04-the-full-cost-of-intercity-highway-transportation,data/highway_full_cost_model/original_legacy/full_cost_project_c4/greg_1_original.xls,Sheet 1,OBS,,numeric,498,1.0 | 2.0 | 3.0 | 4.0 | 5.0,1,498,xls,medium,Headers inferred from first row. Sampled first 499 non-empty rows from worksheet.
paper-1998-04,The Full Cost Of Intercity Highway Transportation,UPLOADED,/Users/dlev2617/Documents/Code/Agents/github-packages/UPLOADED/paper-1998-04-the-full-cost-of-intercity-highway-transportation,data/highway_full_cost_model/original_legacy/full_cost_project_c4/greg_1_original.xls,Sheet 1,STATE,,text,498,ALABAMA | ARKANSAS | ARIZONA | CALIFORNIA | COLORADO,,,xls,medium,Headers inferred from first row. Sampled first 499 non-empty rows from worksheet.
paper-1998-04,The Full Cost Of Intercity Highway Transportation,UPLOADED,/Users/dlev2617/Documents/Code/Agents/github-packages/UPLOADED/paper-1998-04-the-full-cost-of-intercity-highway-transportation,data/highway_full_cost_model/original_legacy/full_cost_project_c4/greg_1_original.xls,Sheet 1,STATE2,,mixed_numeric_text,498,501.0 | 505.0 | 604.0 | 804.0 | 7?,,,xls,medium,Headers inferred from first row. Sampled first 499 non-empty rows from worksheet.
paper-1998-04,The Full Cost Of Intercity Highway Transportation,UPLOADED,/Users/dlev2617/Documents/Code/Agents/github-packages/UPLOADED/paper-1998-04-the-full-cost-of-intercity-highway-transportation,data/highway_full_cost_model/original_legacy/full_cost_project_c4/greg_1_original.xls,Sheet 1,UN,,numeric,498,0.0 | 4.7 | 5.2 | 4.5 | 5.5,0,15.5,xls,medium,Headers inferred from first row. Sampled first 499 non-empty rows from worksheet.
paper-1998-04,The Full Cost Of Intercity Highway Transportation,UPLOADED,/Users/dlev2617/Documents/Code/Agents/github-packages/UPLOADED/paper-1998-04-the-full-cost-of-intercity-highway-transportation,data/highway_full_cost_model/original_legacy/full_cost_project_c4/greg_1_original.xls,Sheet 1,YEAR,,numeric,498,1969.0 | 1970.0 | 1971.0 | 1972.0 | 1973.0,1969,1988,xls,medium,Headers inferred from first row. Sampled first 499 non-empty rows from worksheet.
paper-1998-04,The Full Cost Of Intercity Highway Transportation,UPLOADED,/Users/dlev2617/Documents/Code/Agents/github-packages/UPLOADED/paper-1998-04-the-full-cost-of-intercity-highway-transportation,data/highway_full_cost_model/original_legacy/full_cost_project_c4/greg_1_original.xls,Sheet 1,CLTCB,,numeric,498,641.467 | 675.605 | 626.055 | 669.735 | 688.65,0,1292.23,xls,medium,Headers inferred from first row. Sampled first 499 non-empty rows from worksheet.
paper-1998-04,The Full Cost Of Intercity Highway Transportation,UPLOADED,/Users/dlev2617/Documents/Code/Agents/github-packages/UPLOADED/paper-1998-04-the-full-cost-of-intercity-highway-transportation,data/highway_full_cost_model/original_legacy/full_cost_project_c4/greg_1_original.xls,Sheet 1,HYTCB,,numeric,498,78.511 | 80.092 | 104.114 | 106.211 | 122.622,-10.1547,598.716,xls,medium,Headers inferred from first row. Sampled first 499 non-empty rows from worksheet.
paper-1998-04,The Full Cost Of Intercity Highway Transportation,UPLOADED,/Users/dlev2617/Documents/Code/Agents/github-packages/UPLOADED/paper-1998-04-the-full-cost-of-intercity-highway-transportation,data/highway_full_cost_model/original_legacy/full_cost_project_c4/greg_1_original.xls,Sheet 1,NGTCB,,numeric,498,310.822 | 307.75 | 294.838 | 287.1 | 279.959,1.139,2349.71,xls,medium,Headers inferred from first row. Sampled first 499 non-empty rows from worksheet.
paper-1998-04,The Full Cost Of Intercity Highway Transportation,UPLOADED,/Users/dlev2617/Documents/Code/Agents/github-packages/UPLOADED/paper-1998-04-the-full-cost-of-intercity-highway-transportation,data/highway_full_cost_model/original_legacy/full_cost_project_c4/greg_1_original.xls,Sheet 1,PATCB,,numeric,498,340.447 | 355.272 | 367.407 | 407.919 | 453.62,96.01,3735.61,xls,medium,Headers inferred from first row. Sampled first 499 non-empty rows from worksheet.
paper-1998-04,The Full Cost Of Intercity Highway Transportation,UPLOADED,/Users/dlev2617/Documents/Code/Agents/github-packages/UPLOADED/paper-1998-04-the-full-cost-of-intercity-highway-transportation,data/highway_full_cost_model/original_legacy/full_cost_project_c4/greg_1_original.xls,Sheet 1,TETCB,,numeric,498,1293.31 | 1344.84 | 1334.06 | 1423.83 | 1474.26,187.73,6984.62,xls,medium,Headers inferred from first row. Sampled first 499 non-empty rows from worksheet.
paper-1998-04,The Full Cost Of Intercity Highway Transportation,UPLOADED,/Users/dlev2617/Documents/Code/Agents/github-packages/UPLOADED/paper-1998-04-the-full-cost-of-intercity-highway-transportation,data/highway_full_cost_model/original_legacy/full_cost_project_c4/greg_1_original.xls,Sheet 1,SMINING,,numeric,498,786.0 | 832.0 | 742.0 | 781.0 | 818.0,-3,32363,xls,medium,Headers inferred from first row. Sampled first 499 non-empty rows from worksheet.
paper-1998-04,The Full Cost Of Intercity Highway Transportation,UPLOADED,/Users/dlev2617/Documents/Code/Agents/github-packages/UPLOADED/paper-1998-04-the-full-cost-of-intercity-highway-transportation,data/highway_full_cost_model/original_legacy/full_cost_project_c4/greg_1_original.xls,Sheet 1,SCONSTR,,numeric,498,2078.0 | 1829.0 | 1815.0 | 1905.0 | 2149.0,269,22920,xls,medium,Headers inferred from first row. Sampled first 499 non-empty rows from worksheet.
paper-1998-04,The Full Cost Of Intercity Highway Transportation,UPLOADED,/Users/dlev2617/Documents/Code/Agents/github-packages/UPLOADED/paper-1998-04-the-full-cost-of-intercity-highway-transportation,data/highway_full_cost_model/original_legacy/full_cost_project_c4/greg_1_original.xls,Sheet 1,SDURABL,,numeric,498,3994.0 | 3762.0 | 3816.0 | 4091.0 | 4461.0,329,79754,xls,medium,Headers inferred from first row. Sampled first 499 non-empty rows from worksheet.
paper-1998-04,The Full Cost Of Intercity Highway Transportation,UPLOADED,/Users/dlev2617/Documents/Code/Agents/github-packages/UPLOADED/paper-1998-04-the-full-cost-of-intercity-highway-transportation,data/highway_full_cost_model/original_legacy/full_cost_project_c4/greg_1_original.xls,Sheet 1,SNONDUR,,numeric,498,3083.0 | 2970.0 | 3166.0 | 3542.0 | 3995.0,280,35293,xls,medium,Headers inferred from first row. Sampled first 499 non-empty rows from worksheet.
paper-1998-04,The Full Cost Of Intercity Highway Transportation,UPLOADED,/Users/dlev2617/Documents/Code/Agents/github-packages/UPLOADED/paper-1998-04-the-full-cost-of-intercity-highway-transportation,data/highway_full_cost_model/original_legacy/full_cost_project_c4/greg_1_original.xls,Sheet 1,STRANS,,numeric,498,2377.0 | 2415.0 | 2490.0 | 2775.0 | 3058.0,552,40495,xls,medium,Headers inferred from first row. Sampled first 499 non-empty rows from worksheet.
paper-1998-04,The Full Cost Of Intercity Highway Transportation,UPLOADED,/Users/dlev2617/Documents/Code/Agents/github-packages/UPLOADED/paper-1998-04-the-full-cost-of-intercity-highway-transportation,data/highway_full_cost_model/original_legacy/full_cost_project_c4/greg_1_original.xls,Sheet 1,SWHOLE,,numeric,498,1754.0 | 1775.0 | 1861.0 | 2055.0 | 2170.0,262,38841,xls,medium,Headers inferred from first row. Sampled first 499 non-empty rows from worksheet.
paper-1998-04,The Full Cost Of Intercity Highway Transportation,UPLOADED,/Users/dlev2617/Documents/Code/Agents/github-packages/UPLOADED/paper-1998-04-the-full-cost-of-intercity-highway-transportation,data/highway_full_cost_model/original_legacy/full_cost_project_c4/greg_1_original.xls,Sheet 1,SRETAIL,,numeric,498,2665.0 | 2721.0 | 2892.0 | 3172.0 | 3378.0,615,53760,xls,medium,Headers inferred from first row. Sampled first 499 non-empty rows from worksheet.
paper-1998-04,The Full Cost Of Intercity Highway Transportation,UPLOADED,/Users/dlev2617/Documents/Code/Agents/github-packages/UPLOADED/paper-1998-04-the-full-cost-of-intercity-highway-transportation,data/highway_full_cost_model/original_legacy/full_cost_project_c4/greg_1_original.xls,Sheet 1,SFINANC,,numeric,498,2939.0 | 2998.0 | 3152.0 | 3370.0 | 3574.0,807,86216,xls,medium,Headers inferred from first row. Sampled first 499 non-empty rows from worksheet.
paper-1998-04,The Full Cost Of Intercity Highway Transportation,UPLOADED,/Users/dlev2617/Documents/Code/Agents/github-packages/UPLOADED/paper-1998-04-the-full-cost-of-intercity-highway-transportation,data/highway_full_cost_model/original_legacy/full_cost_project_c4/greg_1_original.xls,Sheet 1,SSERVICE,,numeric,498,879.0 | 857.0 | 986.0 | 997.0 | 856.0,89,15608,xls,medium,Headers inferred from first row. Sampled first 499 non-empty rows from worksheet.
paper-1998-04,The Full Cost Of Intercity Highway Transportation,UPLOADED,/Users/dlev2617/Documents/Code/Agents/github-packages/UPLOADED/paper-1998-04-the-full-cost-of-intercity-highway-transportation,data/highway_full_cost_model/original_legacy/full_cost_project_c4/greg_1_original.xls,Sheet 1,SNAPROD,,numeric,498,27894.0 | 27561.0 | 28389.0 | 30306.0 | 32444.0,6126,513997,xls,medium,Headers inferred from first row. Sampled first 499 non-empty rows from worksheet.
paper-1998-04,The Full Cost Of Intercity Highway Transportation,UPLOADED,/Users/dlev2617/Documents/Code/Agents/github-packages/UPLOADED/paper-1998-04-the-full-cost-of-intercity-highway-transportation,data/highway_full_cost_model/original_legacy/full_cost_project_c4/greg_1_original.xls,Sheet 1,TOTIND,,numeric,498,86.9 | 80.8 | 79.2 | 84.3 | 88.4,74.6,88.4,xls,medium,Headers inferred from first row. Sampled first 499 non-empty rows from worksheet.
paper-1998-04,The Full Cost Of Intercity Highway Transportation,UPLOADED,/Users/dlev2617/Documents/Code/Agents/github-packages/UPLOADED/paper-1998-04-the-full-cost-of-intercity-highway-transportation,data/highway_full_cost_model/original_legacy/full_cost_project_c4/greg_1_original.xls,Sheet 1,GSP,,numeric,498,28773.0 | 28418.0 | 29375.0 | 31303.0 | 33430.0,6863,528674,xls,medium,Headers inferred from first row. Sampled first 499 non-empty rows from worksheet.
paper-1998-04,The Full Cost Of Intercity Highway Transportation,UPLOADED,/Users/dlev2617/Documents/Code/Agents/github-packages/UPLOADED/paper-1998-04-the-full-cost-of-intercity-highway-transportation,data/highway_full_cost_model/original_legacy/full_cost_project_c4/greg_1_original.xls,Sheet 1,DURAB,,numeric,498,86.8 | 79.7 | 78.2 | 83.7 | 88.1,72.8,88.1,xls,medium,Headers inferred from first row. Sampled first 499 non-empty rows from worksheet.
paper-1998-04,The Full Cost Of Intercity Highway Transportation,UPLOADED,/Users/dlev2617/Documents/Code/Agents/github-packages/UPLOADED/paper-1998-04-the-full-cost-of-intercity-highway-transportation,data/highway_full_cost_model/original_legacy/full_cost_project_c4/greg_1_original.xls,Sheet 1,NONDUR,,numeric,498,86.3 | 76.7 | 74.3 | 80.9 | 87.5,69,87.5,xls,medium,Headers inferred from first row. Sampled first 499 non-empty rows from worksheet.
paper-1998-04,The Full Cost Of Intercity Highway Transportation,UPLOADED,/Users/dlev2617/Documents/Code/Agents/github-packages/UPLOADED/paper-1998-04-the-full-cost-of-intercity-highway-transportation,data/highway_full_cost_model/original_legacy/full_cost_project_c4/greg_1_original.xls,Sheet 1,PRIMARY,,numeric,498,86.6 | 82.9 | 82.8 | 87.5 | 84.0,76.4,87.5,xls,medium,Headers inferred from first row. Sampled first 499 non-empty rows from worksheet.
paper-1998-04,The Full Cost Of Intercity Highway Transportation,UPLOADED,/Users/dlev2617/Documents/Code/Agents/github-packages/UPLOADED/paper-1998-04-the-full-cost-of-intercity-highway-transportation,data/highway_full_cost_model/original_legacy/full_cost_project_c4/greg_1_original.xls,Sheet 1,MINING,,numeric,498,86.5 | 79.1 | 77.4 | 82.5 | 82.8,73.5,86.5,xls,medium,Headers inferred from first row. Sampled first 499 non-empty rows from worksheet.
paper-1998-04,The Full Cost Of Intercity Highway Transportation,UPLOADED,/Users/dlev2617/Documents/Code/Agents/github-packages/UPLOADED/paper-1998-04-the-full-cost-of-intercity-highway-transportation,data/highway_full_cost_model/original_legacy/full_cost_project_c4/greg_1_original.xls,Sheet 1,UTILIT,,numeric,498,95.8 | 95.4 | 93.9 | 94.6 | 92.9,79.5,95.8,xls,medium,Headers inferred from first row. Sampled first 499 non-empty rows from worksheet.
paper-1998-04,The Full Cost Of Intercity Highway Transportation,UPLOADED,/Users/dlev2617/Documents/Code/Agents/github-packages/UPLOADED/paper-1998-04-the-full-cost-of-intercity-highway-transportation,data/highway_full_cost_model/original_legacy/full_cost_project_c4/greg_1_original.xls,Sheet 1,TOTPUB,,numeric,498,15032.68 | 15501.94 | 15972.41 | 16406.26 | 16762.67,3410.22,145321.6,xls,medium,Headers inferred from first row. Sampled first 499 non-empty rows from worksheet.
paper-1998-04,The Full Cost Of Intercity Highway Transportation,UPLOADED,/Users/dlev2617/Documents/Code/Agents/github-packages/UPLOADED/paper-1998-04-the-full-cost-of-intercity-highway-transportation,data/highway_full_cost_model/original_legacy/full_cost_project_c4/greg_1_original.xls,Sheet 1,HIGHWAY,,numeric,498,7325.79 | 7525.94 | 7765.42 | 7907.66 | 8025.52,2029.77,47699.43,xls,medium,Headers inferred from first row. Sampled first 499 non-empty rows from worksheet.
paper-1998-04,The Full Cost Of Intercity Highway Transportation,UPLOADED,/Users/dlev2617/Documents/Code/Agents/github-packages/UPLOADED/paper-1998-04-the-full-cost-of-intercity-highway-transportation,data/highway_full_cost_model/original_legacy/full_cost_project_c4/greg_1_original.xls,Sheet 1,OTHPK,,numeric,498,6051.2 | 6254.98 | 6442.23 | 6756.19 | 7002.29,948.67,75276.83,xls,medium,Headers inferred from first row. Sampled first 499 non-empty rows from worksheet.
paper-1998-04,The Full Cost Of Intercity Highway Transportation,UPLOADED,/Users/dlev2617/Documents/Code/Agents/github-packages/UPLOADED/paper-1998-04-the-full-cost-of-intercity-highway-transportation,data/highway_full_cost_model/original_legacy/full_cost_project_c4/greg_1_original.xls,Sheet 1,PVTCAP,,numeric,498,35793.8 | 37299.91 | 38670.3 | 40084.01 | 42057.32,6108.14,400653.1,xls,medium,Headers inferred from first row. Sampled first 499 non-empty rows from worksheet.
paper-1998-04,The Full Cost Of Intercity Highway Transportation,UPLOADED,/Users/dlev2617/Documents/Code/Agents/github-packages/UPLOADED/paper-1998-04-the-full-cost-of-intercity-highway-transportation,data/highway_full_cost_model/original_legacy/full_cost_project_c4/greg_1_original.xls,Sheet 1,AGCAP,,numeric,498,1687.63 | 1749.75 | 1812.37 | 1746.87 | 1847.31,201.69,15886.7,xls,medium,Headers inferred from first row. Sampled first 499 non-empty rows from worksheet.
paper-1998-04,The Full Cost Of Intercity Highway Transportation,UPLOADED,/Users/dlev2617/Documents/Code/Agents/github-packages/UPLOADED/paper-1998-04-the-full-cost-of-intercity-highway-transportation,data/highway_full_cost_model/original_legacy/full_cost_project_c4/greg_1_original.xls,Sheet 1,MFGCAP,,mixed_numeric_text,498,9598.34 | 9914.18 | 10146.61 | 10386.7 | 10703.8,,,xls,medium,Headers inferred from first row. Sampled first 499 non-empty rows from worksheet.
paper-1998-04,The Full Cost Of Intercity Highway Transportation,UPLOADED,/Users/dlev2617/Documents/Code/Agents/github-packages/UPLOADED/paper-1998-04-the-full-cost-of-intercity-highway-transportation,data/highway_full_cost_model/original_legacy/full_cost_project_c4/greg_1_original.xls,Sheet 1,NFNMCAP,,mixed_numeric_text,498,24507.83 | 25635.98 | 26711.32 | 27950.44 | 29506.21,,,xls,medium,Headers inferred from first row. Sampled first 499 non-empty rows from worksheet.
paper-1998-04,The Full Cost Of Intercity Highway Transportation,UPLOADED,/Users/dlev2617/Documents/Code/Agents/github-packages/UPLOADED/paper-1998-04-the-full-cost-of-intercity-highway-transportation,data/highway_full_cost_model/original_legacy/full_cost_project_c4/greg_1_original.xls,Sheet 1,NAEMPL,,numeric,498,1000.2 | 1010.4 | 1021.9 | 1072.3 | 1135.5,197.7,12075.1,xls,medium,Headers inferred from first row. Sampled first 499 non-empty rows from worksheet.
paper-1998-04,The Full Cost Of Intercity Highway Transportation,UPLOADED,/Users/dlev2617/Documents/Code/Agents/github-packages/UPLOADED/paper-1998-04-the-full-cost-of-intercity-highway-transportation,data/highway_full_cost_model/original_legacy/full_cost_project_c4/greg_1_original.xls,Sheet 1,CITIES,,numeric,498,10.0 | 9.0 | 5.0 | 47.0 | 8.0,1,47,xls,medium,Headers inferred from first row. Sampled first 499 non-empty rows from worksheet.
paper-1998-04,The Full Cost Of Intercity Highway Transportation,UPLOADED,/Users/dlev2617/Documents/Code/Agents/github-packages/UPLOADED/paper-1998-04-the-full-cost-of-intercity-highway-transportation,data/highway_full_cost_model/original_legacy/full_cost_project_c4/greg_1_original.xls,Sheet 1,AREA,,numeric,498,52423.0 | 53182.0 | 114006.0 | 163707.0 | 104100.0,2489,163707,xls,medium,Headers inferred from first row. Sampled first 499 non-empty rows from worksheet.
paper-1998-04,The Full Cost Of Intercity Highway Transportation,UPLOADED,/Users/dlev2617/Documents/Code/Agents/github-packages/UPLOADED/paper-1998-04-the-full-cost-of-intercity-highway-transportation,data/highway_full_cost_model/original_legacy/full_cost_project_c4/greg_1_original.xls,Sheet 1,CPI,,numeric,498,36.7 | 38.8 | 40.5 | 41.8 | 44.4,36,118.3,xls,medium,Headers inferred from first row. Sampled first 499 non-empty rows from worksheet.
paper-1998-04,The Full Cost Of Intercity Highway Transportation,UPLOADED,/Users/dlev2617/Documents/Code/Agents/github-packages/UPLOADED/paper-1998-04-the-full-cost-of-intercity-highway-transportation,data/highway_full_cost_model/original_legacy/full_cost_project_c4/greg_1_original.xls,Sheet 1,PPI,,mixed_numeric_text,498,38.2 | 40.0 | 41.4 | 42.3 | 43.7,,,xls,medium,Headers inferred from first row. Sampled first 499 non-empty rows from worksheet.
paper-1998-04,The Full Cost Of Intercity Highway Transportation,UPLOADED,/Users/dlev2617/Documents/Code/Agents/github-packages/UPLOADED/paper-1998-04-the-full-cost-of-intercity-highway-transportation,data/highway_full_cost_model/original_legacy/full_cost_project_c4/greg_1_original.xls,Sheet 1,ROWAY,,numeric,498,23642000.0 | 16648000.0 | 11223000.0 | 14390000.0 | 11812000.0,662000,292000000,xls,medium,Headers inferred from first row. Sampled first 499 non-empty rows from worksheet.
paper-1998-04,The Full Cost Of Intercity Highway Transportation,UPLOADED,/Users/dlev2617/Documents/Code/Agents/github-packages/UPLOADED/paper-1998-04-the-full-cost-of-intercity-highway-transportation,data/highway_full_cost_model/original_legacy/full_cost_project_c4/greg_1_original.xls,Sheet 1,TCAPO,,numeric,498,175000000.0 | 190000000.0 | 206000000.0 | 215000000.0 | 202000000.0,31990000,2230000000,xls,medium,Headers inferred from first row. Sampled first 499 non-empty rows from worksheet.
paper-1998-04,The Full Cost Of Intercity Highway Transportation,UPLOADED,/Users/dlev2617/Documents/Code/Agents/github-packages/UPLOADED/paper-1998-04-the-full-cost-of-intercity-highway-transportation,data/highway_full_cost_model/original_legacy/full_cost_project_c4/greg_1_original.xls,Sheet 1,TMANT,,numeric,498,75343000.0 | 87487000.0 | 91299000.0 | 89616000.0 | 93706000.0,11597000,1560000000,xls,medium,Headers inferred from first row. Sampled first 499 non-empty rows from worksheet.
paper-1998-04,The Full Cost Of Intercity Highway Transportation,UPLOADED,/Users/dlev2617/Documents/Code/Agents/github-packages/UPLOADED/paper-1998-04-the-full-cost-of-intercity-highway-transportation,data/highway_full_cost_model/original_legacy/full_cost_project_c4/greg_1_original.xls,Sheet 1,HPOLC,,numeric,498,8231000.0 | 9259000.0 | 8762000.0 | 8814000.0 | 9716000.0,2857000,931000000,xls,medium,Headers inferred from first row. Sampled first 499 non-empty rows from worksheet.
paper-1998-04,The Full Cost Of Intercity Highway Transportation,UPLOADED,/Users/dlev2617/Documents/Code/Agents/github-packages/UPLOADED/paper-1998-04-the-full-cost-of-intercity-highway-transportation,data/highway_full_cost_model/original_legacy/full_cost_project_c4/greg_1_original.xls,Sheet 1,TDISB,,numeric,498,309000000.0 | 335000000.0 | 361000000.0 | 367000000.0 | 366000000.0,76500000,5290000000,xls,medium,Headers inferred from first row. Sampled first 499 non-empty rows from worksheet.
paper-1998-04,The Full Cost Of Intercity Highway Transportation,UPLOADED,/Users/dlev2617/Documents/Code/Agents/github-packages/UPLOADED/paper-1998-04-the-full-cost-of-intercity-highway-transportation,data/highway_full_cost_model/original_legacy/full_cost_project_c4/greg_1_original.xls,Sheet 1,IRFA4,,numeric,498,526.0 | 535.0 | 564.0 | 572.0 | 595.0,0,1459,xls,medium,Headers inferred from first row. Sampled first 499 non-empty rows from worksheet.
paper-1998-04,The Full Cost Of Intercity Highway Transportation,UPLOADED,/Users/dlev2617/Documents/Code/Agents/github-packages/UPLOADED/paper-1998-04-the-full-cost-of-intercity-highway-transportation,data/highway_full_cost_model/original_legacy/full_cost_project_c4/greg_1_original.xls,Sheet 1,IRTT,,numeric,498,762.0 | 751.0 | 774.0 | 728.0 | 736.0,0,1758,xls,medium,Headers inferred from first row. Sampled first 499 non-empty rows from worksheet.
paper-1998-04,The Full Cost Of Intercity Highway Transportation,UPLOADED,/Users/dlev2617/Documents/Code/Agents/github-packages/UPLOADED/paper-1998-04-the-full-cost-of-intercity-highway-transportation,data/highway_full_cost_model/original_legacy/full_cost_project_c4/greg_1_original.xls,Sheet 1,IUFA4,,numeric,498,45.0 | 66.0 | 74.0 | 87.0 | 91.0,0,978,xls,medium,Headers inferred from first row. Sampled first 499 non-empty rows from worksheet.
paper-1998-04,The Full Cost Of Intercity Highway Transportation,UPLOADED,/Users/dlev2617/Documents/Code/Agents/github-packages/UPLOADED/paper-1998-04-the-full-cost-of-intercity-highway-transportation,data/highway_full_cost_model/original_legacy/full_cost_project_c4/greg_1_original.xls,Sheet 1,IUTT,,numeric,498,177.0 | 198.0 | 203.0 | 202.0 | 179.0,21,978,xls,medium,Headers inferred from first row. Sampled first 499 non-empty rows from worksheet.
paper-1998-04,The Full Cost Of Intercity Highway Transportation,UPLOADED,/Users/dlev2617/Documents/Code/Agents/github-packages/UPLOADED/paper-1998-04-the-full-cost-of-intercity-highway-transportation,data/highway_full_cost_model/original_legacy/full_cost_project_c4/greg_1_original.xls,Sheet 1,PR2L,,numeric,498,4344.0 | 4322.0 | 4263.0 | 4209.0 | 4198.0,153,8885,xls,medium,Headers inferred from first row. Sampled first 499 non-empty rows from worksheet.
paper-1998-04,The Full Cost Of Intercity Highway Transportation,UPLOADED,/Users/dlev2617/Documents/Code/Agents/github-packages/UPLOADED/paper-1998-04-the-full-cost-of-intercity-highway-transportation,data/highway_full_cost_model/original_legacy/full_cost_project_c4/greg_1_original.xls,Sheet 1,PRFA4,,numeric,498,526.0 | 535.0 | 564.0 | 572.0 | 595.0,0,2138,xls,medium,Headers inferred from first row. Sampled first 499 non-empty rows from worksheet.
paper-1998-04,The Full Cost Of Intercity Highway Transportation,UPLOADED,/Users/dlev2617/Documents/Code/Agents/github-packages/UPLOADED/paper-1998-04-the-full-cost-of-intercity-highway-transportation,data/highway_full_cost_model/original_legacy/full_cost_project_c4/greg_1_original.xls,Sheet 1,PR4TT,,numeric,498,1015.0 | 1048.0 | 1109.0 | 1057.0 | 1094.0,0,2734,xls,medium,Headers inferred from first row. Sampled first 499 non-empty rows from worksheet.
paper-1998-04,The Full Cost Of Intercity Highway Transportation,UPLOADED,/Users/dlev2617/Documents/Code/Agents/github-packages/UPLOADED/paper-1998-04-the-full-cost-of-intercity-highway-transportation,data/highway_full_cost_model/original_legacy/full_cost_project_c4/greg_1_original.xls,Sheet 1,PRTT,,numeric,498,5419.0 | 5428.0 | 5440.0 | 5434.0 | 5463.0,332,11281,xls,medium,Headers inferred from first row. Sampled first 499 non-empty rows from worksheet.
paper-1998-04,The Full Cost Of Intercity Highway Transportation,UPLOADED,/Users/dlev2617/Documents/Code/Agents/github-packages/UPLOADED/paper-1998-04-the-full-cost-of-intercity-highway-transportation,data/highway_full_cost_model/original_legacy/full_cost_project_c4/greg_1_original.xls,Sheet 1,PU2L,,numeric,498,383.0 | 380.0 | 370.0 | 334.0 | 293.0,11,1050,xls,medium,Headers inferred from first row. Sampled first 499 non-empty rows from worksheet.
paper-1998-04,The Full Cost Of Intercity Highway Transportation,UPLOADED,/Users/dlev2617/Documents/Code/Agents/github-packages/UPLOADED/paper-1998-04-the-full-cost-of-intercity-highway-transportation,data/highway_full_cost_model/original_legacy/full_cost_project_c4/greg_1_original.xls,Sheet 1,PUFA4,,numeric,498,46.0 | 66.0 | 74.0 | 87.0 | 91.0,0,1558,xls,medium,Headers inferred from first row. Sampled first 499 non-empty rows from worksheet.
paper-1998-04,The Full Cost Of Intercity Highway Transportation,UPLOADED,/Users/dlev2617/Documents/Code/Agents/github-packages/UPLOADED/paper-1998-04-the-full-cost-of-intercity-highway-transportation,data/highway_full_cost_model/original_legacy/full_cost_project_c4/greg_1_original.xls,Sheet 1,PU4TT,,numeric,498,266.0 | 289.0 | 313.0 | 398.0 | 427.0,0,1888,xls,medium,Headers inferred from first row. Sampled first 499 non-empty rows from worksheet.
paper-1998-04,The Full Cost Of Intercity Highway Transportation,UPLOADED,/Users/dlev2617/Documents/Code/Agents/github-packages/UPLOADED/paper-1998-04-the-full-cost-of-intercity-highway-transportation,data/highway_full_cost_model/original_legacy/full_cost_project_c4/greg_1_original.xls,Sheet 1,PUTT,,numeric,498,779.0 | 806.0 | 840.0 | 866.0 | 869.0,39,2708,xls,medium,Headers inferred from first row. Sampled first 499 non-empty rows from worksheet.
paper-1998-04,The Full Cost Of Intercity Highway Transportation,UPLOADED,/Users/dlev2617/Documents/Code/Agents/github-packages/UPLOADED/paper-1998-04-the-full-cost-of-intercity-highway-transportation,data/highway_full_cost_model/original_legacy/full_cost_project_c4/greg_1_original.xls,Sheet 1,REGAUTO,,numeric,498,1470975.0 | 1559097.0 | 1656566.0 | 1746518.0 | 1828875.0,250433,16496522,xls,medium,Headers inferred from first row. Sampled first 499 non-empty rows from worksheet.
paper-1998-04,The Full Cost Of Intercity Highway Transportation,UPLOADED,/Users/dlev2617/Documents/Code/Agents/github-packages/UPLOADED/paper-1998-04-the-full-cost-of-intercity-highway-transportation,data/highway_full_cost_model/original_legacy/full_cost_project_c4/greg_1_original.xls,Sheet 1,REGBUS,,numeric,498,7683.0 | 7807.0 | 7849.0 | 7893.0 | 7960.0,1130,37533,xls,medium,Headers inferred from first row. Sampled first 499 non-empty rows from worksheet.
paper-1998-04,The Full Cost Of Intercity Highway Transportation,UPLOADED,/Users/dlev2617/Documents/Code/Agents/github-packages/UPLOADED/paper-1998-04-the-full-cost-of-intercity-highway-transportation,data/highway_full_cost_model/original_legacy/full_cost_project_c4/greg_1_original.xls,Sheet 1,REGTRK,,numeric,498,378680.0 | 399028.0 | 428556.0 | 472882.0 | 516794.0,14224,4802909,xls,medium,Headers inferred from first row. Sampled first 499 non-empty rows from worksheet.
paper-1998-04,The Full Cost Of Intercity Highway Transportation,UPLOADED,/Users/dlev2617/Documents/Code/Agents/github-packages/UPLOADED/paper-1998-04-the-full-cost-of-intercity-highway-transportation,data/highway_full_cost_model/original_legacy/full_cost_project_c4/greg_1_original.xls,Sheet 1,dt1,,numeric,498,1.0 | 0.0,0,1,xls,medium,Headers inferred from first row. Sampled first 499 non-empty rows from worksheet.
paper-1998-04,The Full Cost Of Intercity Highway Transportation,UPLOADED,/Users/dlev2617/Documents/Code/Agents/github-packages/UPLOADED/paper-1998-04-the-full-cost-of-intercity-highway-transportation,data/highway_full_cost_model/original_legacy/full_cost_project_c4/greg_1_original.xls,Sheet 1,dt2,,numeric,498,0.0 | 1.0,0,1,xls,medium,Headers inferred from first row. Sampled first 499 non-empty rows from worksheet.
paper-1998-04,The Full Cost Of Intercity Highway Transportation,UPLOADED,/Users/dlev2617/Documents/Code/Agents/github-packages/UPLOADED/paper-1998-04-the-full-cost-of-intercity-highway-transportation,data/highway_full_cost_model/original_legacy/full_cost_project_c4/greg_1_original.xls,Sheet 1,dt3,,numeric,498,0.0 | 1.0,0,1,xls,medium,Headers inferred from first row. Sampled first 499 non-empty rows from worksheet.
paper-1998-04,The Full Cost Of Intercity Highway Transportation,UPLOADED,/Users/dlev2617/Documents/Code/Agents/github-packages/UPLOADED/paper-1998-04-the-full-cost-of-intercity-highway-transportation,data/highway_full_cost_model/original_legacy/full_cost_project_c4/greg_1_original.xls,Sheet 1,dt4,,numeric,498,0.0 | 1.0,0,1,xls,medium,Headers inferred from first row. Sampled first 499 non-empty rows from worksheet.
paper-1998-04,The Full Cost Of Intercity Highway Transportation,UPLOADED,/Users/dlev2617/Documents/Code/Agents/github-packages/UPLOADED/paper-1998-04-the-full-cost-of-intercity-highway-transportation,data/highway_full_cost_model/original_legacy/full_cost_project_c4/greg_1_original.xls,Sheet 1,dt5,,numeric,498,0.0 | 1.0,0,1,xls,medium,Headers inferred from first row. Sampled first 499 non-empty rows from worksheet.
paper-1998-04,The Full Cost Of Intercity Highway Transportation,UPLOADED,/Users/dlev2617/Documents/Code/Agents/github-packages/UPLOADED/paper-1998-04-the-full-cost-of-intercity-highway-transportation,data/highway_full_cost_model/original_legacy/full_cost_project_c4/greg_1_original.xls,Sheet 1,dt6,,numeric,498,0.0 | 1.0,0,1,xls,medium,Headers inferred from first row. Sampled first 499 non-empty rows from worksheet.
paper-1998-04,The Full Cost Of Intercity Highway Transportation,UPLOADED,/Users/dlev2617/Documents/Code/Agents/github-packages/UPLOADED/paper-1998-04-the-full-cost-of-intercity-highway-transportation,data/highway_full_cost_model/original_legacy/full_cost_project_c4/greg_1_original.xls,Sheet 1,dt7,,numeric,498,0.0 | 1.0,0,1,xls,medium,Headers inferred from first row. Sampled first 499 non-empty rows from worksheet.
paper-1998-04,The Full Cost Of Intercity Highway Transportation,UPLOADED,/Users/dlev2617/Documents/Code/Agents/github-packages/UPLOADED/paper-1998-04-the-full-cost-of-intercity-highway-transportation,data/highway_full_cost_model/original_legacy/full_cost_project_c4/greg_1_original.xls,Sheet 1,dt8,,numeric,498,0.0 | 1.0,0,1,xls,medium,Headers inferred from first row. Sampled first 499 non-empty rows from worksheet.
paper-1998-04,The Full Cost Of Intercity Highway Transportation,UPLOADED,/Users/dlev2617/Documents/Code/Agents/github-packages/UPLOADED/paper-1998-04-the-full-cost-of-intercity-highway-transportation,data/highway_full_cost_model/original_legacy/full_cost_project_c4/greg_1_original.xls,Sheet 1,dt9,,numeric,498,0.0 | 1.0,0,1,xls,medium,Headers inferred from first row. Sampled first 499 non-empty rows from worksheet.
paper-1998-04,The Full Cost Of Intercity Highway Transportation,UPLOADED,/Users/dlev2617/Documents/Code/Agents/github-packages/UPLOADED/paper-1998-04-the-full-cost-of-intercity-highway-transportation,data/highway_full_cost_model/original_legacy/full_cost_project_c4/greg_1_original.xls,Sheet 1,dt10,,numeric,498,0.0 | 1.0,0,1,xls,medium,Headers inferred from first row. Sampled first 499 non-empty rows from worksheet.
paper-1998-04,The Full Cost Of Intercity Highway Transportation,UPLOADED,/Users/dlev2617/Documents/Code/Agents/github-packages/UPLOADED/paper-1998-04-the-full-cost-of-intercity-highway-transportation,data/highway_full_cost_model/original_legacy/full_cost_project_c4/greg_1_original.xls,Sheet 1,dt11,,numeric,498,0.0 | 1.0,0,1,xls,medium,Headers inferred from first row. Sampled first 499 non-empty rows from worksheet.
paper-1998-04,The Full Cost Of Intercity Highway Transportation,UPLOADED,/Users/dlev2617/Documents/Code/Agents/github-packages/UPLOADED/paper-1998-04-the-full-cost-of-intercity-highway-transportation,data/highway_full_cost_model/original_legacy/full_cost_project_c4/greg_1_original.xls,Sheet 1,dt12,,numeric,498,0.0 | 1.0,0,1,xls,medium,Headers inferred from first row. Sampled first 499 non-empty rows from worksheet.
paper-1998-04,The Full Cost Of Intercity Highway Transportation,UPLOADED,/Users/dlev2617/Documents/Code/Agents/github-packages/UPLOADED/paper-1998-04-the-full-cost-of-intercity-highway-transportation,data/highway_full_cost_model/original_legacy/full_cost_project_c4/greg_1_original.xls,Sheet 1,dt13,,numeric,498,0.0 | 1.0,0,1,xls,medium,Headers inferred from first row. Sampled first 499 non-empty rows from worksheet.
paper-1998-04,The Full Cost Of Intercity Highway Transportation,UPLOADED,/Users/dlev2617/Documents/Code/Agents/github-packages/UPLOADED/paper-1998-04-the-full-cost-of-intercity-highway-transportation,data/highway_full_cost_model/original_legacy/full_cost_project_c4/greg_1_original.xls,Sheet 1,dt14,,numeric,498,0.0 | 1.0,0,1,xls,medium,Headers inferred from first row. Sampled first 499 non-empty rows from worksheet.
paper-1998-04,The Full Cost Of Intercity Highway Transportation,UPLOADED,/Users/dlev2617/Documents/Code/Agents/github-packages/UPLOADED/paper-1998-04-the-full-cost-of-intercity-highway-transportation,data/highway_full_cost_model/original_legacy/full_cost_project_c4/greg_1_original.xls,Sheet 1,dt15,,numeric,498,0.0 | 1.0,0,1,xls,medium,Headers inferred from first row. Sampled first 499 non-empty rows from worksheet.
paper-1998-04,The Full Cost Of Intercity Highway Transportation,UPLOADED,/Users/dlev2617/Documents/Code/Agents/github-packages/UPLOADED/paper-1998-04-the-full-cost-of-intercity-highway-transportation,data/highway_full_cost_model/original_legacy/full_cost_project_c4/greg_1_original.xls,Sheet 1,dt16,,numeric,498,0.0 | 1.0,0,1,xls,medium,Headers inferred from first row. Sampled first 499 non-empty rows from worksheet.
paper-1998-04,The Full Cost Of Intercity Highway Transportation,UPLOADED,/Users/dlev2617/Documents/Code/Agents/github-packages/UPLOADED/paper-1998-04-the-full-cost-of-intercity-highway-transportation,data/highway_full_cost_model/original_legacy/full_cost_project_c4/greg_1_original.xls,Sheet 1,dt17,,numeric,498,0.0 | 1.0,0,1,xls,medium,Headers inferred from first row. Sampled first 499 non-empty rows from worksheet.
paper-1998-04,The Full Cost Of Intercity Highway Transportation,UPLOADED,/Users/dlev2617/Documents/Code/Agents/github-packages/UPLOADED/paper-1998-04-the-full-cost-of-intercity-highway-transportation,data/highway_full_cost_model/original_legacy/full_cost_project_c4/greg_1_original.xls,Sheet 1,dt18,,numeric,498,0.0 | 1.0,0,1,xls,medium,Headers inferred from first row. Sampled first 499 non-empty rows from worksheet.
paper-1998-04,The Full Cost Of Intercity Highway Transportation,UPLOADED,/Users/dlev2617/Documents/Code/Agents/github-packages/UPLOADED/paper-1998-04-the-full-cost-of-intercity-highway-transportation,data/highway_full_cost_model/original_legacy/full_cost_project_c4/greg_1_original.xls,Sheet 1,dt19,,numeric,498,0.0 | 1.0,0,1,xls,medium,Headers inferred from first row. Sampled first 499 non-empty rows from worksheet.
paper-1998-04,The Full Cost Of Intercity Highway Transportation,UPLOADED,/Users/dlev2617/Documents/Code/Agents/github-packages/UPLOADED/paper-1998-04-the-full-cost-of-intercity-highway-transportation,data/highway_full_cost_model/original_legacy/full_cost_project_c4/greg_1_original.xls,Sheet 1,dt20,,numeric,498,0.0 | 1.0,0,1,xls,medium,Headers inferred from first row. Sampled first 499 non-empty rows from worksheet.
paper-1998-04,The Full Cost Of Intercity Highway Transportation,UPLOADED,/Users/dlev2617/Documents/Code/Agents/github-packages/UPLOADED/paper-1998-04-the-full-cost-of-intercity-highway-transportation,data/highway_full_cost_model/original_legacy/full_cost_project_c4/greg_2_original.xls,Sheet1,STATE,,text,498,ALABAMA | ARKANSAS | ARIZONA | CALIFORNIA | COLORADO,,,xls,medium,Headers inferred from first row. Sampled first 499 non-empty rows from worksheet.
paper-1998-04,The Full Cost Of Intercity Highway Transportation,UPLOADED,/Users/dlev2617/Documents/Code/Agents/github-packages/UPLOADED/paper-1998-04-the-full-cost-of-intercity-highway-transportation,data/highway_full_cost_model/original_legacy/full_cost_project_c4/greg_2_original.xls,Sheet1,YEAR,,numeric,498,1969.0 | 1970.0 | 1971.0 | 1972.0 | 1973.0,1969,1988,xls,medium,Headers inferred from first row. Sampled first 499 non-empty rows from worksheet.
paper-1998-04,The Full Cost Of Intercity Highway Transportation,UPLOADED,/Users/dlev2617/Documents/Code/Agents/github-packages/UPLOADED/paper-1998-04-the-full-cost-of-intercity-highway-transportation,data/highway_full_cost_model/original_legacy/full_cost_project_c4/greg_2_original.xls,Sheet1,HIGHWAY,,numeric,498,7325.79 | 7525.94 | 7765.42 | 7907.66 | 8025.52,2029.77,47699.43,xls,medium,Headers inferred from first row. Sampled first 499 non-empty rows from worksheet.
paper-1998-04,The Full Cost Of Intercity Highway Transportation,UPLOADED,/Users/dlev2617/Documents/Code/Agents/github-packages/UPLOADED/paper-1998-04-the-full-cost-of-intercity-highway-transportation,data/highway_full_cost_model/original_legacy/full_cost_project_c4/greg_2_original.xls,Sheet1,GSP,,numeric,498,28773.0 | 28418.0 | 29375.0 | 31303.0 | 33430.0,6863,528674,xls,medium,Headers inferred from first row. Sampled first 499 non-empty rows from worksheet.
paper-1998-04,The Full Cost Of Intercity Highway Transportation,UPLOADED,/Users/dlev2617/Documents/Code/Agents/github-packages/UPLOADED/paper-1998-04-the-full-cost-of-intercity-highway-transportation,data/highway_full_cost_model/original_legacy/full_cost_project_c4/greg_2_original.xls,Sheet1,TOTPUB,,numeric,498,15032.68 | 15501.94 | 15972.41 | 16406.26 | 16762.67,3410.22,145321.6,xls,medium,Headers inferred from first row. Sampled first 499 non-empty rows from worksheet.
paper-1998-04,The Full Cost Of Intercity Highway Transportation,UPLOADED,/Users/dlev2617/Documents/Code/Agents/github-packages/UPLOADED/paper-1998-04-the-full-cost-of-intercity-highway-transportation,data/highway_full_cost_model/original_legacy/full_cost_project_c4/greg_2_original.xls,Sheet1,PVTCAP,,numeric,498,35793.8 | 37299.91 | 38670.3 | 40084.01 | 42057.32,6108.14,400653.1,xls,medium,Headers inferred from first row. Sampled first 499 non-empty rows from worksheet.
paper-1998-04,The Full Cost Of Intercity Highway Transportation,UPLOADED,/Users/dlev2617/Documents/Code/Agents/github-packages/UPLOADED/paper-1998-04-the-full-cost-of-intercity-highway-transportation,data/highway_full_cost_model/original_legacy/full_cost_project_c4/greg_2_original.xls,Sheet1,AREA,,numeric,498,52423.0 | 53182.0 | 114006.0 | 163707.0 | 104100.0,2489,163707,xls,medium,Headers inferred from first row. Sampled first 499 non-empty rows from worksheet.
paper-1998-04,The Full Cost Of Intercity Highway Transportation,UPLOADED,/Users/dlev2617/Documents/Code/Agents/github-packages/UPLOADED/paper-1998-04-the-full-cost-of-intercity-highway-transportation,data/highway_full_cost_model/original_legacy/full_cost_project_c4/greg_2_original.xls,Sheet1,ROWAY,,numeric,498,23642000.0 | 16648000.0 | 11223000.0 | 14390000.0 | 11812000.0,662000,292000000,xls,medium,Headers inferred from first row. Sampled first 499 non-empty rows from worksheet.
paper-1998-04,The Full Cost Of Intercity Highway Transportation,UPLOADED,/Users/dlev2617/Documents/Code/Agents/github-packages/UPLOADED/paper-1998-04-the-full-cost-of-intercity-highway-transportation,data/highway_full_cost_model/original_legacy/full_cost_project_c4/greg_2_original.xls,Sheet1,TCAPO,,numeric,498,175000000.0 | 190000000.0 | 206000000.0 | 215000000.0 | 202000000.0,31990000,2230000000,xls,medium,Headers inferred from first row. Sampled first 499 non-empty rows from worksheet.
paper-1998-04,The Full Cost Of Intercity Highway Transportation,UPLOADED,/Users/dlev2617/Documents/Code/Agents/github-packages/UPLOADED/paper-1998-04-the-full-cost-of-intercity-highway-transportation,data/highway_full_cost_model/original_legacy/full_cost_project_c4/greg_2_original.xls,Sheet1,TMANT,,numeric,498,75343000.0 | 87487000.0 | 91299000.0 | 89616000.0 | 93706000.0,11597000,1560000000,xls,medium,Headers inferred from first row. Sampled first 499 non-empty rows from worksheet.
paper-1998-04,The Full Cost Of Intercity Highway Transportation,UPLOADED,/Users/dlev2617/Documents/Code/Agents/github-packages/UPLOADED/paper-1998-04-the-full-cost-of-intercity-highway-transportation,data/highway_full_cost_model/original_legacy/full_cost_project_c4/greg_2_original.xls,Greg 1,OBS,,numeric,498,1.0 | 2.0 | 3.0 | 4.0 | 5.0,1,498,xls,medium,Headers inferred from first row. Sampled first 499 non-empty rows from worksheet.
paper-1998-04,The Full Cost Of Intercity Highway Transportation,UPLOADED,/Users/dlev2617/Documents/Code/Agents/github-packages/UPLOADED/paper-1998-04-the-full-cost-of-intercity-highway-transportation,data/highway_full_cost_model/original_legacy/full_cost_project_c4/greg_2_original.xls,Greg 1,STATE,,text,498,ALABAMA | ARKANSAS | ARIZONA | CALIFORNIA | COLORADO,,,xls,medium,Headers inferred from first row. Sampled first 499 non-empty rows from worksheet.
paper-1998-04,The Full Cost Of Intercity Highway Transportation,UPLOADED,/Users/dlev2617/Documents/Code/Agents/github-packages/UPLOADED/paper-1998-04-the-full-cost-of-intercity-highway-transportation,data/highway_full_cost_model/original_legacy/full_cost_project_c4/greg_2_original.xls,Greg 1,STATE2,,mixed_numeric_text,498,501.0 | 505.0 | 604.0 | 804.0 | 7?,,,xls,medium,Headers inferred from first row. Sampled first 499 non-empty rows from worksheet.
paper-1998-04,The Full Cost Of Intercity Highway Transportation,UPLOADED,/Users/dlev2617/Documents/Code/Agents/github-packages/UPLOADED/paper-1998-04-the-full-cost-of-intercity-highway-transportation,data/highway_full_cost_model/original_legacy/full_cost_project_c4/greg_2_original.xls,Greg 1,UN,,numeric,498,0.0 | 4.7 | 5.2 | 4.5 | 5.5,0,15.5,xls,medium,Headers inferred from first row. Sampled first 499 non-empty rows from worksheet.
paper-1998-04,The Full Cost Of Intercity Highway Transportation,UPLOADED,/Users/dlev2617/Documents/Code/Agents/github-packages/UPLOADED/paper-1998-04-the-full-cost-of-intercity-highway-transportation,data/highway_full_cost_model/original_legacy/full_cost_project_c4/greg_2_original.xls,Greg 1,YEAR,,numeric,498,1969.0 | 1970.0 | 1971.0 | 1972.0 | 1973.0,1969,1988,xls,medium,Headers inferred from first row. Sampled first 499 non-empty rows from worksheet.
paper-1998-04,The Full Cost Of Intercity Highway Transportation,UPLOADED,/Users/dlev2617/Documents/Code/Agents/github-packages/UPLOADED/paper-1998-04-the-full-cost-of-intercity-highway-transportation,data/highway_full_cost_model/original_legacy/full_cost_project_c4/greg_2_original.xls,Greg 1,CLTCB,,numeric,498,641.467 | 675.605 | 626.055 | 669.735 | 688.65,0,1292.23,xls,medium,Headers inferred from first row. Sampled first 499 non-empty rows from worksheet.
paper-1998-04,The Full Cost Of Intercity Highway Transportation,UPLOADED,/Users/dlev2617/Documents/Code/Agents/github-packages/UPLOADED/paper-1998-04-the-full-cost-of-intercity-highway-transportation,data/highway_full_cost_model/original_legacy/full_cost_project_c4/greg_2_original.xls,Greg 1,HYTCB,,numeric,498,78.511 | 80.092 | 104.114 | 106.211 | 122.622,-10.1547,598.716,xls,medium,Headers inferred from first row. Sampled first 499 non-empty rows from worksheet.
paper-1998-04,The Full Cost Of Intercity Highway Transportation,UPLOADED,/Users/dlev2617/Documents/Code/Agents/github-packages/UPLOADED/paper-1998-04-the-full-cost-of-intercity-highway-transportation,data/highway_full_cost_model/original_legacy/full_cost_project_c4/greg_2_original.xls,Greg 1,NGTCB,,numeric,498,310.822 | 307.75 | 294.838 | 287.1 | 279.959,1.139,2349.71,xls,medium,Headers inferred from first row. Sampled first 499 non-empty rows from worksheet.
paper-1998-04,The Full Cost Of Intercity Highway Transportation,UPLOADED,/Users/dlev2617/Documents/Code/Agents/github-packages/UPLOADED/paper-1998-04-the-full-cost-of-intercity-highway-transportation,data/highway_full_cost_model/original_legacy/full_cost_project_c4/greg_2_original.xls,Greg 1,PATCB,,numeric,498,340.447 | 355.272 | 367.407 | 407.919 | 453.62,96.01,3735.61,xls,medium,Headers inferred from first row. Sampled first 499 non-empty rows from worksheet.
paper-1998-04,The Full Cost Of Intercity Highway Transportation,UPLOADED,/Users/dlev2617/Documents/Code/Agents/github-packages/UPLOADED/paper-1998-04-the-full-cost-of-intercity-highway-transportation,data/highway_full_cost_model/original_legacy/full_cost_project_c4/greg_2_original.xls,Greg 1,TETCB,,numeric,498,1293.31 | 1344.84 | 1334.06 | 1423.83 | 1474.26,187.73,6984.62,xls,medium,Headers inferred from first row. Sampled first 499 non-empty rows from worksheet.
paper-1998-04,The Full Cost Of Intercity Highway Transportation,UPLOADED,/Users/dlev2617/Documents/Code/Agents/github-packages/UPLOADED/paper-1998-04-the-full-cost-of-intercity-highway-transportation,data/highway_full_cost_model/original_legacy/full_cost_project_c4/greg_2_original.xls,Greg 1,SMINING,,numeric,498,786.0 | 832.0 | 742.0 | 781.0 | 818.0,-3,32363,xls,medium,Headers inferred from first row. Sampled first 499 non-empty rows from worksheet.
paper-1998-04,The Full Cost Of Intercity Highway Transportation,UPLOADED,/Users/dlev2617/Documents/Code/Agents/github-packages/UPLOADED/paper-1998-04-the-full-cost-of-intercity-highway-transportation,data/highway_full_cost_model/original_legacy/full_cost_project_c4/greg_2_original.xls,Greg 1,SCONSTR,,numeric,498,2078.0 | 1829.0 | 1815.0 | 1905.0 | 2149.0,269,22920,xls,medium,Headers inferred from first row. Sampled first 499 non-empty rows from worksheet.
paper-1998-04,The Full Cost Of Intercity Highway Transportation,UPLOADED,/Users/dlev2617/Documents/Code/Agents/github-packages/UPLOADED/paper-1998-04-the-full-cost-of-intercity-highway-transportation,data/highway_full_cost_model/original_legacy/full_cost_project_c4/greg_2_original.xls,Greg 1,SDURABL,,numeric,498,3994.0 | 3762.0 | 3816.0 | 4091.0 | 4461.0,329,79754,xls,medium,Headers inferred from first row. Sampled first 499 non-empty rows from worksheet.
paper-1998-04,The Full Cost Of Intercity Highway Transportation,UPLOADED,/Users/dlev2617/Documents/Code/Agents/github-packages/UPLOADED/paper-1998-04-the-full-cost-of-intercity-highway-transportation,data/highway_full_cost_model/original_legacy/full_cost_project_c4/greg_2_original.xls,Greg 1,SNONDUR,,numeric,498,3083.0 | 2970.0 | 3166.0 | 3542.0 | 3995.0,280,35293,xls,medium,Headers inferred from first row. Sampled first 499 non-empty rows from worksheet.
paper-1998-04,The Full Cost Of Intercity Highway Transportation,UPLOADED,/Users/dlev2617/Documents/Code/Agents/github-packages/UPLOADED/paper-1998-04-the-full-cost-of-intercity-highway-transportation,data/highway_full_cost_model/original_legacy/full_cost_project_c4/greg_2_original.xls,Greg 1,STRANS,,numeric,498,2377.0 | 2415.0 | 2490.0 | 2775.0 | 3058.0,552,40495,xls,medium,Headers inferred from first row. Sampled first 499 non-empty rows from worksheet.
paper-1998-04,The Full Cost Of Intercity Highway Transportation,UPLOADED,/Users/dlev2617/Documents/Code/Agents/github-packages/UPLOADED/paper-1998-04-the-full-cost-of-intercity-highway-transportation,data/highway_full_cost_model/original_legacy/full_cost_project_c4/greg_2_original.xls,Greg 1,SWHOLE,,numeric,498,1754.0 | 1775.0 | 1861.0 | 2055.0 | 2170.0,262,38841,xls,medium,Headers inferred from first row. Sampled first 499 non-empty rows from worksheet.
paper-1998-04,The Full Cost Of Intercity Highway Transportation,UPLOADED,/Users/dlev2617/Documents/Code/Agents/github-packages/UPLOADED/paper-1998-04-the-full-cost-of-intercity-highway-transportation,data/highway_full_cost_model/original_legacy/full_cost_project_c4/greg_2_original.xls,Greg 1,SRETAIL,,numeric,498,2665.0 | 2721.0 | 2892.0 | 3172.0 | 3378.0,615,53760,xls,medium,Headers inferred from first row. Sampled first 499 non-empty rows from worksheet.
paper-1998-04,The Full Cost Of Intercity Highway Transportation,UPLOADED,/Users/dlev2617/Documents/Code/Agents/github-packages/UPLOADED/paper-1998-04-the-full-cost-of-intercity-highway-transportation,data/highway_full_cost_model/original_legacy/full_cost_project_c4/greg_2_original.xls,Greg 1,SFINANC,,numeric,498,2939.0 | 2998.0 | 3152.0 | 3370.0 | 3574.0,807,86216,xls,medium,Headers inferred from first row. Sampled first 499 non-empty rows from worksheet.
paper-1998-04,The Full Cost Of Intercity Highway Transportation,UPLOADED,/Users/dlev2617/Documents/Code/Agents/github-packages/UPLOADED/paper-1998-04-the-full-cost-of-intercity-highway-transportation,data/highway_full_cost_model/original_legacy/full_cost_project_c4/greg_2_original.xls,Greg 1,SSERVICE,,numeric,498,879.0 | 857.0 | 986.0 | 997.0 | 856.0,89,15608,xls,medium,Headers inferred from first row. Sampled first 499 non-empty rows from worksheet.
paper-1998-04,The Full Cost Of Intercity Highway Transportation,UPLOADED,/Users/dlev2617/Documents/Code/Agents/github-packages/UPLOADED/paper-1998-04-the-full-cost-of-intercity-highway-transportation,data/highway_full_cost_model/original_legacy/full_cost_project_c4/greg_2_original.xls,Greg 1,SNAPROD,,numeric,498,27894.0 | 27561.0 | 28389.0 | 30306.0 | 32444.0,6126,513997,xls,medium,Headers inferred from first row. Sampled first 499 non-empty rows from worksheet.
paper-1998-04,The Full Cost Of Intercity Highway Transportation,UPLOADED,/Users/dlev2617/Documents/Code/Agents/github-packages/UPLOADED/paper-1998-04-the-full-cost-of-intercity-highway-transportation,data/highway_full_cost_model/original_legacy/full_cost_project_c4/greg_2_original.xls,Greg 1,TOTIND,,numeric,498,86.9 | 80.8 | 79.2 | 84.3 | 88.4,74.6,88.4,xls,medium,Headers inferred from first row. Sampled first 499 non-empty rows from worksheet.
paper-1998-04,The Full Cost Of Intercity Highway Transportation,UPLOADED,/Users/dlev2617/Documents/Code/Agents/github-packages/UPLOADED/paper-1998-04-the-full-cost-of-intercity-highway-transportation,data/highway_full_cost_model/original_legacy/full_cost_project_c4/greg_2_original.xls,Greg 1,GSP,,numeric,498,28773.0 | 28418.0 | 29375.0 | 31303.0 | 33430.0,6863,528674,xls,medium,Headers inferred from first row. Sampled first 499 non-empty rows from worksheet.
paper-1998-04,The Full Cost Of Intercity Highway Transportation,UPLOADED,/Users/dlev2617/Documents/Code/Agents/github-packages/UPLOADED/paper-1998-04-the-full-cost-of-intercity-highway-transportation,data/highway_full_cost_model/original_legacy/full_cost_project_c4/greg_2_original.xls,Greg 1,DURAB,,numeric,498,86.8 | 79.7 | 78.2 | 83.7 | 88.1,72.8,88.1,xls,medium,Headers inferred from first row. Sampled first 499 non-empty rows from worksheet.
paper-1998-04,The Full Cost Of Intercity Highway Transportation,UPLOADED,/Users/dlev2617/Documents/Code/Agents/github-packages/UPLOADED/paper-1998-04-the-full-cost-of-intercity-highway-transportation,data/highway_full_cost_model/original_legacy/full_cost_project_c4/greg_2_original.xls,Greg 1,NONDUR,,numeric,498,86.3 | 76.7 | 74.3 | 80.9 | 87.5,69,87.5,xls,medium,Headers inferred from first row. Sampled first 499 non-empty rows from worksheet.
paper-1998-04,The Full Cost Of Intercity Highway Transportation,UPLOADED,/Users/dlev2617/Documents/Code/Agents/github-packages/UPLOADED/paper-1998-04-the-full-cost-of-intercity-highway-transportation,data/highway_full_cost_model/original_legacy/full_cost_project_c4/greg_2_original.xls,Greg 1,PRIMARY,,numeric,498,86.6 | 82.9 | 82.8 | 87.5 | 84.0,76.4,87.5,xls,medium,Headers inferred from first row. Sampled first 499 non-empty rows from worksheet.
paper-1998-04,The Full Cost Of Intercity Highway Transportation,UPLOADED,/Users/dlev2617/Documents/Code/Agents/github-packages/UPLOADED/paper-1998-04-the-full-cost-of-intercity-highway-transportation,data/highway_full_cost_model/original_legacy/full_cost_project_c4/greg_2_original.xls,Greg 1,MINING,,numeric,498,86.5 | 79.1 | 77.4 | 82.5 | 82.8,73.5,86.5,xls,medium,Headers inferred from first row. Sampled first 499 non-empty rows from worksheet.
paper-1998-04,The Full Cost Of Intercity Highway Transportation,UPLOADED,/Users/dlev2617/Documents/Code/Agents/github-packages/UPLOADED/paper-1998-04-the-full-cost-of-intercity-highway-transportation,data/highway_full_cost_model/original_legacy/full_cost_project_c4/greg_2_original.xls,Greg 1,UTILIT,,numeric,498,95.8 | 95.4 | 93.9 | 94.6 | 92.9,79.5,95.8,xls,medium,Headers inferred from first row. Sampled first 499 non-empty rows from worksheet.
paper-1998-04,The Full Cost Of Intercity Highway Transportation,UPLOADED,/Users/dlev2617/Documents/Code/Agents/github-packages/UPLOADED/paper-1998-04-the-full-cost-of-intercity-highway-transportation,data/highway_full_cost_model/original_legacy/full_cost_project_c4/greg_2_original.xls,Greg 1,TOTPUB,,numeric,498,15032.68 | 15501.94 | 15972.41 | 16406.26 | 16762.67,3410.22,145321.6,xls,medium,Headers inferred from first row. Sampled first 499 non-empty rows from worksheet.
paper-1998-04,The Full Cost Of Intercity Highway Transportation,UPLOADED,/Users/dlev2617/Documents/Code/Agents/github-packages/UPLOADED/paper-1998-04-the-full-cost-of-intercity-highway-transportation,data/highway_full_cost_model/original_legacy/full_cost_project_c4/greg_2_original.xls,Greg 1,HIGHWAY,,numeric,498,7325.79 | 7525.94 | 7765.42 | 7907.66 | 8025.52,2029.77,47699.43,xls,medium,Headers inferred from first row. Sampled first 499 non-empty rows from worksheet.
paper-1998-04,The Full Cost Of Intercity Highway Transportation,UPLOADED,/Users/dlev2617/Documents/Code/Agents/github-packages/UPLOADED/paper-1998-04-the-full-cost-of-intercity-highway-transportation,data/highway_full_cost_model/original_legacy/full_cost_project_c4/greg_2_original.xls,Greg 1,OTHPK,,numeric,498,6051.2 | 6254.98 | 6442.23 | 6756.19 | 7002.29,948.67,75276.83,xls,medium,Headers inferred from first row. Sampled first 499 non-empty rows from worksheet.
paper-1998-04,The Full Cost Of Intercity Highway Transportation,UPLOADED,/Users/dlev2617/Documents/Code/Agents/github-packages/UPLOADED/paper-1998-04-the-full-cost-of-intercity-highway-transportation,data/highway_full_cost_model/original_legacy/full_cost_project_c4/greg_2_original.xls,Greg 1,PVTCAP,,numeric,498,35793.8 | 37299.91 | 38670.3 | 40084.01 | 42057.32,6108.14,400653.1,xls,medium,Headers inferred from first row. Sampled first 499 non-empty rows from worksheet.
paper-1998-04,The Full Cost Of Intercity Highway Transportation,UPLOADED,/Users/dlev2617/Documents/Code/Agents/github-packages/UPLOADED/paper-1998-04-the-full-cost-of-intercity-highway-transportation,data/highway_full_cost_model/original_legacy/full_cost_project_c4/greg_2_original.xls,Greg 1,AGCAP,,numeric,498,1687.63 | 1749.75 | 1812.37 | 1746.87 | 1847.31,201.69,15886.7,xls,medium,Headers inferred from first row. Sampled first 499 non-empty rows from worksheet.
paper-1998-04,The Full Cost Of Intercity Highway Transportation,UPLOADED,/Users/dlev2617/Documents/Code/Agents/github-packages/UPLOADED/paper-1998-04-the-full-cost-of-intercity-highway-transportation,data/highway_full_cost_model/original_legacy/full_cost_project_c4/greg_2_original.xls,Greg 1,MFGCAP,,mixed_numeric_text,498,9598.34 | 9914.18 | 10146.61 | 10386.7 | 10703.8,,,xls,medium,Headers inferred from first row. Sampled first 499 non-empty rows from worksheet.
paper-1998-04,The Full Cost Of Intercity Highway Transportation,UPLOADED,/Users/dlev2617/Documents/Code/Agents/github-packages/UPLOADED/paper-1998-04-the-full-cost-of-intercity-highway-transportation,data/highway_full_cost_model/original_legacy/full_cost_project_c4/greg_2_original.xls,Greg 1,NFNMCAP,,mixed_numeric_text,498,24507.83 | 25635.98 | 26711.32 | 27950.44 | 29506.21,,,xls,medium,Headers inferred from first row. Sampled first 499 non-empty rows from worksheet.
paper-1998-04,The Full Cost Of Intercity Highway Transportation,UPLOADED,/Users/dlev2617/Documents/Code/Agents/github-packages/UPLOADED/paper-1998-04-the-full-cost-of-intercity-highway-transportation,data/highway_full_cost_model/original_legacy/full_cost_project_c4/greg_2_original.xls,Greg 1,NAEMPL,,numeric,498,1000.2 | 1010.4 | 1021.9 | 1072.3 | 1135.5,197.7,12075.1,xls,medium,Headers inferred from first row. Sampled first 499 non-empty rows from worksheet.
paper-1998-04,The Full Cost Of Intercity Highway Transportation,UPLOADED,/Users/dlev2617/Documents/Code/Agents/github-packages/UPLOADED/paper-1998-04-the-full-cost-of-intercity-highway-transportation,data/highway_full_cost_model/original_legacy/full_cost_project_c4/greg_2_original.xls,Greg 1,CITIES,,numeric,498,10.0 | 9.0 | 5.0 | 47.0 | 8.0,1,47,xls,medium,Headers inferred from first row. Sampled first 499 non-empty rows from worksheet.
paper-1998-04,The Full Cost Of Intercity Highway Transportation,UPLOADED,/Users/dlev2617/Documents/Code/Agents/github-packages/UPLOADED/paper-1998-04-the-full-cost-of-intercity-highway-transportation,data/highway_full_cost_model/original_legacy/full_cost_project_c4/greg_2_original.xls,Greg 1,AREA,,numeric,498,52423.0 | 53182.0 | 114006.0 | 163707.0 | 104100.0,2489,163707,xls,medium,Headers inferred from first row. Sampled first 499 non-empty rows from worksheet.
paper-1998-04,The Full Cost Of Intercity Highway Transportation,UPLOADED,/Users/dlev2617/Documents/Code/Agents/github-packages/UPLOADED/paper-1998-04-the-full-cost-of-intercity-highway-transportation,data/highway_full_cost_model/original_legacy/full_cost_project_c4/greg_2_original.xls,Greg 1,CPI,,numeric,498,36.7 | 38.8 | 40.5 | 41.8 | 44.4,36,118.3,xls,medium,Headers inferred from first row. Sampled first 499 non-empty rows from worksheet.
paper-1998-04,The Full Cost Of Intercity Highway Transportation,UPLOADED,/Users/dlev2617/Documents/Code/Agents/github-packages/UPLOADED/paper-1998-04-the-full-cost-of-intercity-highway-transportation,data/highway_full_cost_model/original_legacy/full_cost_project_c4/greg_2_original.xls,Greg 1,PPI,,mixed_numeric_text,498,38.2 | 40.0 | 41.4 | 42.3 | 43.7,,,xls,medium,Headers inferred from first row. Sampled first 499 non-empty rows from worksheet.
paper-1998-04,The Full Cost Of Intercity Highway Transportation,UPLOADED,/Users/dlev2617/Documents/Code/Agents/github-packages/UPLOADED/paper-1998-04-the-full-cost-of-intercity-highway-transportation,data/highway_full_cost_model/original_legacy/full_cost_project_c4/greg_2_original.xls,Greg 1,ROWAY,,numeric,498,23642000.0 | 16648000.0 | 11223000.0 | 14390000.0 | 11812000.0,662000,292000000,xls,medium,Headers inferred from first row. Sampled first 499 non-empty rows from worksheet.
paper-1998-04,The Full Cost Of Intercity Highway Transportation,UPLOADED,/Users/dlev2617/Documents/Code/Agents/github-packages/UPLOADED/paper-1998-04-the-full-cost-of-intercity-highway-transportation,data/highway_full_cost_model/original_legacy/full_cost_project_c4/greg_2_original.xls,Greg 1,TCAPO,,numeric,498,175000000.0 | 190000000.0 | 206000000.0 | 215000000.0 | 202000000.0,31990000,2230000000,xls,medium,Headers inferred from first row. Sampled first 499 non-empty rows from worksheet.
paper-1998-04,The Full Cost Of Intercity Highway Transportation,UPLOADED,/Users/dlev2617/Documents/Code/Agents/github-packages/UPLOADED/paper-1998-04-the-full-cost-of-intercity-highway-transportation,data/highway_full_cost_model/original_legacy/full_cost_project_c4/greg_2_original.xls,Greg 1,TMANT,,numeric,498,75343000.0 | 87487000.0 | 91299000.0 | 89616000.0 | 93706000.0,11597000,1560000000,xls,medium,Headers inferred from first row. Sampled first 499 non-empty rows from worksheet.
paper-1998-04,The Full Cost Of Intercity Highway Transportation,UPLOADED,/Users/dlev2617/Documents/Code/Agents/github-packages/UPLOADED/paper-1998-04-the-full-cost-of-intercity-highway-transportation,data/highway_full_cost_model/original_legacy/full_cost_project_c4/greg_2_original.xls,Greg 1,HPOLC,,numeric,498,8231000.0 | 9259000.0 | 8762000.0 | 8814000.0 | 9716000.0,2857000,931000000,xls,medium,Headers inferred from first row. Sampled first 499 non-empty rows from worksheet.
paper-1998-04,The Full Cost Of Intercity Highway Transportation,UPLOADED,/Users/dlev2617/Documents/Code/Agents/github-packages/UPLOADED/paper-1998-04-the-full-cost-of-intercity-highway-transportation,data/highway_full_cost_model/original_legacy/full_cost_project_c4/greg_2_original.xls,Greg 1,TDISB,,numeric,498,309000000.0 | 335000000.0 | 361000000.0 | 367000000.0 | 366000000.0,76500000,5290000000,xls,medium,Headers inferred from first row. Sampled first 499 non-empty rows from worksheet.
paper-1998-04,The Full Cost Of Intercity Highway Transportation,UPLOADED,/Users/dlev2617/Documents/Code/Agents/github-packages/UPLOADED/paper-1998-04-the-full-cost-of-intercity-highway-transportation,data/highway_full_cost_model/original_legacy/full_cost_project_c4/greg_2_original.xls,Greg 1,IRFA4,,numeric,498,526.0 | 535.0 | 564.0 | 572.0 | 595.0,0,1459,xls,medium,Headers inferred from first row. Sampled first 499 non-empty rows from worksheet.
paper-1998-04,The Full Cost Of Intercity Highway Transportation,UPLOADED,/Users/dlev2617/Documents/Code/Agents/github-packages/UPLOADED/paper-1998-04-the-full-cost-of-intercity-highway-transportation,data/highway_full_cost_model/original_legacy/full_cost_project_c4/greg_2_original.xls,Greg 1,IRTT,,numeric,498,762.0 | 751.0 | 774.0 | 728.0 | 736.0,0,1758,xls,medium,Headers inferred from first row. Sampled first 499 non-empty rows from worksheet.
paper-1998-04,The Full Cost Of Intercity Highway Transportation,UPLOADED,/Users/dlev2617/Documents/Code/Agents/github-packages/UPLOADED/paper-1998-04-the-full-cost-of-intercity-highway-transportation,data/highway_full_cost_model/original_legacy/full_cost_project_c4/greg_2_original.xls,Greg 1,IUFA4,,numeric,498,45.0 | 66.0 | 74.0 | 87.0 | 91.0,0,978,xls,medium,Headers inferred from first row. Sampled first 499 non-empty rows from worksheet.
paper-1998-04,The Full Cost Of Intercity Highway Transportation,UPLOADED,/Users/dlev2617/Documents/Code/Agents/github-packages/UPLOADED/paper-1998-04-the-full-cost-of-intercity-highway-transportation,data/highway_full_cost_model/original_legacy/full_cost_project_c4/greg_2_original.xls,Greg 1,IUTT,,numeric,498,177.0 | 198.0 | 203.0 | 202.0 | 179.0,21,978,xls,medium,Headers inferred from first row. Sampled first 499 non-empty rows from worksheet.
paper-1998-04,The Full Cost Of Intercity Highway Transportation,UPLOADED,/Users/dlev2617/Documents/Code/Agents/github-packages/UPLOADED/paper-1998-04-the-full-cost-of-intercity-highway-transportation,data/highway_full_cost_model/original_legacy/full_cost_project_c4/greg_2_original.xls,Greg 1,PR2L,,numeric,498,4344.0 | 4322.0 | 4263.0 | 4209.0 | 4198.0,153,8885,xls,medium,Headers inferred from first row. Sampled first 499 non-empty rows from worksheet.
paper-1998-04,The Full Cost Of Intercity Highway Transportation,UPLOADED,/Users/dlev2617/Documents/Code/Agents/github-packages/UPLOADED/paper-1998-04-the-full-cost-of-intercity-highway-transportation,data/highway_full_cost_model/original_legacy/full_cost_project_c4/greg_2_original.xls,Greg 1,PRFA4,,numeric,498,526.0 | 535.0 | 564.0 | 572.0 | 595.0,0,2138,xls,medium,Headers inferred from first row. Sampled first 499 non-empty rows from worksheet.
paper-1998-04,The Full Cost Of Intercity Highway Transportation,UPLOADED,/Users/dlev2617/Documents/Code/Agents/github-packages/UPLOADED/paper-1998-04-the-full-cost-of-intercity-highway-transportation,data/highway_full_cost_model/original_legacy/full_cost_project_c4/greg_2_original.xls,Greg 1,PR4TT,,numeric,498,1015.0 | 1048.0 | 1109.0 | 1057.0 | 1094.0,0,2734,xls,medium,Headers inferred from first row. Sampled first 499 non-empty rows from worksheet.
paper-1998-04,The Full Cost Of Intercity Highway Transportation,UPLOADED,/Users/dlev2617/Documents/Code/Agents/github-packages/UPLOADED/paper-1998-04-the-full-cost-of-intercity-highway-transportation,data/highway_full_cost_model/original_legacy/full_cost_project_c4/greg_2_original.xls,Greg 1,PRTT,,numeric,498,5419.0 | 5428.0 | 5440.0 | 5434.0 | 5463.0,332,11281,xls,medium,Headers inferred from first row. Sampled first 499 non-empty rows from worksheet.
paper-1998-04,The Full Cost Of Intercity Highway Transportation,UPLOADED,/Users/dlev2617/Documents/Code/Agents/github-packages/UPLOADED/paper-1998-04-the-full-cost-of-intercity-highway-transportation,data/highway_full_cost_model/original_legacy/full_cost_project_c4/greg_2_original.xls,Greg 1,PU2L,,numeric,498,383.0 | 380.0 | 370.0 | 334.0 | 293.0,11,1050,xls,medium,Headers inferred from first row. Sampled first 499 non-empty rows from worksheet.
paper-1998-04,The Full Cost Of Intercity Highway Transportation,UPLOADED,/Users/dlev2617/Documents/Code/Agents/github-packages/UPLOADED/paper-1998-04-the-full-cost-of-intercity-highway-transportation,data/highway_full_cost_model/original_legacy/full_cost_project_c4/greg_2_original.xls,Greg 1,PUFA4,,numeric,498,46.0 | 66.0 | 74.0 | 87.0 | 91.0,0,1558,xls,medium,Headers inferred from first row. Sampled first 499 non-empty rows from worksheet.
paper-1998-04,The Full Cost Of Intercity Highway Transportation,UPLOADED,/Users/dlev2617/Documents/Code/Agents/github-packages/UPLOADED/paper-1998-04-the-full-cost-of-intercity-highway-transportation,data/highway_full_cost_model/original_legacy/full_cost_project_c4/greg_2_original.xls,Greg 1,PU4TT,,numeric,498,266.0 | 289.0 | 313.0 | 398.0 | 427.0,0,1888,xls,medium,Headers inferred from first row. Sampled first 499 non-empty rows from worksheet.
paper-1998-04,The Full Cost Of Intercity Highway Transportation,UPLOADED,/Users/dlev2617/Documents/Code/Agents/github-packages/UPLOADED/paper-1998-04-the-full-cost-of-intercity-highway-transportation,data/highway_full_cost_model/original_legacy/full_cost_project_c4/greg_2_original.xls,Greg 1,PUTT,,numeric,498,779.0 | 806.0 | 840.0 | 866.0 | 869.0,39,2708,xls,medium,Headers inferred from first row. Sampled first 499 non-empty rows from worksheet.
paper-1998-04,The Full Cost Of Intercity Highway Transportation,UPLOADED,/Users/dlev2617/Documents/Code/Agents/github-packages/UPLOADED/paper-1998-04-the-full-cost-of-intercity-highway-transportation,data/highway_full_cost_model/original_legacy/full_cost_project_c4/greg_2_original.xls,Greg 1,REGAUTO,,numeric,498,1470975.0 | 1559097.0 | 1656566.0 | 1746518.0 | 1828875.0,250433,16496522,xls,medium,Headers inferred from first row. Sampled first 499 non-empty rows from worksheet.
paper-1998-04,The Full Cost Of Intercity Highway Transportation,UPLOADED,/Users/dlev2617/Documents/Code/Agents/github-packages/UPLOADED/paper-1998-04-the-full-cost-of-intercity-highway-transportation,data/highway_full_cost_model/original_legacy/full_cost_project_c4/greg_2_original.xls,Greg 1,REGBUS,,numeric,498,7683.0 | 7807.0 | 7849.0 | 7893.0 | 7960.0,1130,37533,xls,medium,Headers inferred from first row. Sampled first 499 non-empty rows from worksheet.
paper-1998-04,The Full Cost Of Intercity Highway Transportation,UPLOADED,/Users/dlev2617/Documents/Code/Agents/github-packages/UPLOADED/paper-1998-04-the-full-cost-of-intercity-highway-transportation,data/highway_full_cost_model/original_legacy/full_cost_project_c4/greg_2_original.xls,Greg 1,REGTRK,,numeric,498,378680.0 | 399028.0 | 428556.0 | 472882.0 | 516794.0,14224,4802909,xls,medium,Headers inferred from first row. Sampled first 499 non-empty rows from worksheet.
paper-1998-04,The Full Cost Of Intercity Highway Transportation,UPLOADED,/Users/dlev2617/Documents/Code/Agents/github-packages/UPLOADED/paper-1998-04-the-full-cost-of-intercity-highway-transportation,data/highway_full_cost_model/original_legacy/full_cost_project_c4/greg_2_original.xls,Greg 1,dt1,,numeric,498,1.0 | 0.0,0,1,xls,medium,Headers inferred from first row. Sampled first 499 non-empty rows from worksheet.
paper-1998-04,The Full Cost Of Intercity Highway Transportation,UPLOADED,/Users/dlev2617/Documents/Code/Agents/github-packages/UPLOADED/paper-1998-04-the-full-cost-of-intercity-highway-transportation,data/highway_full_cost_model/original_legacy/full_cost_project_c4/greg_2_original.xls,Greg 1,dt2,,numeric,498,0.0 | 1.0,0,1,xls,medium,Headers inferred from first row. Sampled first 499 non-empty rows from worksheet.
paper-1998-04,The Full Cost Of Intercity Highway Transportation,UPLOADED,/Users/dlev2617/Documents/Code/Agents/github-packages/UPLOADED/paper-1998-04-the-full-cost-of-intercity-highway-transportation,data/highway_full_cost_model/original_legacy/full_cost_project_c4/greg_2_original.xls,Greg 1,dt3,,numeric,498,0.0 | 1.0,0,1,xls,medium,Headers inferred from first row. Sampled first 499 non-empty rows from worksheet.
paper-1998-04,The Full Cost Of Intercity Highway Transportation,UPLOADED,/Users/dlev2617/Documents/Code/Agents/github-packages/UPLOADED/paper-1998-04-the-full-cost-of-intercity-highway-transportation,data/highway_full_cost_model/original_legacy/full_cost_project_c4/greg_2_original.xls,Greg 1,dt4,,numeric,498,0.0 | 1.0,0,1,xls,medium,Headers inferred from first row. Sampled first 499 non-empty rows from worksheet.
paper-1998-04,The Full Cost Of Intercity Highway Transportation,UPLOADED,/Users/dlev2617/Documents/Code/Agents/github-packages/UPLOADED/paper-1998-04-the-full-cost-of-intercity-highway-transportation,data/highway_full_cost_model/original_legacy/full_cost_project_c4/greg_2_original.xls,Greg 1,dt5,,numeric,498,0.0 | 1.0,0,1,xls,medium,Headers inferred from first row. Sampled first 499 non-empty rows from worksheet.
paper-1998-04,The Full Cost Of Intercity Highway Transportation,UPLOADED,/Users/dlev2617/Documents/Code/Agents/github-packages/UPLOADED/paper-1998-04-the-full-cost-of-intercity-highway-transportation,data/highway_full_cost_model/original_legacy/full_cost_project_c4/greg_2_original.xls,Greg 1,dt6,,numeric,498,0.0 | 1.0,0,1,xls,medium,Headers inferred from first row. Sampled first 499 non-empty rows from worksheet.
paper-1998-04,The Full Cost Of Intercity Highway Transportation,UPLOADED,/Users/dlev2617/Documents/Code/Agents/github-packages/UPLOADED/paper-1998-04-the-full-cost-of-intercity-highway-transportation,data/highway_full_cost_model/original_legacy/full_cost_project_c4/greg_2_original.xls,Greg 1,dt7,,numeric,498,0.0 | 1.0,0,1,xls,medium,Headers inferred from first row. Sampled first 499 non-empty rows from worksheet.
paper-1998-04,The Full Cost Of Intercity Highway Transportation,UPLOADED,/Users/dlev2617/Documents/Code/Agents/github-packages/UPLOADED/paper-1998-04-the-full-cost-of-intercity-highway-transportation,data/highway_full_cost_model/original_legacy/full_cost_project_c4/greg_2_original.xls,Greg 1,dt8,,numeric,498,0.0 | 1.0,0,1,xls,medium,Headers inferred from first row. Sampled first 499 non-empty rows from worksheet.
paper-1998-04,The Full Cost Of Intercity Highway Transportation,UPLOADED,/Users/dlev2617/Documents/Code/Agents/github-packages/UPLOADED/paper-1998-04-the-full-cost-of-intercity-highway-transportation,data/highway_full_cost_model/original_legacy/full_cost_project_c4/greg_2_original.xls,Greg 1,dt9,,numeric,498,0.0 | 1.0,0,1,xls,medium,Headers inferred from first row. Sampled first 499 non-empty rows from worksheet.
paper-1998-04,The Full Cost Of Intercity Highway Transportation,UPLOADED,/Users/dlev2617/Documents/Code/Agents/github-packages/UPLOADED/paper-1998-04-the-full-cost-of-intercity-highway-transportation,data/highway_full_cost_model/original_legacy/full_cost_project_c4/greg_2_original.xls,Greg 1,dt10,,numeric,498,0.0 | 1.0,0,1,xls,medium,Headers inferred from first row. Sampled first 499 non-empty rows from worksheet.
paper-1998-04,The Full Cost Of Intercity Highway Transportation,UPLOADED,/Users/dlev2617/Documents/Code/Agents/github-packages/UPLOADED/paper-1998-04-the-full-cost-of-intercity-highway-transportation,data/highway_full_cost_model/original_legacy/full_cost_project_c4/greg_2_original.xls,Greg 1,dt11,,numeric,498,0.0 | 1.0,0,1,xls,medium,Headers inferred from first row. Sampled first 499 non-empty rows from worksheet.
paper-1998-04,The Full Cost Of Intercity Highway Transportation,UPLOADED,/Users/dlev2617/Documents/Code/Agents/github-packages/UPLOADED/paper-1998-04-the-full-cost-of-intercity-highway-transportation,data/highway_full_cost_model/original_legacy/full_cost_project_c4/greg_2_original.xls,Greg 1,dt12,,numeric,498,0.0 | 1.0,0,1,xls,medium,Headers inferred from first row. Sampled first 499 non-empty rows from worksheet.
paper-1998-04,The Full Cost Of Intercity Highway Transportation,UPLOADED,/Users/dlev2617/Documents/Code/Agents/github-packages/UPLOADED/paper-1998-04-the-full-cost-of-intercity-highway-transportation,data/highway_full_cost_model/original_legacy/full_cost_project_c4/greg_2_original.xls,Greg 1,dt13,,numeric,498,0.0 | 1.0,0,1,xls,medium,Headers inferred from first row. Sampled first 499 non-empty rows from worksheet.
paper-1998-04,The Full Cost Of Intercity Highway Transportation,UPLOADED,/Users/dlev2617/Documents/Code/Agents/github-packages/UPLOADED/paper-1998-04-the-full-cost-of-intercity-highway-transportation,data/highway_full_cost_model/original_legacy/full_cost_project_c4/greg_2_original.xls,Greg 1,dt14,,numeric,498,0.0 | 1.0,0,1,xls,medium,Headers inferred from first row. Sampled first 499 non-empty rows from worksheet.
paper-1998-04,The Full Cost Of Intercity Highway Transportation,UPLOADED,/Users/dlev2617/Documents/Code/Agents/github-packages/UPLOADED/paper-1998-04-the-full-cost-of-intercity-highway-transportation,data/highway_full_cost_model/original_legacy/full_cost_project_c4/greg_2_original.xls,Greg 1,dt15,,numeric,498,0.0 | 1.0,0,1,xls,medium,Headers inferred from first row. Sampled first 499 non-empty rows from worksheet.
paper-1998-04,The Full Cost Of Intercity Highway Transportation,UPLOADED,/Users/dlev2617/Documents/Code/Agents/github-packages/UPLOADED/paper-1998-04-the-full-cost-of-intercity-highway-transportation,data/highway_full_cost_model/original_legacy/full_cost_project_c4/greg_2_original.xls,Greg 1,dt16,,numeric,498,0.0 | 1.0,0,1,xls,medium,Headers inferred from first row. Sampled first 499 non-empty rows from worksheet.
paper-1998-04,The Full Cost Of Intercity Highway Transportation,UPLOADED,/Users/dlev2617/Documents/Code/Agents/github-packages/UPLOADED/paper-1998-04-the-full-cost-of-intercity-highway-transportation,data/highway_full_cost_model/original_legacy/full_cost_project_c4/greg_2_original.xls,Greg 1,dt17,,numeric,498,0.0 | 1.0,0,1,xls,medium,Headers inferred from first row. Sampled first 499 non-empty rows from worksheet.
paper-1998-04,The Full Cost Of Intercity Highway Transportation,UPLOADED,/Users/dlev2617/Documents/Code/Agents/github-packages/UPLOADED/paper-1998-04-the-full-cost-of-intercity-highway-transportation,data/highway_full_cost_model/original_legacy/full_cost_project_c4/greg_2_original.xls,Greg 1,dt18,,numeric,498,0.0 | 1.0,0,1,xls,medium,Headers inferred from first row. Sampled first 499 non-empty rows from worksheet.
paper-1998-04,The Full Cost Of Intercity Highway Transportation,UPLOADED,/Users/dlev2617/Documents/Code/Agents/github-packages/UPLOADED/paper-1998-04-the-full-cost-of-intercity-highway-transportation,data/highway_full_cost_model/original_legacy/full_cost_project_c4/greg_2_original.xls,Greg 1,dt19,,numeric,498,0.0 | 1.0,0,1,xls,medium,Headers inferred from first row. Sampled first 499 non-empty rows from worksheet.
paper-1998-04,The Full Cost Of Intercity Highway Transportation,UPLOADED,/Users/dlev2617/Documents/Code/Agents/github-packages/UPLOADED/paper-1998-04-the-full-cost-of-intercity-highway-transportation,data/highway_full_cost_model/original_legacy/full_cost_project_c4/greg_2_original.xls,Greg 1,dt20,,numeric,498,0.0 | 1.0,0,1,xls,medium,Headers inferred from first row. Sampled first 499 non-empty rows from worksheet.
paper-1998-04,The Full Cost Of Intercity Highway Transportation,UPLOADED,/Users/dlev2617/Documents/Code/Agents/github-packages/UPLOADED/paper-1998-04-the-full-cost-of-intercity-highway-transportation,data/highway_full_cost_model/original_legacy/full_cost_project_c4/highway_cuts_original_legacy.xls,,,,,,,,,xls,low,Could not inspect file: XLRDError: Can't find workbook in OLE2 compound document
paper-1998-04,The Full Cost Of Intercity Highway Transportation,UPLOADED,/Users/dlev2617/Documents/Code/Agents/github-packages/UPLOADED/paper-1998-04-the-full-cost-of-intercity-highway-transportation,data/highway_full_cost_model/original_legacy/full_cost_project_c4/highway_statistics_1987_original.xls,Sheet 1,column_1,,text,52,STATE | Alabama | Alaska | Arizona | Arkansas,,,xls,medium,Some headers were missing; generated column_N names. Sampled first 55 non-empty rows from worksheet.
paper-1998-04,The Full Cost Of Intercity Highway Transportation,UPLOADED,/Users/dlev2617/Documents/Code/Agents/github-packages/UPLOADED/paper-1998-04-the-full-cost-of-intercity-highway-transportation,data/highway_full_cost_model/original_legacy/full_cost_project_c4/highway_statistics_1987_original.xls,Sheet 1,column_2,,mixed_numeric_text,53,STATE | ADMINISTERED | HIGHWAYS | 324946.0 | 146578.0,,,xls,medium,Some headers were missing; generated column_N names. Sampled first 55 non-empty rows from worksheet.
paper-1998-04,The Full Cost Of Intercity Highway Transportation,UPLOADED,/Users/dlev2617/Documents/Code/Agents/github-packages/UPLOADED/paper-1998-04-the-full-cost-of-intercity-highway-transportation,data/highway_full_cost_model/original_legacy/full_cost_project_c4/highway_statistics_1987_original.xls,Sheet 1,CAPITAL OUTLAY,,mixed_numeric_text,50,LOCAL | RURAL | ROADS | 55267.0 | 24075.0,,,xls,medium,Some headers were missing; generated column_N names. Sampled first 55 non-empty rows from worksheet.
paper-1998-04,The Full Cost Of Intercity Highway Transportation,UPLOADED,/Users/dlev2617/Documents/Code/Agents/github-packages/UPLOADED/paper-1998-04-the-full-cost-of-intercity-highway-transportation,data/highway_full_cost_model/original_legacy/full_cost_project_c4/highway_statistics_1987_original.xls,Sheet 1,column_4,,mixed_numeric_text,54,LOCAL | MUNICIPAL | STREETS | 8905.0 | 84061.0,,,xls,medium,Some headers were missing; generated column_N names. Sampled first 55 non-empty rows from worksheet.
paper-1998-04,The Full Cost Of Intercity Highway Transportation,UPLOADED,/Users/dlev2617/Documents/Code/Agents/github-packages/UPLOADED/paper-1998-04-the-full-cost-of-intercity-highway-transportation,data/highway_full_cost_model/original_legacy/full_cost_project_c4/highway_statistics_1987_original.xls,Sheet 1,column_5,,mixed_numeric_text,51,FEDERAL | ROADS AND | UNCLASSIFIES | 1135.0 | 12341.0,,,xls,medium,Some headers were missing; generated column_N names. Sampled first 55 non-empty rows from worksheet.
paper-1998-04,The Full Cost Of Intercity Highway Transportation,UPLOADED,/Users/dlev2617/Documents/Code/Agents/github-packages/UPLOADED/paper-1998-04-the-full-cost-of-intercity-highway-transportation,data/highway_full_cost_model/original_legacy/full_cost_project_c4/highway_statistics_1987_original.xls,Sheet 1,column_6,,mixed_numeric_text,52,TOTAL | 390253.0 | 267055.0 | 907070.0 | 314906.0,,,xls,medium,Some headers were missing; generated column_N names. Sampled first 55 non-empty rows from worksheet.
paper-1998-04,The Full Cost Of Intercity Highway Transportation,UPLOADED,/Users/dlev2617/Documents/Code/Agents/github-packages/UPLOADED/paper-1998-04-the-full-cost-of-intercity-highway-transportation,data/highway_full_cost_model/original_legacy/full_cost_project_c4/highway_statistics_1987_original.xls,Sheet 1,column_7,,mixed_numeric_text,53,STATE | ADMINISTERED | HIGHWAYS | 50687.0 | 105463.0,,,xls,medium,Some headers were missing; generated column_N names. Sampled first 55 non-empty rows from worksheet.
paper-1998-04,The Full Cost Of Intercity Highway Transportation,UPLOADED,/Users/dlev2617/Documents/Code/Agents/github-packages/UPLOADED/paper-1998-04-the-full-cost-of-intercity-highway-transportation,data/highway_full_cost_model/original_legacy/full_cost_project_c4/highway_statistics_1987_original.xls,Sheet 1,MAINTENANCE,,mixed_numeric_text,50,LOCAL | RURAL | ROADS | 100072.0 | 7365.0,,,xls,medium,Some headers were missing; generated column_N names. Sampled first 55 non-empty rows from worksheet.
paper-1998-04,The Full Cost Of Intercity Highway Transportation,UPLOADED,/Users/dlev2617/Documents/Code/Agents/github-packages/UPLOADED/paper-1998-04-the-full-cost-of-intercity-highway-transportation,data/highway_full_cost_model/original_legacy/full_cost_project_c4/highway_statistics_1987_original.xls,Sheet 1,column_9,,mixed_numeric_text,54,LOCAL | MUNICIPAL | STREETS | 107265.0 | 26430.0,,,xls,medium,Some headers were missing; generated column_N names. Sampled first 55 non-empty rows from worksheet.
paper-1998-04,The Full Cost Of Intercity Highway Transportation,UPLOADED,/Users/dlev2617/Documents/Code/Agents/github-packages/UPLOADED/paper-1998-04-the-full-cost-of-intercity-highway-transportation,data/highway_full_cost_model/original_legacy/full_cost_project_c4/highway_statistics_1987_original.xls,Sheet 1,column_10,,mixed_numeric_text,52,FEDERAL | ROADS AND | UNCLASSIFIES | 631.0 | 3054.0,,,xls,medium,Some headers were missing; generated column_N names. Sampled first 55 non-empty rows from worksheet.
paper-1998-04,The Full Cost Of Intercity Highway Transportation,UPLOADED,/Users/dlev2617/Documents/Code/Agents/github-packages/UPLOADED/paper-1998-04-the-full-cost-of-intercity-highway-transportation,data/highway_full_cost_model/original_legacy/full_cost_project_c4/highway_statistics_1987_original.xls,Sheet 1,column_11,,mixed_numeric_text,52,TOTAL | 258655.0 | 142312.0 | 136647.0 | 202983.0,,,xls,medium,Some headers were missing; generated column_N names. Sampled first 55 non-empty rows from worksheet.
paper-1998-04,The Full Cost Of Intercity Highway Transportation,UPLOADED,/Users/dlev2617/Documents/Code/Agents/github-packages/UPLOADED/paper-1998-04-the-full-cost-of-intercity-highway-transportation,data/highway_full_cost_model/original_legacy/full_cost_project_c4/highway_statistics_1987_original.xls,Sheet 1,column_12,,mixed_numeric_text,54,ADMINISTRATION | AND | MISCELLANEOUS | 53667.0 | 37004.0,,,xls,medium,Some headers were missing; generated column_N names. Sampled first 55 non-empty rows from worksheet.
paper-1998-04,The Full Cost Of Intercity Highway Transportation,UPLOADED,/Users/dlev2617/Documents/Code/Agents/github-packages/UPLOADED/paper-1998-04-the-full-cost-of-intercity-highway-transportation,data/highway_full_cost_model/original_legacy/full_cost_project_c4/highway_statistics_1987_original.xls,Sheet 1,column_13,,mixed_numeric_text,19,HIGHWAY | POLICE | AND SAFETY | 44955.0 | 21201.0,,,xls,medium,Some headers were missing; generated column_N names. Sampled first 55 non-empty rows from worksheet.
paper-1998-04,The Full Cost Of Intercity Highway Transportation,UPLOADED,/Users/dlev2617/Documents/Code/Agents/github-packages/UPLOADED/paper-1998-04-the-full-cost-of-intercity-highway-transportation,data/highway_full_cost_model/original_legacy/full_cost_project_c4/highway_statistics_1987_original.xls,Sheet 1,column_14,,text,2,BOND | RETIREMENT,,,xls,medium,Some headers were missing; generated column_N names. Sampled first 55 non-empty rows from worksheet.
paper-1998-04,The Full Cost Of Intercity Highway Transportation,UPLOADED,/Users/dlev2617/Documents/Code/Agents/github-packages/UPLOADED/paper-1998-04-the-full-cost-of-intercity-highway-transportation,data/highway_full_cost_model/original_legacy/full_cost_project_c4/highway_statistics_1987_original.xls,Sheet 1,column_15,,text,2,TOTAL | DISBURSEMENTS,,,xls,medium,Some headers were missing; generated column_N names. Sampled first 55 non-empty rows from worksheet.
paper-1998-04,The Full Cost Of Intercity Highway Transportation,UPLOADED,/Users/dlev2617/Documents/Code/Agents/github-packages/UPLOADED/paper-1998-04-the-full-cost-of-intercity-highway-transportation,data/highway_full_cost_model/original_legacy/full_cost_project_c4/highway_statistics_1990_original.xls,Sheet 1,"TOTAL DISBURSEMENTS FOR HIGHWAYS, ALL UNITS OF GOVERNMENT - 1990 REVISED",,text,61,"COMPILED FROM REPORTS OF FEDERAL, | STATE AND LOCAL AUTHORITIES | STATES | ALABAMA | ALASKA",,,xls,medium,Some headers were missing; generated column_N names. Sampled first 67 non-empty rows from worksheet.
paper-1998-04,The Full Cost Of Intercity Highway Transportation,UPLOADED,/Users/dlev2617/Documents/Code/Agents/github-packages/UPLOADED/paper-1998-04-the-full-cost-of-intercity-highway-transportation,data/highway_full_cost_model/original_legacy/full_cost_project_c4/highway_statistics_1990_original.xls,Sheet 1,column_2,,mixed_numeric_text,58,CAPITL OUTLAY | STATE | ADMINISTERED | HIGHWAYS | 447346.0,,,xls,medium,Some headers were missing; generated column_N names. Sampled first 67 non-empty rows from worksheet.
paper-1998-04,The Full Cost Of Intercity Highway Transportation,UPLOADED,/Users/dlev2617/Documents/Code/Agents/github-packages/UPLOADED/paper-1998-04-the-full-cost-of-intercity-highway-transportation,data/highway_full_cost_model/original_legacy/full_cost_project_c4/highway_statistics_1990_original.xls,Sheet 1,column_3,,mixed_numeric_text,57,(THOUSANDS OF DOLLARS) | LOCAL | RURAL | ROADS | 68018.0,,,xls,medium,Some headers were missing; generated column_N names. Sampled first 67 non-empty rows from worksheet.
paper-1998-04,The Full Cost Of Intercity Highway Transportation,UPLOADED,/Users/dlev2617/Documents/Code/Agents/github-packages/UPLOADED/paper-1998-04-the-full-cost-of-intercity-highway-transportation,data/highway_full_cost_model/original_legacy/full_cost_project_c4/highway_statistics_1990_original.xls,Sheet 1,column_4,,mixed_numeric_text,56,LOCAL | MUNICIPAL | STREETS | 2520.0 | 54840.0,,,xls,medium,Some headers were missing; generated column_N names. Sampled first 67 non-empty rows from worksheet.
paper-1998-04,The Full Cost Of Intercity Highway Transportation,UPLOADED,/Users/dlev2617/Documents/Code/Agents/github-packages/UPLOADED/paper-1998-04-the-full-cost-of-intercity-highway-transportation,data/highway_full_cost_model/original_legacy/full_cost_project_c4/highway_statistics_1990_original.xls,Sheet 1,column_5,,mixed_numeric_text,57,FEDERAL | ROADS AND | UNCLASSIFIED | 2/ | 602.0,,,xls,medium,Some headers were missing; generated column_N names. Sampled first 67 non-empty rows from worksheet.
paper-1998-04,The Full Cost Of Intercity Highway Transportation,UPLOADED,/Users/dlev2617/Documents/Code/Agents/github-packages/UPLOADED/paper-1998-04-the-full-cost-of-intercity-highway-transportation,data/highway_full_cost_model/original_legacy/full_cost_project_c4/highway_statistics_1990_original.xls,Sheet 1,column_6,,mixed_numeric_text,58,SUMMARY | RIGHT-OF- | WAY | ONLY | 3/,,,xls,medium,Some headers were missing; generated column_N names. Sampled first 67 non-empty rows from worksheet.
paper-1998-04,The Full Cost Of Intercity Highway Transportation,UPLOADED,/Users/dlev2617/Documents/Code/Agents/github-packages/UPLOADED/paper-1998-04-the-full-cost-of-intercity-highway-transportation,data/highway_full_cost_model/original_legacy/full_cost_project_c4/highway_statistics_1990_original.xls,Sheet 1,column_7,,mixed_numeric_text,56,TOTAL | CAPITAL | OUTLAY | 518486.0 | 215389.0,,,xls,medium,Some headers were missing; generated column_N names. Sampled first 67 non-empty rows from worksheet.
paper-1998-04,The Full Cost Of Intercity Highway Transportation,UPLOADED,/Users/dlev2617/Documents/Code/Agents/github-packages/UPLOADED/paper-1998-04-the-full-cost-of-intercity-highway-transportation,data/highway_full_cost_model/original_legacy/full_cost_project_c4/highway_statistics_1990_original.xls,Sheet 1,column_8,,mixed_numeric_text,57,MAINTENANCE | STATE | ADMINISTERED | HIGHWAYS | 116376.0,,,xls,medium,Some headers were missing; generated column_N names. Sampled first 67 non-empty rows from worksheet.
paper-1998-04,The Full Cost Of Intercity Highway Transportation,UPLOADED,/Users/dlev2617/Documents/Code/Agents/github-packages/UPLOADED/paper-1998-04-the-full-cost-of-intercity-highway-transportation,data/highway_full_cost_model/original_legacy/full_cost_project_c4/highway_statistics_1990_original.xls,Sheet 1,column_9,,mixed_numeric_text,56,LOCAL | RURAL | ROADS | 168590.0 | 6731.0,,,xls,medium,Some headers were missing; generated column_N names. Sampled first 67 non-empty rows from worksheet.
paper-1998-04,The Full Cost Of Intercity Highway Transportation,UPLOADED,/Users/dlev2617/Documents/Code/Agents/github-packages/UPLOADED/paper-1998-04-the-full-cost-of-intercity-highway-transportation,data/highway_full_cost_model/original_legacy/full_cost_project_c4/highway_statistics_1990_original.xls,Sheet 1,column_10,,mixed_numeric_text,59,LOCAL | MUNICIPAL | STREETS | 125276.0 | 31330.0,,,xls,medium,Some headers were missing; generated column_N names. Sampled first 67 non-empty rows from worksheet.
paper-1998-04,The Full Cost Of Intercity Highway Transportation,UPLOADED,/Users/dlev2617/Documents/Code/Agents/github-packages/UPLOADED/paper-1998-04-the-full-cost-of-intercity-highway-transportation,data/highway_full_cost_model/original_legacy/full_cost_project_c4/highway_statistics_1990_original.xls,Sheet 1,column_11,,mixed_numeric_text,56,FEDERAL | ROADS AND | UNCLASSIFIED | 0.0 | 526.0,,,xls,medium,Some headers were missing; generated column_N names. Sampled first 67 non-empty rows from worksheet.
paper-1998-04,The Full Cost Of Intercity Highway Transportation,UPLOADED,/Users/dlev2617/Documents/Code/Agents/github-packages/UPLOADED/paper-1998-04-the-full-cost-of-intercity-highway-transportation,data/highway_full_cost_model/original_legacy/full_cost_project_c4/highway_statistics_1990_original.xls,Sheet 1,column_12,,mixed_numeric_text,54,TOTAL | 410242.0 | 154156.0 | 195524.0 | 233352.0,,,xls,medium,Some headers were missing; generated column_N names. Sampled first 67 non-empty rows from worksheet.
paper-1998-04,The Full Cost Of Intercity Highway Transportation,UPLOADED,/Users/dlev2617/Documents/Code/Agents/github-packages/UPLOADED/paper-1998-04-the-full-cost-of-intercity-highway-transportation,data/highway_full_cost_model/original_legacy/full_cost_project_c4/highway_statistics_1990_original.xls,Sheet 1,column_13,,mixed_numeric_text,58,ADMINIS- | TRATION | AND | MISCELLA- | NEOUS,,,xls,medium,Some headers were missing; generated column_N names. Sampled first 67 non-empty rows from worksheet.
paper-1998-04,The Full Cost Of Intercity Highway Transportation,UPLOADED,/Users/dlev2617/Documents/Code/Agents/github-packages/UPLOADED/paper-1998-04-the-full-cost-of-intercity-highway-transportation,data/highway_full_cost_model/original_legacy/full_cost_project_c4/highway_statistics_1990_original.xls,Sheet 1,column_14,,mixed_numeric_text,58,HIGHWAY | LAW | ENFORCEMENT | AND | SAFETY,,,xls,medium,Some headers were missing; generated column_N names. Sampled first 67 non-empty rows from worksheet.
paper-1998-04,The Full Cost Of Intercity Highway Transportation,UPLOADED,/Users/dlev2617/Documents/Code/Agents/github-packages/UPLOADED/paper-1998-04-the-full-cost-of-intercity-highway-transportation,data/highway_full_cost_model/original_legacy/full_cost_project_c4/highway_statistics_1990_original.xls,Sheet 1,column_15,,mixed_numeric_text,54,INTEREST | 12740.0 | 23966.0 | 136410.0 | 475.0,,,xls,medium,Some headers were missing; generated column_N names. Sampled first 67 non-empty rows from worksheet.
paper-1998-04,The Full Cost Of Intercity Highway Transportation,UPLOADED,/Users/dlev2617/Documents/Code/Agents/github-packages/UPLOADED/paper-1998-04-the-full-cost-of-intercity-highway-transportation,data/highway_full_cost_model/original_legacy/full_cost_project_c4/highway_statistics_1990_original.xls,Sheet 1,column_16,,mixed_numeric_text,56,BOND | RETIREMENT | 4/ | 40742.0 | 35723.0,,,xls,medium,Some headers were missing; generated column_N names. Sampled first 67 non-empty rows from worksheet.
paper-1998-04,The Full Cost Of Intercity Highway Transportation,UPLOADED,/Users/dlev2617/Documents/Code/Agents/github-packages/UPLOADED/paper-1998-04-the-full-cost-of-intercity-highway-transportation,data/highway_full_cost_model/original_legacy/full_cost_project_c4/highway_statistics_1990_original.xls,Sheet 1,column_17,,mixed_numeric_text,58,"""TABLE HF-2R | ""MAY 1993 | TOTAL | DISBURSE- | MENTS",,,xls,medium,Some headers were missing; generated column_N names. Sampled first 67 non-empty rows from worksheet.
paper-1998-04,The Full Cost Of Intercity Highway Transportation,UPLOADED,/Users/dlev2617/Documents/Code/Agents/github-packages/UPLOADED/paper-1998-04-the-full-cost-of-intercity-highway-transportation,data/highway_full_cost_model/original_legacy/full_cost_project_c4/highway_statistics_1991_original.xls,Sheet 1,"TOTAL DISBURSEMENTS FOR HIGHWAYS, ALL UNITS OF GOVERNMENT - 1991",,text,60,"COMPILED FROM REPORTS OF FEDERAL, | STATE AND LOCAL AUTHORITIES | STATE | Alabama | Alaska",,,xls,medium,Some headers were missing; generated column_N names. Sampled first 65 non-empty rows from worksheet.
paper-1998-04,The Full Cost Of Intercity Highway Transportation,UPLOADED,/Users/dlev2617/Documents/Code/Agents/github-packages/UPLOADED/paper-1998-04-the-full-cost-of-intercity-highway-transportation,data/highway_full_cost_model/original_legacy/full_cost_project_c4/highway_statistics_1991_original.xls,Sheet 1,column_2,,mixed_numeric_text,58,CAPITAL OUTLAY | STATE | ADMINISTERED | HIGHWAYS | 377593.0,,,xls,medium,Some headers were missing; generated column_N names. Sampled first 65 non-empty rows from worksheet.
paper-1998-04,The Full Cost Of Intercity Highway Transportation,UPLOADED,/Users/dlev2617/Documents/Code/Agents/github-packages/UPLOADED/paper-1998-04-the-full-cost-of-intercity-highway-transportation,data/highway_full_cost_model/original_legacy/full_cost_project_c4/highway_statistics_1991_original.xls,Sheet 1,column_3,,mixed_numeric_text,57,(THOUSANDS OF DOLLARS) | LOCALLY | ADMINISTERED | ROADS | 46065.0,,,xls,medium,Some headers were missing; generated column_N names. Sampled first 65 non-empty rows from worksheet.
paper-1998-04,The Full Cost Of Intercity Highway Transportation,UPLOADED,/Users/dlev2617/Documents/Code/Agents/github-packages/UPLOADED/paper-1998-04-the-full-cost-of-intercity-highway-transportation,data/highway_full_cost_model/original_legacy/full_cost_project_c4/highway_statistics_1991_original.xls,Sheet 1,column_4,,mixed_numeric_text,56,FEDERAL | ROADS AND | UNCLASSIFIED | 805.0 | 3800.0,,,xls,medium,Some headers were missing; generated column_N names. Sampled first 65 non-empty rows from worksheet.
paper-1998-04,The Full Cost Of Intercity Highway Transportation,UPLOADED,/Users/dlev2617/Documents/Code/Agents/github-packages/UPLOADED/paper-1998-04-the-full-cost-of-intercity-highway-transportation,data/highway_full_cost_model/original_legacy/full_cost_project_c4/highway_statistics_1991_original.xls,Sheet 1,column_5,,mixed_numeric_text,55,TOTAL | 2/ | 424463.0 | 262165.0 | 825891.0,,,xls,medium,Some headers were missing; generated column_N names. Sampled first 65 non-empty rows from worksheet.
paper-1998-04,The Full Cost Of Intercity Highway Transportation,UPLOADED,/Users/dlev2617/Documents/Code/Agents/github-packages/UPLOADED/paper-1998-04-the-full-cost-of-intercity-highway-transportation,data/highway_full_cost_model/original_legacy/full_cost_project_c4/highway_statistics_1991_original.xls,Sheet 1,column_6,,mixed_numeric_text,57,MAINTENANCE | STATE | ADMINISTERED | HIGHWAYS | 123160.0,,,xls,medium,Some headers were missing; generated column_N names. Sampled first 65 non-empty rows from worksheet.
paper-1998-04,The Full Cost Of Intercity Highway Transportation,UPLOADED,/Users/dlev2617/Documents/Code/Agents/github-packages/UPLOADED/paper-1998-04-the-full-cost-of-intercity-highway-transportation,data/highway_full_cost_model/original_legacy/full_cost_project_c4/highway_statistics_1991_original.xls,Sheet 1,column_7,,mixed_numeric_text,56,LOCALLY | ADMINISTERED | ROADS | 294461.0 | 36113.0,,,xls,medium,Some headers were missing; generated column_N names. Sampled first 65 non-empty rows from worksheet.
paper-1998-04,The Full Cost Of Intercity Highway Transportation,UPLOADED,/Users/dlev2617/Documents/Code/Agents/github-packages/UPLOADED/paper-1998-04-the-full-cost-of-intercity-highway-transportation,data/highway_full_cost_model/original_legacy/full_cost_project_c4/highway_statistics_1991_original.xls,Sheet 1,column_8,,mixed_numeric_text,58,FEDERAL | ROADS AND | UNCLASSIFIED | 16.0 | 531.0,,,xls,medium,Some headers were missing; generated column_N names. Sampled first 65 non-empty rows from worksheet.
paper-1998-04,The Full Cost Of Intercity Highway Transportation,UPLOADED,/Users/dlev2617/Documents/Code/Agents/github-packages/UPLOADED/paper-1998-04-the-full-cost-of-intercity-highway-transportation,data/highway_full_cost_model/original_legacy/full_cost_project_c4/highway_statistics_1991_original.xls,Sheet 1,column_9,,mixed_numeric_text,54,TOTAL | 417637.0 | 158181.0 | 154601.0 | 266817.0,,,xls,medium,Some headers were missing; generated column_N names. Sampled first 65 non-empty rows from worksheet.
paper-1998-04,The Full Cost Of Intercity Highway Transportation,UPLOADED,/Users/dlev2617/Documents/Code/Agents/github-packages/UPLOADED/paper-1998-04-the-full-cost-of-intercity-highway-transportation,data/highway_full_cost_model/original_legacy/full_cost_project_c4/highway_statistics_1991_original.xls,Sheet 1,column_10,,mixed_numeric_text,58,ADMIN- | ISTRATION | AND | MISCEL- | LANEOUS,,,xls,medium,Some headers were missing; generated column_N names. Sampled first 65 non-empty rows from worksheet.
paper-1998-04,The Full Cost Of Intercity Highway Transportation,UPLOADED,/Users/dlev2617/Documents/Code/Agents/github-packages/UPLOADED/paper-1998-04-the-full-cost-of-intercity-highway-transportation,data/highway_full_cost_model/original_legacy/full_cost_project_c4/highway_statistics_1991_original.xls,Sheet 1,column_11,,mixed_numeric_text,58,HIGHWAY | LAW | ENFORCEMENT | AND | SAFETY,,,xls,medium,Some headers were missing; generated column_N names. Sampled first 65 non-empty rows from worksheet.
paper-1998-04,The Full Cost Of Intercity Highway Transportation,UPLOADED,/Users/dlev2617/Documents/Code/Agents/github-packages/UPLOADED/paper-1998-04-the-full-cost-of-intercity-highway-transportation,data/highway_full_cost_model/original_legacy/full_cost_project_c4/highway_statistics_1991_original.xls,Sheet 1,column_12,,mixed_numeric_text,54,INTEREST | 11618.0 | 16953.0 | 133726.0 | 362.0,,,xls,medium,Some headers were missing; generated column_N names. Sampled first 65 non-empty rows from worksheet.
paper-1998-04,The Full Cost Of Intercity Highway Transportation,UPLOADED,/Users/dlev2617/Documents/Code/Agents/github-packages/UPLOADED/paper-1998-04-the-full-cost-of-intercity-highway-transportation,data/highway_full_cost_model/original_legacy/full_cost_project_c4/highway_statistics_1991_original.xls,Sheet 1,column_13,,mixed_numeric_text,56,BOND | RETIREMENT | 3/ | 40692.0 | 32881.0,,,xls,medium,Some headers were missing; generated column_N names. Sampled first 65 non-empty rows from worksheet.
paper-1998-04,The Full Cost Of Intercity Highway Transportation,UPLOADED,/Users/dlev2617/Documents/Code/Agents/github-packages/UPLOADED/paper-1998-04-the-full-cost-of-intercity-highway-transportation,data/highway_full_cost_model/original_legacy/full_cost_project_c4/highway_statistics_1991_original.xls,Sheet 1,column_14,,mixed_numeric_text,57,"""TABLE HF-2 | ""OCTOBER 1993 | TOTAL | DISBURSEMENTS | 1016806.0",,,xls,medium,Some headers were missing; generated column_N names. Sampled first 65 non-empty rows from worksheet.
paper-1998-04,The Full Cost Of Intercity Highway Transportation,UPLOADED,/Users/dlev2617/Documents/Code/Agents/github-packages/UPLOADED/paper-1998-04-the-full-cost-of-intercity-highway-transportation,data/highway_full_cost_model/original_legacy/full_cost_project_c4/highway_statistics_1992_original.xls,Sheet 1,"TOTAL DISBURSEMENTS FOR HIGHWAYS, ALL UNITS OF GOVERNMENT - 1992 /1",,text,60,"COMPILED FROM REPORTS OF FEDERAL, | STATE AND LOCAL AUTHORITIES | STATE | Alabama | Alaska",,,xls,medium,Some headers were missing; generated column_N names. Sampled first 65 non-empty rows from worksheet.
paper-1998-04,The Full Cost Of Intercity Highway Transportation,UPLOADED,/Users/dlev2617/Documents/Code/Agents/github-packages/UPLOADED/paper-1998-04-the-full-cost-of-intercity-highway-transportation,data/highway_full_cost_model/original_legacy/full_cost_project_c4/highway_statistics_1992_original.xls,Sheet 1,column_2,,mixed_numeric_text,57,CAPITAL OUTLAY | STATE | ADMINISTERED | HIGHWAYS | 372518.0,,,xls,medium,Some headers were missing; generated column_N names. Sampled first 65 non-empty rows from worksheet.
paper-1998-04,The Full Cost Of Intercity Highway Transportation,UPLOADED,/Users/dlev2617/Documents/Code/Agents/github-packages/UPLOADED/paper-1998-04-the-full-cost-of-intercity-highway-transportation,data/highway_full_cost_model/original_legacy/full_cost_project_c4/highway_statistics_1992_original.xls,Sheet 1,column_3,,mixed_numeric_text,57,(THOUSANDS OF DOLLARS) | LOCALLY | ADMINISTERED | ROADS | 42839.0,,,xls,medium,Some headers were missing; generated column_N names. Sampled first 65 non-empty rows from worksheet.
paper-1998-04,The Full Cost Of Intercity Highway Transportation,UPLOADED,/Users/dlev2617/Documents/Code/Agents/github-packages/UPLOADED/paper-1998-04-the-full-cost-of-intercity-highway-transportation,data/highway_full_cost_model/original_legacy/full_cost_project_c4/highway_statistics_1992_original.xls,Sheet 1,column_4,,mixed_numeric_text,56,FEDERAL | ROADS AND | UNCLASSIFIED | 974.0 | 4942.0,,,xls,medium,Some headers were missing; generated column_N names. Sampled first 65 non-empty rows from worksheet.
paper-1998-04,The Full Cost Of Intercity Highway Transportation,UPLOADED,/Users/dlev2617/Documents/Code/Agents/github-packages/UPLOADED/paper-1998-04-the-full-cost-of-intercity-highway-transportation,data/highway_full_cost_model/original_legacy/full_cost_project_c4/highway_statistics_1992_original.xls,Sheet 1,column_5,,mixed_numeric_text,54,TOTAL /2 | 416331.0 | 278830.0 | 712556.0 | 398933.0,,,xls,medium,Some headers were missing; generated column_N names. Sampled first 65 non-empty rows from worksheet.
paper-1998-04,The Full Cost Of Intercity Highway Transportation,UPLOADED,/Users/dlev2617/Documents/Code/Agents/github-packages/UPLOADED/paper-1998-04-the-full-cost-of-intercity-highway-transportation,data/highway_full_cost_model/original_legacy/full_cost_project_c4/highway_statistics_1992_original.xls,Sheet 1,column_6,,mixed_numeric_text,57,MAINTENANCE AND SERVICES | STATE | ADMINISTERED | HIGHWAYS | 134450.0,,,xls,medium,Some headers were missing; generated column_N names. Sampled first 65 non-empty rows from worksheet.
paper-1998-04,The Full Cost Of Intercity Highway Transportation,UPLOADED,/Users/dlev2617/Documents/Code/Agents/github-packages/UPLOADED/paper-1998-04-the-full-cost-of-intercity-highway-transportation,data/highway_full_cost_model/original_legacy/full_cost_project_c4/highway_statistics_1992_original.xls,Sheet 1,column_7,,mixed_numeric_text,56,LOCALLY | ADMINISTERED | ROADS | 299897.0 | 34166.0,,,xls,medium,Some headers were missing; generated column_N names. Sampled first 65 non-empty rows from worksheet.
paper-1998-04,The Full Cost Of Intercity Highway Transportation,UPLOADED,/Users/dlev2617/Documents/Code/Agents/github-packages/UPLOADED/paper-1998-04-the-full-cost-of-intercity-highway-transportation,data/highway_full_cost_model/original_legacy/full_cost_project_c4/highway_statistics_1992_original.xls,Sheet 1,column_8,,mixed_numeric_text,58,FEDERAL | ROADS AND | UNCLASSIFIED | 14.0 | 831.0,,,xls,medium,Some headers were missing; generated column_N names. Sampled first 65 non-empty rows from worksheet.
paper-1998-04,The Full Cost Of Intercity Highway Transportation,UPLOADED,/Users/dlev2617/Documents/Code/Agents/github-packages/UPLOADED/paper-1998-04-the-full-cost-of-intercity-highway-transportation,data/highway_full_cost_model/original_legacy/full_cost_project_c4/highway_statistics_1992_original.xls,Sheet 1,column_9,,mixed_numeric_text,54,TOTAL | 434361.0 | 156897.0 | 164064.0 | 243921.0,,,xls,medium,Some headers were missing; generated column_N names. Sampled first 65 non-empty rows from worksheet.
paper-1998-04,The Full Cost Of Intercity Highway Transportation,UPLOADED,/Users/dlev2617/Documents/Code/Agents/github-packages/UPLOADED/paper-1998-04-the-full-cost-of-intercity-highway-transportation,data/highway_full_cost_model/original_legacy/full_cost_project_c4/highway_statistics_1992_original.xls,Sheet 1,column_10,,mixed_numeric_text,58,ADMIN- | ISTRATION | AND | MISCEL- | LANEOUS,,,xls,medium,Some headers were missing; generated column_N names. Sampled first 65 non-empty rows from worksheet.
paper-1998-04,The Full Cost Of Intercity Highway Transportation,UPLOADED,/Users/dlev2617/Documents/Code/Agents/github-packages/UPLOADED/paper-1998-04-the-full-cost-of-intercity-highway-transportation,data/highway_full_cost_model/original_legacy/full_cost_project_c4/highway_statistics_1992_original.xls,Sheet 1,column_11,,mixed_numeric_text,58,HIGHWAY | LAW | ENFORCEMENT | AND | SAFETY,,,xls,medium,Some headers were missing; generated column_N names. Sampled first 65 non-empty rows from worksheet.
paper-1998-04,The Full Cost Of Intercity Highway Transportation,UPLOADED,/Users/dlev2617/Documents/Code/Agents/github-packages/UPLOADED/paper-1998-04-the-full-cost-of-intercity-highway-transportation,data/highway_full_cost_model/original_legacy/full_cost_project_c4/highway_statistics_1992_original.xls,Sheet 1,column_12,,mixed_numeric_text,54,INTEREST | 11128.0 | 13411.0 | 154305.0 | 661.0,,,xls,medium,Some headers were missing; generated column_N names. Sampled first 65 non-empty rows from worksheet.
paper-1998-04,The Full Cost Of Intercity Highway Transportation,UPLOADED,/Users/dlev2617/Documents/Code/Agents/github-packages/UPLOADED/paper-1998-04-the-full-cost-of-intercity-highway-transportation,data/highway_full_cost_model/original_legacy/full_cost_project_c4/highway_statistics_1992_original.xls,Sheet 1,column_13,,mixed_numeric_text,55,BOND | RETIREMENT /3 | 20436.0 | 21623.0 | 359239.0,,,xls,medium,Some headers were missing; generated column_N names. Sampled first 65 non-empty rows from worksheet.
paper-1998-04,The Full Cost Of Intercity Highway Transportation,UPLOADED,/Users/dlev2617/Documents/Code/Agents/github-packages/UPLOADED/paper-1998-04-the-full-cost-of-intercity-highway-transportation,data/highway_full_cost_model/original_legacy/full_cost_project_c4/highway_statistics_1992_original.xls,Sheet 1,column_14,,mixed_numeric_text,57,"""TABLE HF-2 | ""SEPTEMBER 1994 | TOTAL | DISBURSEMENTS | 1012173.0",,,xls,medium,Some headers were missing; generated column_N names. Sampled first 65 non-empty rows from worksheet.
paper-1998-04,The Full Cost Of Intercity Highway Transportation,UPLOADED,/Users/dlev2617/Documents/Code/Agents/github-packages/UPLOADED/paper-1998-04-the-full-cost-of-intercity-highway-transportation,data/highway_full_cost_model/original_legacy/full_cost_project_c4/highway_statistics_format_original.xls,Sheet 1,column_1,,text,52,STATE | Alabama | Alaska | Arizona | Arkansas,,,xls,medium,Some headers were missing; generated column_N names. Sampled first 55 non-empty rows from worksheet.
paper-1998-04,The Full Cost Of Intercity Highway Transportation,UPLOADED,/Users/dlev2617/Documents/Code/Agents/github-packages/UPLOADED/paper-1998-04-the-full-cost-of-intercity-highway-transportation,data/highway_full_cost_model/original_legacy/full_cost_project_c4/highway_statistics_format_original.xls,Sheet 1,column_2,,text,3,STATE | ADMINISTERED | HIGHWAYS,,,xls,medium,Some headers were missing; generated column_N names. Sampled first 55 non-empty rows from worksheet.
paper-1998-04,The Full Cost Of Intercity Highway Transportation,UPLOADED,/Users/dlev2617/Documents/Code/Agents/github-packages/UPLOADED/paper-1998-04-the-full-cost-of-intercity-highway-transportation,data/highway_full_cost_model/original_legacy/full_cost_project_c4/highway_statistics_format_original.xls,Sheet 1,CAPITAL OUTLAY,,text,3,LOCALLY | ADMINISTERED | ROADS,,,xls,medium,Some headers were missing; generated column_N names. Sampled first 55 non-empty rows from worksheet.
paper-1998-04,The Full Cost Of Intercity Highway Transportation,UPLOADED,/Users/dlev2617/Documents/Code/Agents/github-packages/UPLOADED/paper-1998-04-the-full-cost-of-intercity-highway-transportation,data/highway_full_cost_model/original_legacy/full_cost_project_c4/highway_statistics_format_original.xls,Sheet 1,column_4,,text,3,FEDERAL | ROADS AND | UNCLASSIFIES,,,xls,medium,Some headers were missing; generated column_N names. Sampled first 55 non-empty rows from worksheet.
paper-1998-04,The Full Cost Of Intercity Highway Transportation,UPLOADED,/Users/dlev2617/Documents/Code/Agents/github-packages/UPLOADED/paper-1998-04-the-full-cost-of-intercity-highway-transportation,data/highway_full_cost_model/original_legacy/full_cost_project_c4/highway_statistics_format_original.xls,Sheet 1,column_5,,text,1,TOTAL,,,xls,medium,Some headers were missing; generated column_N names. Sampled first 55 non-empty rows from worksheet.
paper-1998-04,The Full Cost Of Intercity Highway Transportation,UPLOADED,/Users/dlev2617/Documents/Code/Agents/github-packages/UPLOADED/paper-1998-04-the-full-cost-of-intercity-highway-transportation,data/highway_full_cost_model/original_legacy/full_cost_project_c4/highway_statistics_format_original.xls,Sheet 1,column_6,,text,3,STATE | ADMINISTERED | HIGHWAYS,,,xls,medium,Some headers were missing; generated column_N names. Sampled first 55 non-empty rows from worksheet.
paper-1998-04,The Full Cost Of Intercity Highway Transportation,UPLOADED,/Users/dlev2617/Documents/Code/Agents/github-packages/UPLOADED/paper-1998-04-the-full-cost-of-intercity-highway-transportation,data/highway_full_cost_model/original_legacy/full_cost_project_c4/highway_statistics_format_original.xls,Sheet 1,MAINTENANCE,,text,3,LOCALLY | ADMINISTERED | ROADS,,,xls,medium,Some headers were missing; generated column_N names. Sampled first 55 non-empty rows from worksheet.
paper-1998-04,The Full Cost Of Intercity Highway Transportation,UPLOADED,/Users/dlev2617/Documents/Code/Agents/github-packages/UPLOADED/paper-1998-04-the-full-cost-of-intercity-highway-transportation,data/highway_full_cost_model/original_legacy/full_cost_project_c4/highway_statistics_format_original.xls,Sheet 1,column_8,,text,3,FEDERAL | ROADS AND | UNCLASSIFIES,,,xls,medium,Some headers were missing; generated column_N names. Sampled first 55 non-empty rows from worksheet.
paper-1998-04,The Full Cost Of Intercity Highway Transportation,UPLOADED,/Users/dlev2617/Documents/Code/Agents/github-packages/UPLOADED/paper-1998-04-the-full-cost-of-intercity-highway-transportation,data/highway_full_cost_model/original_legacy/full_cost_project_c4/highway_statistics_format_original.xls,Sheet 1,column_9,,text,1,TOTAL,,,xls,medium,Some headers were missing; generated column_N names. Sampled first 55 non-empty rows from worksheet.
paper-1998-04,The Full Cost Of Intercity Highway Transportation,UPLOADED,/Users/dlev2617/Documents/Code/Agents/github-packages/UPLOADED/paper-1998-04-the-full-cost-of-intercity-highway-transportation,data/highway_full_cost_model/original_legacy/full_cost_project_c4/highway_statistics_format_original.xls,Sheet 1,column_10,,text,3,ADMINISTRATION | AND | MISCELLANEOUS,,,xls,medium,Some headers were missing; generated column_N names. Sampled first 55 non-empty rows from worksheet.
paper-1998-04,The Full Cost Of Intercity Highway Transportation,UPLOADED,/Users/dlev2617/Documents/Code/Agents/github-packages/UPLOADED/paper-1998-04-the-full-cost-of-intercity-highway-transportation,data/highway_full_cost_model/original_legacy/full_cost_project_c4/highway_statistics_format_original.xls,Sheet 1,column_11,,text,3,HIGHWAY LAW | ENFORCEMENT | AND SAFETY,,,xls,medium,Some headers were missing; generated column_N names. Sampled first 55 non-empty rows from worksheet.
paper-1998-04,The Full Cost Of Intercity Highway Transportation,UPLOADED,/Users/dlev2617/Documents/Code/Agents/github-packages/UPLOADED/paper-1998-04-the-full-cost-of-intercity-highway-transportation,data/highway_full_cost_model/original_legacy/full_cost_project_c4/highway_statistics_format_original.xls,Sheet 1,column_12,,text,2,BOND | RETIREMENT,,,xls,medium,Some headers were missing; generated column_N names. Sampled first 55 non-empty rows from worksheet.
paper-1998-04,The Full Cost Of Intercity Highway Transportation,UPLOADED,/Users/dlev2617/Documents/Code/Agents/github-packages/UPLOADED/paper-1998-04-the-full-cost-of-intercity-highway-transportation,data/highway_full_cost_model/original_legacy/full_cost_project_c4/highway_statistics_format_original.xls,Sheet 1,column_13,,text,2,TOTAL | DISBURSEMENTS,,,xls,medium,Some headers were missing; generated column_N names. Sampled first 55 non-empty rows from worksheet.
paper-1998-04,The Full Cost Of Intercity Highway Transportation,UPLOADED,/Users/dlev2617/Documents/Code/Agents/github-packages/UPLOADED/paper-1998-04-the-full-cost-of-intercity-highway-transportation,data/highway_full_cost_model/original_legacy/full_cost_project_c4/hwy92_original.xls,Sheet2,column_1,,text,59,Alabama | Alaska | Arizona | Arkansas | California,,,xls,medium,Some headers were missing; generated column_N names. Sampled first 60 non-empty rows from worksheet.
paper-1998-04,The Full Cost Of Intercity Highway Transportation,UPLOADED,/Users/dlev2617/Documents/Code/Agents/github-packages/UPLOADED/paper-1998-04-the-full-cost-of-intercity-highway-transportation,data/highway_full_cost_model/original_legacy/full_cost_project_c4/hwy92_original.xls,Sheet2,POP90(THSD),,numeric,52,4089.0 | 570.0 | 3750.0 | 2372.0 | 30380.0,460,252181,xls,medium,Some headers were missing; generated column_N names. Sampled first 60 non-empty rows from worksheet.
paper-1998-04,The Full Cost Of Intercity Highway Transportation,UPLOADED,/Users/dlev2617/Documents/Code/Agents/github-packages/UPLOADED/paper-1998-04-the-full-cost-of-intercity-highway-transportation,data/highway_full_cost_model/original_legacy/full_cost_project_c4/hwy92_original.xls,Sheet2,SQMILES,,numeric,52,52423.0 | 591004.0 | 114006.0 | 53182.0 | 163707.0,67,3717528,xls,medium,Some headers were missing; generated column_N names. Sampled first 60 non-empty rows from worksheet.
paper-1998-04,The Full Cost Of Intercity Highway Transportation,UPLOADED,/Users/dlev2617/Documents/Code/Agents/github-packages/UPLOADED/paper-1998-04-the-full-cost-of-intercity-highway-transportation,data/highway_full_cost_model/original_legacy/full_cost_project_c4/hwy92_original.xls,Sheet2,POPDENS=LAND,,numeric,52,78.00011445357954 | 0.9644604774248566 | 32.89300563128256 | 44.601556917754124 | 185.57544882014818,0.964460477425,8925.37313433,xls,medium,Some headers were missing; generated column_N names. Sampled first 60 non-empty rows from worksheet.
paper-1998-04,The Full Cost Of Intercity Highway Transportation,UPLOADED,/Users/dlev2617/Documents/Code/Agents/github-packages/UPLOADED/paper-1998-04-the-full-cost-of-intercity-highway-transportation,data/highway_full_cost_model/original_legacy/full_cost_project_c4/hwy92_original.xls,Sheet2,CAPTOTTOT93,,mixed_numeric_text,52,470232.0 | 242000.0 | 480799.0 | 362332.0 | 2135323.0,,,xls,medium,Some headers were missing; generated column_N names. Sampled first 60 non-empty rows from worksheet.
paper-1998-04,The Full Cost Of Intercity Highway Transportation,UPLOADED,/Users/dlev2617/Documents/Code/Agents/github-packages/UPLOADED/paper-1998-04-the-full-cost-of-intercity-highway-transportation,data/highway_full_cost_model/original_legacy/full_cost_project_c4/hwy92_original.xls,Sheet2,MILTOTTOT93,,numeric,53,92209.0 | 13849.0 | 55763.0 | 77192.0 | 169201.0,0,3904721,xls,medium,Some headers were missing; generated column_N names. Sampled first 60 non-empty rows from worksheet.
paper-1998-04,The Full Cost Of Intercity Highway Transportation,UPLOADED,/Users/dlev2617/Documents/Code/Agents/github-packages/UPLOADED/paper-1998-04-the-full-cost-of-intercity-highway-transportation,data/highway_full_cost_model/original_legacy/full_cost_project_c4/hwy92_original.xls,Sheet2,MILES92,,numeric,52,92201.0 | 13634.0 | 55969.0 | 77162.0 | 168378.0,1104,3901715,xls,medium,Some headers were missing; generated column_N names. Sampled first 60 non-empty rows from worksheet.
paper-1998-04,The Full Cost Of Intercity Highway Transportation,UPLOADED,/Users/dlev2617/Documents/Code/Agents/github-packages/UPLOADED/paper-1998-04-the-full-cost-of-intercity-highway-transportation,data/highway_full_cost_model/original_legacy/full_cost_project_c4/hwy92_original.xls,Sheet2,NETMILES,,numeric,53,8.0 | 215.0 | -206.0 | 30.0 | 823.0,-3760,3006,xls,medium,Some headers were missing; generated column_N names. Sampled first 60 non-empty rows from worksheet.
paper-1998-04,The Full Cost Of Intercity Highway Transportation,UPLOADED,/Users/dlev2617/Documents/Code/Agents/github-packages/UPLOADED/paper-1998-04-the-full-cost-of-intercity-highway-transportation,data/highway_full_cost_model/original_legacy/full_cost_project_c4/hwy92_original.xls,Sheet2,PCAPperMIL93,,mixed_numeric_text,51,58779.0 | 1125.5813953488373 | -2333.9757281553398 | 12077.733333333334 | 2594.5601458080196,,,xls,medium,Some headers were missing; generated column_N names. Sampled first 60 non-empty rows from worksheet.
paper-1998-04,The Full Cost Of Intercity Highway Transportation,UPLOADED,/Users/dlev2617/Documents/Code/Agents/github-packages/UPLOADED/paper-1998-04-the-full-cost-of-intercity-highway-transportation,data/highway_full_cost_model/original_legacy/full_cost_project_c4/hwy92_original.xls,ExpenditureExport,State,,text,53,Alabama | Alaska | Arizona | Arkansas | California,,,xls,medium,Some headers were missing; generated column_N names. Sampled first 55 non-empty rows from worksheet.
paper-1998-04,The Full Cost Of Intercity Highway Transportation,UPLOADED,/Users/dlev2617/Documents/Code/Agents/github-packages/UPLOADED/paper-1998-04-the-full-cost-of-intercity-highway-transportation,data/highway_full_cost_model/original_legacy/full_cost_project_c4/hwy92_original.xls,ExpenditureExport,Stock Capital 1988 (millions),,numeric,53,8905.74 | 0.0 | 7955.02 | 4829.36 | 42835.42,0,533344.04,xls,medium,Some headers were missing; generated column_N names. Sampled first 55 non-empty rows from worksheet.
paper-1998-04,The Full Cost Of Intercity Highway Transportation,UPLOADED,/Users/dlev2617/Documents/Code/Agents/github-packages/UPLOADED/paper-1998-04-the-full-cost-of-intercity-highway-transportation,data/highway_full_cost_model/original_legacy/full_cost_project_c4/hwy92_original.xls,ExpenditureExport,CAPTOTTOT (thousands),,mixed_numeric_text,53,470232.0 | 242000.0 | 480799.0 | 362332.0 | 2135323.0,,,xls,medium,Some headers were missing; generated column_N names. Sampled first 55 non-empty rows from worksheet.
paper-1998-04,The Full Cost Of Intercity Highway Transportation,UPLOADED,/Users/dlev2617/Documents/Code/Agents/github-packages/UPLOADED/paper-1998-04-the-full-cost-of-intercity-highway-transportation,data/highway_full_cost_model/original_legacy/full_cost_project_c4/hwy92_original.xls,ExpenditureExport,MNTTOTTOT (thousands),,mixed_numeric_text,53,157868.0 | 33400.0 | 68839.0 | 93412.0 | 342460.0,,,xls,medium,Some headers were missing; generated column_N names. Sampled first 55 non-empty rows from worksheet.
paper-1998-04,The Full Cost Of Intercity Highway Transportation,UPLOADED,/Users/dlev2617/Documents/Code/Agents/github-packages/UPLOADED/paper-1998-04-the-full-cost-of-intercity-highway-transportation,data/highway_full_cost_model/original_legacy/full_cost_project_c4/hwy92_original.xls,ExpenditureExport,ADM_MISC (thousands),,numeric,53,72558.0 | 30088.0 | 70527.0 | 42524.0 | 1046908.0,9798,7296290,xls,medium,Some headers were missing; generated column_N names. Sampled first 55 non-empty rows from worksheet.
paper-1998-04,The Full Cost Of Intercity Highway Transportation,UPLOADED,/Users/dlev2617/Documents/Code/Agents/github-packages/UPLOADED/paper-1998-04-the-full-cost-of-intercity-highway-transportation,data/highway_full_cost_model/original_legacy/full_cost_project_c4/hwy92_original.xls,ExpenditureExport,LAW_SAFETY (thousands),,numeric,53,57359.0 | 40116.0 | 78446.0 | 45163.0 | 1182559.0,0,7088262,xls,medium,Some headers were missing; generated column_N names. Sampled first 55 non-empty rows from worksheet.
paper-1998-04,The Full Cost Of Intercity Highway Transportation,UPLOADED,/Users/dlev2617/Documents/Code/Agents/github-packages/UPLOADED/paper-1998-04-the-full-cost-of-intercity-highway-transportation,data/highway_full_cost_model/original_legacy/full_cost_project_c4/hwy92_original.xls,ExpenditureExport,INTEREST (thousands),,numeric,53,11128.0 | 13411.0 | 154305.0 | 661.0 | 58263.0,0,3620713,xls,medium,Some headers were missing; generated column_N names. Sampled first 55 non-empty rows from worksheet.
paper-1998-04,The Full Cost Of Intercity Highway Transportation,UPLOADED,/Users/dlev2617/Documents/Code/Agents/github-packages/UPLOADED/paper-1998-04-the-full-cost-of-intercity-highway-transportation,data/highway_full_cost_model/original_legacy/full_cost_project_c4/hwy92_original.xls,ExpenditureExport,BONDRETIRE (thousands),,numeric,53,20436.0 | 21623.0 | 359239.0 | 449.0 | 35336.0,0,4588962,xls,medium,Some headers were missing; generated column_N names. Sampled first 55 non-empty rows from worksheet.
paper-1998-04,The Full Cost Of Intercity Highway Transportation,UPLOADED,/Users/dlev2617/Documents/Code/Agents/github-packages/UPLOADED/paper-1998-04-the-full-cost-of-intercity-highway-transportation,data/highway_full_cost_model/original_legacy/full_cost_project_c4/hwy92_original.xls,ExpenditureExport,column_9,,empty,0,,,,xls,medium,Some headers were missing; generated column_N names. Sampled first 55 non-empty rows from worksheet.
paper-1998-04,The Full Cost Of Intercity Highway Transportation,UPLOADED,/Users/dlev2617/Documents/Code/Agents/github-packages/UPLOADED/paper-1998-04-the-full-cost-of-intercity-highway-transportation,data/highway_full_cost_model/original_legacy/full_cost_project_c4/hwy92_original.xls,ExpenditureExport,column_10,,empty,0,,,,xls,medium,Some headers were missing; generated column_N names. Sampled first 55 non-empty rows from worksheet.
paper-1998-04,The Full Cost Of Intercity Highway Transportation,UPLOADED,/Users/dlev2617/Documents/Code/Agents/github-packages/UPLOADED/paper-1998-04-the-full-cost-of-intercity-highway-transportation,data/highway_full_cost_model/original_legacy/full_cost_project_c4/hwy92_original.xls,ExpenditureExport,column_11,,numeric,53,0.0515 | 0.0525 | 0.0535 | 0.0495 | 0.0475,0.0475,42,xls,medium,Some headers were missing; generated column_N names. Sampled first 55 non-empty rows from worksheet.
paper-1998-04,The Full Cost Of Intercity Highway Transportation,UPLOADED,/Users/dlev2617/Documents/Code/Agents/github-packages/UPLOADED/paper-1998-04-the-full-cost-of-intercity-highway-transportation,data/highway_full_cost_model/original_legacy/full_cost_project_c4/hwy92_original.xls,ExpenditureExport,Cc,,numeric,53,550374.7319999998 | 0.0 | 501166.26 | 298454.448 | 2750033.9639999997,0,38080764.456,xls,medium,Some headers were missing; generated column_N names. Sampled first 55 non-empty rows from worksheet.
paper-1998-04,The Full Cost Of Intercity Highway Transportation,UPLOADED,/Users/dlev2617/Documents/Code/Agents/github-packages/UPLOADED/paper-1998-04-the-full-cost-of-intercity-highway-transportation,data/highway_full_cost_model/original_legacy/full_cost_project_c4/hwy92_original.xls,ExpenditureExport,Cm,,mixed_numeric_text,53,157868.0 | 33400.0 | 68839.0 | 93412.0 | 342460.0,,,xls,medium,Some headers were missing; generated column_N names. Sampled first 55 non-empty rows from worksheet.
paper-1998-04,The Full Cost Of Intercity Highway Transportation,UPLOADED,/Users/dlev2617/Documents/Code/Agents/github-packages/UPLOADED/paper-1998-04-the-full-cost-of-intercity-highway-transportation,data/highway_full_cost_model/original_legacy/full_cost_project_c4/hwy92_original.xls,ExpenditureExport,Cl,,numeric,53,129917.0 | 70204.0 | 148973.0 | 87687.0 | 2229467.0,0,14384552,xls,medium,Some headers were missing; generated column_N names. Sampled first 55 non-empty rows from worksheet.
paper-1998-04,The Full Cost Of Intercity Highway Transportation,UPLOADED,/Users/dlev2617/Documents/Code/Agents/github-packages/UPLOADED/paper-1998-04-the-full-cost-of-intercity-highway-transportation,data/highway_full_cost_model/original_legacy/full_cost_project_c4/hwy92_original.xls,ExpenditureExport,LRTE,,numeric,53,838159.7319999998 | 103604.0 | 718978.26 | 479553.448 | 5321960.964,15,59065592.456,xls,medium,Some headers were missing; generated column_N names. Sampled first 55 non-empty rows from worksheet.
paper-1998-04,The Full Cost Of Intercity Highway Transportation,UPLOADED,/Users/dlev2617/Documents/Code/Agents/github-packages/UPLOADED/paper-1998-04-the-full-cost-of-intercity-highway-transportation,data/highway_full_cost_model/original_legacy/full_cost_project_c4/hwy92_original.xls,ExpenditureExport,SRTE,,numeric,53,287785.0 | 103604.0 | 217812.0 | 181099.0 | 2571927.0,0,20984828,xls,medium,Some headers were missing; generated column_N names. Sampled first 55 non-empty rows from worksheet.
paper-1998-04,The Full Cost Of Intercity Highway Transportation,UPLOADED,/Users/dlev2617/Documents/Code/Agents/github-packages/UPLOADED/paper-1998-04-the-full-cost-of-intercity-highway-transportation,data/highway_full_cost_model/original_legacy/full_cost_project_c4/hwy92_original.xls,PriceExport,State,,text,58,Alabama | Alaska | Arizona | Arkansas | California,,,xls,medium,Some headers were missing; generated column_N names. Sampled first 60 non-empty rows from worksheet.
paper-1998-04,The Full Cost Of Intercity Highway Transportation,UPLOADED,/Users/dlev2617/Documents/Code/Agents/github-packages/UPLOADED/paper-1998-04-the-full-cost-of-intercity-highway-transportation,data/highway_full_cost_model/original_legacy/full_cost_project_c4/hwy92_original.xls,PriceExport,Pl Goverment Salary (1993),,numeric,52,25028.0 | 37943.0 | 24995.0 | 22793.0 | 33080.0,20777,43855,xls,medium,Some headers were missing; generated column_N names. Sampled first 60 non-empty rows from worksheet.
paper-1998-04,The Full Cost Of Intercity Highway Transportation,UPLOADED,/Users/dlev2617/Documents/Code/Agents/github-packages/UPLOADED/paper-1998-04-the-full-cost-of-intercity-highway-transportation,data/highway_full_cost_model/original_legacy/full_cost_project_c4/hwy92_original.xls,PriceExport,Pl,,numeric,53,0.9212335193466343 | 1.3966103334093554 | 0.9200188515290524 | 0.8389673807922261 | 1.2176124668366095,0,1.61421991333,xls,medium,Some headers were missing; generated column_N names. Sampled first 60 non-empty rows from worksheet.
paper-1998-04,The Full Cost Of Intercity Highway Transportation,UPLOADED,/Users/dlev2617/Documents/Code/Agents/github-packages/UPLOADED/paper-1998-04-the-full-cost-of-intercity-highway-transportation,data/highway_full_cost_model/original_legacy/full_cost_project_c4/hwy92_original.xls,PriceExport,Pk Moody's Bond Rating,,text,52,AA | X | A1 | AA1 | AAA,,,xls,medium,Some headers were missing; generated column_N names. Sampled first 60 non-empty rows from worksheet.
paper-1998-04,The Full Cost Of Intercity Highway Transportation,UPLOADED,/Users/dlev2617/Documents/Code/Agents/github-packages/UPLOADED/paper-1998-04-the-full-cost-of-intercity-highway-transportation,data/highway_full_cost_model/original_legacy/full_cost_project_c4/hwy92_original.xls,PriceExport,column_5,,numeric,53,0.0515 | 0.0525 | 0.0535 | 0.0495 | 0.0475,0.0475,42,xls,medium,Some headers were missing; generated column_N names. Sampled first 60 non-empty rows from worksheet.
paper-1998-04,The Full Cost Of Intercity Highway Transportation,UPLOADED,/Users/dlev2617/Documents/Code/Agents/github-packages/UPLOADED/paper-1998-04-the-full-cost-of-intercity-highway-transportation,data/highway_full_cost_model/original_legacy/full_cost_project_c4/hwy92_original.xls,PriceExport,Pm Bituminous Concrete (1993),,numeric,52,25.49 | 31.89 | 22.42 | 26.28 | 28.79,2.08,65.14,xls,medium,Some headers were missing; generated column_N names. Sampled first 60 non-empty rows from worksheet.
paper-1998-04,The Full Cost Of Intercity Highway Transportation,UPLOADED,/Users/dlev2617/Documents/Code/Agents/github-packages/UPLOADED/paper-1998-04-the-full-cost-of-intercity-highway-transportation,data/highway_full_cost_model/original_legacy/full_cost_project_c4/hwy92_original.xls,PriceExport,column_7,,numeric,53,1.355130249867092 | 1.6953748006379588 | 1.191919191919192 | 1.397129186602871 | 1.53056884635832,0,3.46305156831,xls,medium,Some headers were missing; generated column_N names. Sampled first 60 non-empty rows from worksheet.
paper-1998-04,The Full Cost Of Intercity Highway Transportation,UPLOADED,/Users/dlev2617/Documents/Code/Agents/github-packages/UPLOADED/paper-1998-04-the-full-cost-of-intercity-highway-transportation,data/highway_full_cost_model/original_legacy/full_cost_project_c4/hwy92_original.xls,PriceExport,Excavation (1993),,numeric,52,1.6 | 1.89 | 5.21 | 1.31 | 3.15,1.02,18.58,xls,medium,Some headers were missing; generated column_N names. Sampled first 60 non-empty rows from worksheet.
paper-1998-04,The Full Cost Of Intercity Highway Transportation,UPLOADED,/Users/dlev2617/Documents/Code/Agents/github-packages/UPLOADED/paper-1998-04-the-full-cost-of-intercity-highway-transportation,data/highway_full_cost_model/original_legacy/full_cost_project_c4/hwy92_original.xls,PriceExport,Reinforced Steel (1993),,numeric,52,0.419 | 0.464 | 0.354 | 0.544 | 0.414,0.322,0.811,xls,medium,Some headers were missing; generated column_N names. Sampled first 60 non-empty rows from worksheet.
paper-1998-04,The Full Cost Of Intercity Highway Transportation,UPLOADED,/Users/dlev2617/Documents/Code/Agents/github-packages/UPLOADED/paper-1998-04-the-full-cost-of-intercity-highway-transportation,data/highway_full_cost_model/original_legacy/full_cost_project_c4/hwy92_original.xls,PriceExport,Structural Steel (1993),,numeric,52,0.862 | 1.161 | 1.62 | 0.674 | 1.07,0.47,2.241,xls,medium,Some headers were missing; generated column_N names. Sampled first 60 non-empty rows from worksheet.
paper-1998-04,The Full Cost Of Intercity Highway Transportation,UPLOADED,/Users/dlev2617/Documents/Code/Agents/github-packages/UPLOADED/paper-1998-04-the-full-cost-of-intercity-highway-transportation,data/highway_full_cost_model/original_legacy/full_cost_project_c4/hwy92_original.xls,PriceExport,Structural Concrete (1993),,numeric,52,217.9 | 855.03 | 206.73 | 259.97 | 256.86,93.8,855.03,xls,medium,Some headers were missing; generated column_N names. Sampled first 60 non-empty rows from worksheet.
paper-1998-04,The Full Cost Of Intercity Highway Transportation,UPLOADED,/Users/dlev2617/Documents/Code/Agents/github-packages/UPLOADED/paper-1998-04-the-full-cost-of-intercity-highway-transportation,data/highway_full_cost_model/original_legacy/full_cost_project_c4/hwy92_original.xls,PriceExport,column_12,,empty,0,,,,xls,medium,Some headers were missing; generated column_N names. Sampled first 60 non-empty rows from worksheet.
paper-1998-04,The Full Cost Of Intercity Highway Transportation,UPLOADED,/Users/dlev2617/Documents/Code/Agents/github-packages/UPLOADED/paper-1998-04-the-full-cost-of-intercity-highway-transportation,data/highway_full_cost_model/original_legacy/full_cost_project_c4/hwy92_original.xls,PriceExport,column_13,,empty,0,,,,xls,medium,Some headers were missing; generated column_N names. Sampled first 60 non-empty rows from worksheet.
paper-1998-04,The Full Cost Of Intercity Highway Transportation,UPLOADED,/Users/dlev2617/Documents/Code/Agents/github-packages/UPLOADED/paper-1998-04-the-full-cost-of-intercity-highway-transportation,data/highway_full_cost_model/original_legacy/full_cost_project_c4/hwy92_original.xls,PriceExport,PGOVSAL94,,numeric,51,26376.0 | 38889.0 | 25906.0 | 23336.0 | 33795.0,21643,46872,xls,medium,Some headers were missing; generated column_N names. Sampled first 60 non-empty rows from worksheet.
paper-1998-04,The Full Cost Of Intercity Highway Transportation,UPLOADED,/Users/dlev2617/Documents/Code/Agents/github-packages/UPLOADED/paper-1998-04-the-full-cost-of-intercity-highway-transportation,data/highway_full_cost_model/original_legacy/full_cost_project_c4/hwy92_original.xls,PriceExport,column_15,,empty,0,,,,xls,medium,Some headers were missing; generated column_N names. Sampled first 60 non-empty rows from worksheet.
paper-1998-04,The Full Cost Of Intercity Highway Transportation,UPLOADED,/Users/dlev2617/Documents/Code/Agents/github-packages/UPLOADED/paper-1998-04-the-full-cost-of-intercity-highway-transportation,data/highway_full_cost_model/original_legacy/full_cost_project_c4/hwy92_original.xls,PriceExport,column_16,,text,8,A | X | A1 | AA | AA1,,,xls,medium,Some headers were missing; generated column_N names. Sampled first 60 non-empty rows from worksheet.
paper-1998-04,The Full Cost Of Intercity Highway Transportation,UPLOADED,/Users/dlev2617/Documents/Code/Agents/github-packages/UPLOADED/paper-1998-04-the-full-cost-of-intercity-highway-transportation,data/highway_full_cost_model/original_legacy/full_cost_project_c4/hwy92_original.xls,PriceExport,column_17,,numeric,8,0.0555 | 0.0525 | 0.0535 | 0.0515 | 0.0495,0.0475,0.0595,xls,medium,Some headers were missing; generated column_N names. Sampled first 60 non-empty rows from worksheet.
paper-1998-04,The Full Cost Of Intercity Highway Transportation,UPLOADED,/Users/dlev2617/Documents/Code/Agents/github-packages/UPLOADED/paper-1998-04-the-full-cost-of-intercity-highway-transportation,data/highway_full_cost_model/original_legacy/full_cost_project_c4/hwy92_original.xls,PriceExport,column_18,,empty,0,,,,xls,medium,Some headers were missing; generated column_N names. Sampled first 60 non-empty rows from worksheet.
paper-1998-04,The Full Cost Of Intercity Highway Transportation,UPLOADED,/Users/dlev2617/Documents/Code/Agents/github-packages/UPLOADED/paper-1998-04-the-full-cost-of-intercity-highway-transportation,data/highway_full_cost_model/original_legacy/full_cost_project_c4/hwy92_original.xls,PriceExport,column_19,,text,14,AA | X | A1 | AA1 | AAA,,,xls,medium,Some headers were missing; generated column_N names. Sampled first 60 non-empty rows from worksheet.
paper-1998-04,The Full Cost Of Intercity Highway Transportation,UPLOADED,/Users/dlev2617/Documents/Code/Agents/github-packages/UPLOADED/paper-1998-04-the-full-cost-of-intercity-highway-transportation,data/highway_full_cost_model/original_legacy/full_cost_project_c4/hwy92_original.xls,Prices,column_1,,text,59,Alabama | Alaska | Arizona | Arkansas | California,,,xls,medium,Some headers were missing; generated column_N names. Sampled first 60 non-empty rows from worksheet.
paper-1998-04,The Full Cost Of Intercity Highway Transportation,UPLOADED,/Users/dlev2617/Documents/Code/Agents/github-packages/UPLOADED/paper-1998-04-the-full-cost-of-intercity-highway-transportation,data/highway_full_cost_model/original_legacy/full_cost_project_c4/hwy92_original.xls,Prices,PGOVSAL93,,numeric,51,25028.0 | 37943.0 | 24995.0 | 22793.0 | 33080.0,20777,43855,xls,medium,Some headers were missing; generated column_N names. Sampled first 60 non-empty rows from worksheet.
paper-1998-04,The Full Cost Of Intercity Highway Transportation,UPLOADED,/Users/dlev2617/Documents/Code/Agents/github-packages/UPLOADED/paper-1998-04-the-full-cost-of-intercity-highway-transportation,data/highway_full_cost_model/original_legacy/full_cost_project_c4/hwy92_original.xls,Prices,PGOVSAL94,,numeric,51,26376.0 | 38889.0 | 25906.0 | 23336.0 | 33795.0,21643,46872,xls,medium,Some headers were missing; generated column_N names. Sampled first 60 non-empty rows from worksheet.
paper-1998-04,The Full Cost Of Intercity Highway Transportation,UPLOADED,/Users/dlev2617/Documents/Code/Agents/github-packages/UPLOADED/paper-1998-04-the-full-cost-of-intercity-highway-transportation,data/highway_full_cost_model/original_legacy/full_cost_project_c4/hwy92_original.xls,Prices,PBITCONC93,,numeric,52,25.49 | 31.89 | 22.42 | 26.28 | 28.79,2.08,65.14,xls,medium,Some headers were missing; generated column_N names. Sampled first 60 non-empty rows from worksheet.
paper-1998-04,The Full Cost Of Intercity Highway Transportation,UPLOADED,/Users/dlev2617/Documents/Code/Agents/github-packages/UPLOADED/paper-1998-04-the-full-cost-of-intercity-highway-transportation,data/highway_full_cost_model/original_legacy/full_cost_project_c4/hwy92_original.xls,Prices,PEXCAV93,,numeric,52,1.6 | 1.89 | 5.21 | 1.31 | 3.15,1.02,18.58,xls,medium,Some headers were missing; generated column_N names. Sampled first 60 non-empty rows from worksheet.
paper-1998-04,The Full Cost Of Intercity Highway Transportation,UPLOADED,/Users/dlev2617/Documents/Code/Agents/github-packages/UPLOADED/paper-1998-04-the-full-cost-of-intercity-highway-transportation,data/highway_full_cost_model/original_legacy/full_cost_project_c4/hwy92_original.xls,Prices,PREINFSTL93,,numeric,52,0.419 | 0.464 | 0.354 | 0.544 | 0.414,0.322,0.811,xls,medium,Some headers were missing; generated column_N names. Sampled first 60 non-empty rows from worksheet.
paper-1998-04,The Full Cost Of Intercity Highway Transportation,UPLOADED,/Users/dlev2617/Documents/Code/Agents/github-packages/UPLOADED/paper-1998-04-the-full-cost-of-intercity-highway-transportation,data/highway_full_cost_model/original_legacy/full_cost_project_c4/hwy92_original.xls,Prices,PSTRUCTSTL93,,numeric,52,0.862 | 1.161 | 1.62 | 0.674 | 1.07,0.47,2.241,xls,medium,Some headers were missing; generated column_N names. Sampled first 60 non-empty rows from worksheet.
paper-1998-04,The Full Cost Of Intercity Highway Transportation,UPLOADED,/Users/dlev2617/Documents/Code/Agents/github-packages/UPLOADED/paper-1998-04-the-full-cost-of-intercity-highway-transportation,data/highway_full_cost_model/original_legacy/full_cost_project_c4/hwy92_original.xls,Prices,PSTRUCCON93,,numeric,52,217.9 | 855.03 | 206.73 | 259.97 | 256.86,93.8,855.03,xls,medium,Some headers were missing; generated column_N names. Sampled first 60 non-empty rows from worksheet.
paper-1998-04,The Full Cost Of Intercity Highway Transportation,UPLOADED,/Users/dlev2617/Documents/Code/Agents/github-packages/UPLOADED/paper-1998-04-the-full-cost-of-intercity-highway-transportation,data/highway_full_cost_model/original_legacy/full_cost_project_c4/hwy92_original.xls,Prices,POP90(THSD),,numeric,52,4089.0 | 570.0 | 3750.0 | 2372.0 | 30380.0,460,252181,xls,medium,Some headers were missing; generated column_N names. Sampled first 60 non-empty rows from worksheet.
paper-1998-04,The Full Cost Of Intercity Highway Transportation,UPLOADED,/Users/dlev2617/Documents/Code/Agents/github-packages/UPLOADED/paper-1998-04-the-full-cost-of-intercity-highway-transportation,data/highway_full_cost_model/original_legacy/full_cost_project_c4/hwy92_original.xls,Prices,SQMILES,,numeric,52,52423.0 | 591004.0 | 114006.0 | 53182.0 | 163707.0,67,3717528,xls,medium,Some headers were missing; generated column_N names. Sampled first 60 non-empty rows from worksheet.
paper-1998-04,The Full Cost Of Intercity Highway Transportation,UPLOADED,/Users/dlev2617/Documents/Code/Agents/github-packages/UPLOADED/paper-1998-04-the-full-cost-of-intercity-highway-transportation,data/highway_full_cost_model/original_legacy/full_cost_project_c4/hwy92_original.xls,Prices,POPDENS=LAND,,numeric,52,78.00011445357954 | 0.9644604774248566 | 32.89300563128256 | 44.601556917754124 | 185.57544882014818,0.964460477425,8925.37313433,xls,medium,Some headers were missing; generated column_N names. Sampled first 60 non-empty rows from worksheet.
paper-1998-04,The Full Cost Of Intercity Highway Transportation,UPLOADED,/Users/dlev2617/Documents/Code/Agents/github-packages/UPLOADED/paper-1998-04-the-full-cost-of-intercity-highway-transportation,data/highway_full_cost_model/original_legacy/full_cost_project_c4/hwy92_original.xls,Prices,CAPTOTTOT93,,mixed_numeric_text,52,470232.0 | 242000.0 | 480799.0 | 362332.0 | 2135323.0,,,xls,medium,Some headers were missing; generated column_N names. Sampled first 60 non-empty rows from worksheet.
paper-1998-04,The Full Cost Of Intercity Highway Transportation,UPLOADED,/Users/dlev2617/Documents/Code/Agents/github-packages/UPLOADED/paper-1998-04-the-full-cost-of-intercity-highway-transportation,data/highway_full_cost_model/original_legacy/full_cost_project_c4/hwy92_original.xls,Prices,MILTOTTOT93,,numeric,53,92209.0 | 13849.0 | 55763.0 | 77192.0 | 169201.0,0,3904721,xls,medium,Some headers were missing; generated column_N names. Sampled first 60 non-empty rows from worksheet.
paper-1998-04,The Full Cost Of Intercity Highway Transportation,UPLOADED,/Users/dlev2617/Documents/Code/Agents/github-packages/UPLOADED/paper-1998-04-the-full-cost-of-intercity-highway-transportation,data/highway_full_cost_model/original_legacy/full_cost_project_c4/hwy92_original.xls,Prices,MILES92,,numeric,52,92201.0 | 13634.0 | 55969.0 | 77162.0 | 168378.0,1104,3901715,xls,medium,Some headers were missing; generated column_N names. Sampled first 60 non-empty rows from worksheet.
paper-1998-04,The Full Cost Of Intercity Highway Transportation,UPLOADED,/Users/dlev2617/Documents/Code/Agents/github-packages/UPLOADED/paper-1998-04-the-full-cost-of-intercity-highway-transportation,data/highway_full_cost_model/original_legacy/full_cost_project_c4/hwy92_original.xls,Prices,NETMILES,,numeric,53,8.0 | 215.0 | -206.0 | 30.0 | 823.0,-3760,3006,xls,medium,Some headers were missing; generated column_N names. Sampled first 60 non-empty rows from worksheet.
paper-1998-04,The Full Cost Of Intercity Highway Transportation,UPLOADED,/Users/dlev2617/Documents/Code/Agents/github-packages/UPLOADED/paper-1998-04-the-full-cost-of-intercity-highway-transportation,data/highway_full_cost_model/original_legacy/full_cost_project_c4/hwy92_original.xls,Prices,PCAPperMIL93,,mixed_numeric_text,51,58779.0 | 1125.5813953488373 | -2333.9757281553398 | 12077.733333333334 | 2594.5601458080196,,,xls,medium,Some headers were missing; generated column_N names. Sampled first 60 non-empty rows from worksheet.
paper-1998-04,The Full Cost Of Intercity Highway Transportation,UPLOADED,/Users/dlev2617/Documents/Code/Agents/github-packages/UPLOADED/paper-1998-04-the-full-cost-of-intercity-highway-transportation,data/highway_full_cost_model/original_legacy/full_cost_project_c4/hwy92_original.xls,Prices,BONDRATE (Moody's),,text,51,AA | X | A1 | AA1 | AAA,,,xls,medium,Some headers were missing; generated column_N names. Sampled first 60 non-empty rows from worksheet.
paper-1998-04,The Full Cost Of Intercity Highway Transportation,UPLOADED,/Users/dlev2617/Documents/Code/Agents/github-packages/UPLOADED/paper-1998-04-the-full-cost-of-intercity-highway-transportation,data/highway_full_cost_model/original_legacy/full_cost_project_c4/hwy92_original.xls,TIMESER3,column_1,,text,51,"""",,,xls,medium,Some headers were missing; generated column_N names. Sampled first 52 non-empty rows from worksheet.
paper-1998-04,The Full Cost Of Intercity Highway Transportation,UPLOADED,/Users/dlev2617/Documents/Code/Agents/github-packages/UPLOADED/paper-1998-04-the-full-cost-of-intercity-highway-transportation,data/highway_full_cost_model/original_legacy/full_cost_project_c4/hwy92_original.xls,TIMESER3,STATE,,text,51,ALABAMA | ALASKA | ARIZONA | ARKANSAS | CALIFORNIA,,,xls,medium,Some headers were missing; generated column_N names. Sampled first 52 non-empty rows from worksheet.
paper-1998-04,The Full Cost Of Intercity Highway Transportation,UPLOADED,/Users/dlev2617/Documents/Code/Agents/github-packages/UPLOADED/paper-1998-04-the-full-cost-of-intercity-highway-transportation,data/highway_full_cost_model/original_legacy/full_cost_project_c4/hwy92_original.xls,TIMESER3,column_3,,text,51,"""",,,xls,medium,Some headers were missing; generated column_N names. Sampled first 52 non-empty rows from worksheet.
paper-1998-04,The Full Cost Of Intercity Highway Transportation,UPLOADED,/Users/dlev2617/Documents/Code/Agents/github-packages/UPLOADED/paper-1998-04-the-full-cost-of-intercity-highway-transportation,data/highway_full_cost_model/original_legacy/full_cost_project_c4/hwy92_original.xls,TIMESER3,YEAR,,numeric,51,1988.0 | 0.0,0,1988,xls,medium,Some headers were missing; generated column_N names. Sampled first 52 non-empty rows from worksheet.
paper-1998-04,The Full Cost Of Intercity Highway Transportation,UPLOADED,/Users/dlev2617/Documents/Code/Agents/github-packages/UPLOADED/paper-1998-04-the-full-cost-of-intercity-highway-transportation,data/highway_full_cost_model/original_legacy/full_cost_project_c4/hwy92_original.xls,TIMESER3,HIGHWAY,,numeric,51,8905.74 | 0.0 | 7955.02 | 4829.36 | 42835.42,0,42835.42,xls,medium,Some headers were missing; generated column_N names. Sampled first 52 non-empty rows from worksheet.
paper-1998-04,The Full Cost Of Intercity Highway Transportation,UPLOADED,/Users/dlev2617/Documents/Code/Agents/github-packages/UPLOADED/paper-1998-04-the-full-cost-of-intercity-highway-transportation,data/highway_full_cost_model/original_legacy/full_cost_project_c4/hwy92_original.xls,TIMESER3,GSP,,numeric,51,53547.0 | 0.0 | 50630.0 | 29802.0 | 528674.0,0,528674,xls,medium,Some headers were missing; generated column_N names. Sampled first 52 non-empty rows from worksheet.
paper-1998-04,The Full Cost Of Intercity Highway Transportation,UPLOADED,/Users/dlev2617/Documents/Code/Agents/github-packages/UPLOADED/paper-1998-04-the-full-cost-of-intercity-highway-transportation,data/highway_full_cost_model/original_legacy/full_cost_project_c4/hwy92_original.xls,TIMESER3,TOTPUB,,numeric,51,20204.46 | 0.0 | 23693.97 | 10411.96 | 145321.6,0,145321.6,xls,medium,Some headers were missing; generated column_N names. Sampled first 52 non-empty rows from worksheet.
paper-1998-04,The Full Cost Of Intercity Highway Transportation,UPLOADED,/Users/dlev2617/Documents/Code/Agents/github-packages/UPLOADED/paper-1998-04-the-full-cost-of-intercity-highway-transportation,data/highway_full_cost_model/original_legacy/full_cost_project_c4/hwy92_original.xls,TIMESER3,PVTCAP,,numeric,51,66008.17 | 0.0 | 48932.84 | 34924.26 | 400653.1,0,400653.1,xls,medium,Some headers were missing; generated column_N names. Sampled first 52 non-empty rows from worksheet.
paper-1998-04,The Full Cost Of Intercity Highway Transportation,UPLOADED,/Users/dlev2617/Documents/Code/Agents/github-packages/UPLOADED/paper-1998-04-the-full-cost-of-intercity-highway-transportation,data/highway_full_cost_model/original_legacy/full_cost_project_c4/hwy92_original.xls,TIMESER3,AREA,,numeric,51,52423.0 | 0.0 | 114006.0 | 53182.0 | 163707.0,0,268601,xls,medium,Some headers were missing; generated column_N names. Sampled first 52 non-empty rows from worksheet.
paper-1998-04,The Full Cost Of Intercity Highway Transportation,UPLOADED,/Users/dlev2617/Documents/Code/Agents/github-packages/UPLOADED/paper-1998-04-the-full-cost-of-intercity-highway-transportation,data/highway_full_cost_model/original_legacy/full_cost_project_c4/hwy92_original.xls,TIMESER3,ROW,,numeric,51,41714000.0 | 0.0 | 216000000.0 | 11366000.0 | 244000000.0,0,247000000,xls,medium,Some headers were missing; generated column_N names. Sampled first 52 non-empty rows from worksheet.
paper-1998-04,The Full Cost Of Intercity Highway Transportation,UPLOADED,/Users/dlev2617/Documents/Code/Agents/github-packages/UPLOADED/paper-1998-04-the-full-cost-of-intercity-highway-transportation,data/highway_full_cost_model/original_legacy/full_cost_project_c4/hwy92_original.xls,TIMESER3,TCAP,,numeric,51,470000000.0 | 0.0 | 1070000000.0 | 307000000.0 | 2220000000.0,0,2980000000,xls,medium,Some headers were missing; generated column_N names. Sampled first 52 non-empty rows from worksheet.
paper-1998-04,The Full Cost Of Intercity Highway Transportation,UPLOADED,/Users/dlev2617/Documents/Code/Agents/github-packages/UPLOADED/paper-1998-04-the-full-cost-of-intercity-highway-transportation,data/highway_full_cost_model/original_legacy/full_cost_project_c4/hwy92_original.xls,TIMESER3,TMANT,,numeric,51,342000000.0 | 0.0 | 199000000.0 | 197000000.0 | 1560000000.0,0,1740000000,xls,medium,Some headers were missing; generated column_N names. Sampled first 52 non-empty rows from worksheet.
paper-1998-04,The Full Cost Of Intercity Highway Transportation,UPLOADED,/Users/dlev2617/Documents/Code/Agents/github-packages/UPLOADED/paper-1998-04-the-full-cost-of-intercity-highway-transportation,data/highway_full_cost_model/original_legacy/full_cost_project_c4/hwy92_original.xls,Master,column_1,,text,51,"""",,,xls,medium,Some headers were missing; generated column_N names. Sampled first 52 non-empty rows from worksheet.
paper-1998-04,The Full Cost Of Intercity Highway Transportation,UPLOADED,/Users/dlev2617/Documents/Code/Agents/github-packages/UPLOADED/paper-1998-04-the-full-cost-of-intercity-highway-transportation,data/highway_full_cost_model/original_legacy/full_cost_project_c4/hwy92_original.xls,Master,STATE,,text,51,ALABAMA | ALASKA | ARIZONA | ARKANSAS | CALIFORNIA,,,xls,medium,Some headers were missing; generated column_N names. Sampled first 52 non-empty rows from worksheet.
paper-1998-04,The Full Cost Of Intercity Highway Transportation,UPLOADED,/Users/dlev2617/Documents/Code/Agents/github-packages/UPLOADED/paper-1998-04-the-full-cost-of-intercity-highway-transportation,data/highway_full_cost_model/original_legacy/full_cost_project_c4/hwy92_original.xls,Master,column_3,,text,51,"""",,,xls,medium,Some headers were missing; generated column_N names. Sampled first 52 non-empty rows from worksheet.
paper-1998-04,The Full Cost Of Intercity Highway Transportation,UPLOADED,/Users/dlev2617/Documents/Code/Agents/github-packages/UPLOADED/paper-1998-04-the-full-cost-of-intercity-highway-transportation,data/highway_full_cost_model/original_legacy/full_cost_project_c4/hwy92_original.xls,Master,YEAR,,numeric,51,1988.0 | 0.0,0,1988,xls,medium,Some headers were missing; generated column_N names. Sampled first 52 non-empty rows from worksheet.
paper-1998-04,The Full Cost Of Intercity Highway Transportation,UPLOADED,/Users/dlev2617/Documents/Code/Agents/github-packages/UPLOADED/paper-1998-04-the-full-cost-of-intercity-highway-transportation,data/highway_full_cost_model/original_legacy/full_cost_project_c4/hwy92_original.xls,Master,HIGHWAY,,numeric,51,8905.74 | 0.0 | 7955.02 | 4829.36 | 42835.42,0,42835.42,xls,medium,Some headers were missing; generated column_N names. Sampled first 52 non-empty rows from worksheet.
paper-1998-04,The Full Cost Of Intercity Highway Transportation,UPLOADED,/Users/dlev2617/Documents/Code/Agents/github-packages/UPLOADED/paper-1998-04-the-full-cost-of-intercity-highway-transportation,data/highway_full_cost_model/original_legacy/full_cost_project_c4/hwy92_original.xls,Master,GSP,,numeric,51,53547.0 | 0.0 | 50630.0 | 29802.0 | 528674.0,0,528674,xls,medium,Some headers were missing; generated column_N names. Sampled first 52 non-empty rows from worksheet.
paper-1998-04,The Full Cost Of Intercity Highway Transportation,UPLOADED,/Users/dlev2617/Documents/Code/Agents/github-packages/UPLOADED/paper-1998-04-the-full-cost-of-intercity-highway-transportation,data/highway_full_cost_model/original_legacy/full_cost_project_c4/hwy92_original.xls,Master,TOTPUB,,numeric,51,20204.46 | 0.0 | 23693.97 | 10411.96 | 145321.6,0,145321.6,xls,medium,Some headers were missing; generated column_N names. Sampled first 52 non-empty rows from worksheet.
paper-1998-04,The Full Cost Of Intercity Highway Transportation,UPLOADED,/Users/dlev2617/Documents/Code/Agents/github-packages/UPLOADED/paper-1998-04-the-full-cost-of-intercity-highway-transportation,data/highway_full_cost_model/original_legacy/full_cost_project_c4/hwy92_original.xls,Master,PVTCAP,,numeric,51,66008.17 | 0.0 | 48932.84 | 34924.26 | 400653.1,0,400653.1,xls,medium,Some headers were missing; generated column_N names. Sampled first 52 non-empty rows from worksheet.
paper-1998-04,The Full Cost Of Intercity Highway Transportation,UPLOADED,/Users/dlev2617/Documents/Code/Agents/github-packages/UPLOADED/paper-1998-04-the-full-cost-of-intercity-highway-transportation,data/highway_full_cost_model/original_legacy/full_cost_project_c4/hwy92_original.xls,Master,AREA,,numeric,51,52423.0 | 0.0 | 114006.0 | 53182.0 | 163707.0,0,268601,xls,medium,Some headers were missing; generated column_N names. Sampled first 52 non-empty rows from worksheet.
paper-1998-04,The Full Cost Of Intercity Highway Transportation,UPLOADED,/Users/dlev2617/Documents/Code/Agents/github-packages/UPLOADED/paper-1998-04-the-full-cost-of-intercity-highway-transportation,data/highway_full_cost_model/original_legacy/full_cost_project_c4/hwy92_original.xls,Master,ROW,,numeric,51,41714000.0 | 0.0 | 216000000.0 | 11366000.0 | 244000000.0,0,247000000,xls,medium,Some headers were missing; generated column_N names. Sampled first 52 non-empty rows from worksheet.
paper-1998-04,The Full Cost Of Intercity Highway Transportation,UPLOADED,/Users/dlev2617/Documents/Code/Agents/github-packages/UPLOADED/paper-1998-04-the-full-cost-of-intercity-highway-transportation,data/highway_full_cost_model/original_legacy/full_cost_project_c4/hwy92_original.xls,Master,TCAP,,numeric,51,470000000.0 | 0.0 | 1070000000.0 | 307000000.0 | 2220000000.0,0,2980000000,xls,medium,Some headers were missing; generated column_N names. Sampled first 52 non-empty rows from worksheet.
paper-1998-04,The Full Cost Of Intercity Highway Transportation,UPLOADED,/Users/dlev2617/Documents/Code/Agents/github-packages/UPLOADED/paper-1998-04-the-full-cost-of-intercity-highway-transportation,data/highway_full_cost_model/original_legacy/full_cost_project_c4/hwy92_original.xls,Master,TMANT,,numeric,51,342000000.0 | 0.0 | 199000000.0 | 197000000.0 | 1560000000.0,0,1740000000,xls,medium,Some headers were missing; generated column_N names. Sampled first 52 non-empty rows from worksheet.
paper-1998-04,The Full Cost Of Intercity Highway Transportation,UPLOADED,/Users/dlev2617/Documents/Code/Agents/github-packages/UPLOADED/paper-1998-04-the-full-cost-of-intercity-highway-transportation,data/highway_full_cost_model/original_legacy/full_cost_project_c4/hwy92_original.xls,Master,CAPURBINT,,numeric,51,125348.0 | 35459.0 | 48078.0 | 6623.0 | 513828.0,15,659716,xls,medium,Some headers were missing; generated column_N names. Sampled first 52 non-empty rows from worksheet.
paper-1998-04,The Full Cost Of Intercity Highway Transportation,UPLOADED,/Users/dlev2617/Documents/Code/Agents/github-packages/UPLOADED/paper-1998-04-the-full-cost-of-intercity-highway-transportation,data/highway_full_cost_model/original_legacy/full_cost_project_c4/hwy92_original.xls,Master,CAPURBLOC,,numeric,51,77005.0 | 71217.0 | 229257.0 | 132474.0 | 881208.0,15,1156753,xls,medium,Some headers were missing; generated column_N names. Sampled first 52 non-empty rows from worksheet.
paper-1998-04,The Full Cost Of Intercity Highway Transportation,UPLOADED,/Users/dlev2617/Documents/Code/Agents/github-packages/UPLOADED/paper-1998-04-the-full-cost-of-intercity-highway-transportation,data/highway_full_cost_model/original_legacy/full_cost_project_c4/hwy92_original.xls,Master,CAPURBTOT,,numeric,51,202353.0 | 106676.0 | 277335.0 | 139097.0 | 1395036.0,15,1816469,xls,medium,Some headers were missing; generated column_N names. Sampled first 52 non-empty rows from worksheet.
paper-1998-04,The Full Cost Of Intercity Highway Transportation,UPLOADED,/Users/dlev2617/Documents/Code/Agents/github-packages/UPLOADED/paper-1998-04-the-full-cost-of-intercity-highway-transportation,data/highway_full_cost_model/original_legacy/full_cost_project_c4/hwy92_original.xls,Master,MNTURBINT,,numeric,51,7008.0 | 1369.0 | 15 | 1387.0 | 51921.0,15,51921,xls,medium,Some headers were missing; generated column_N names. Sampled first 52 non-empty rows from worksheet.
paper-1998-04,The Full Cost Of Intercity Highway Transportation,UPLOADED,/Users/dlev2617/Documents/Code/Agents/github-packages/UPLOADED/paper-1998-04-the-full-cost-of-intercity-highway-transportation,data/highway_full_cost_model/original_legacy/full_cost_project_c4/hwy92_original.xls,Master,MNTURBLOC,,numeric,51,87510.0 | 19907.0 | 15 | 24221.0 | 80647.0,15,342892,xls,medium,Some headers were missing; generated column_N names. Sampled first 52 non-empty rows from worksheet.
paper-1998-04,The Full Cost Of Intercity Highway Transportation,UPLOADED,/Users/dlev2617/Documents/Code/Agents/github-packages/UPLOADED/paper-1998-04-the-full-cost-of-intercity-highway-transportation,data/highway_full_cost_model/original_legacy/full_cost_project_c4/hwy92_original.xls,Master,MNTURBTOT,,numeric,51,94518.0 | 21276.0 | 15 | 25608.0 | 132568.0,15,355532,xls,medium,Some headers were missing; generated column_N names. Sampled first 52 non-empty rows from worksheet.
paper-1998-04,The Full Cost Of Intercity Highway Transportation,UPLOADED,/Users/dlev2617/Documents/Code/Agents/github-packages/UPLOADED/paper-1998-04-the-full-cost-of-intercity-highway-transportation,data/highway_full_cost_model/original_legacy/full_cost_project_c4/hwy92_original.xls,Master,CAPRURINT,,mixed_numeric_text,51,29484.0 | 50659.0 | 66574.0 | 26357.0 | 61578.0,,,xls,medium,Some headers were missing; generated column_N names. Sampled first 52 non-empty rows from worksheet.
paper-1998-04,The Full Cost Of Intercity Highway Transportation,UPLOADED,/Users/dlev2617/Documents/Code/Agents/github-packages/UPLOADED/paper-1998-04-the-full-cost-of-intercity-highway-transportation,data/highway_full_cost_model/original_legacy/full_cost_project_c4/hwy92_original.xls,Master,CAPRURLOC,,numeric,51,238395.0 | 84665.0 | 136890.0 | 196878.0 | 678709.0,0,807390,xls,medium,Some headers were missing; generated column_N names. Sampled first 52 non-empty rows from worksheet.
paper-1998-04,The Full Cost Of Intercity Highway Transportation,UPLOADED,/Users/dlev2617/Documents/Code/Agents/github-packages/UPLOADED/paper-1998-04-the-full-cost-of-intercity-highway-transportation,data/highway_full_cost_model/original_legacy/full_cost_project_c4/hwy92_original.xls,Master,CAPRURTOT,,mixed_numeric_text,51,267879.0 | 135324.0 | 203464.0 | 223235.0 | 740287.0,,,xls,medium,Some headers were missing; generated column_N names. Sampled first 52 non-empty rows from worksheet.
paper-1998-04,The Full Cost Of Intercity Highway Transportation,UPLOADED,/Users/dlev2617/Documents/Code/Agents/github-packages/UPLOADED/paper-1998-04-the-full-cost-of-intercity-highway-transportation,data/highway_full_cost_model/original_legacy/full_cost_project_c4/hwy92_original.xls,Master,MNTRURINT,,mixed_numeric_text,51,7412.0 | 3744.0 | NA | 7154.0 | 44901.0,,,xls,medium,Some headers were missing; generated column_N names. Sampled first 52 non-empty rows from worksheet.
paper-1998-04,The Full Cost Of Intercity Highway Transportation,UPLOADED,/Users/dlev2617/Documents/Code/Agents/github-packages/UPLOADED/paper-1998-04-the-full-cost-of-intercity-highway-transportation,data/highway_full_cost_model/original_legacy/full_cost_project_c4/hwy92_original.xls,Master,MNTRURLOC,,numeric,51,55938.0 | 8380.0 | 15 | 60650.0 | 164991.0,0,355502,xls,medium,Some headers were missing; generated column_N names. Sampled first 52 non-empty rows from worksheet.
paper-1998-04,The Full Cost Of Intercity Highway Transportation,UPLOADED,/Users/dlev2617/Documents/Code/Agents/github-packages/UPLOADED/paper-1998-04-the-full-cost-of-intercity-highway-transportation,data/highway_full_cost_model/original_legacy/full_cost_project_c4/hwy92_original.xls,Master,MNTRURTOT,,mixed_numeric_text,51,63350.0 | 12124.0 | NA | 67804.0 | 209892.0,,,xls,medium,Some headers were missing; generated column_N names. Sampled first 52 non-empty rows from worksheet.
paper-1998-04,The Full Cost Of Intercity Highway Transportation,UPLOADED,/Users/dlev2617/Documents/Code/Agents/github-packages/UPLOADED/paper-1998-04-the-full-cost-of-intercity-highway-transportation,data/highway_full_cost_model/original_legacy/full_cost_project_c4/hwy92_original.xls,Master,CAPTOTINT,,mixed_numeric_text,51,154832.0 | 86118.0 | 114652.0 | 32980.0 | 575406.0,,,xls,medium,Some headers were missing; generated column_N names. Sampled first 52 non-empty rows from worksheet.
paper-1998-04,The Full Cost Of Intercity Highway Transportation,UPLOADED,/Users/dlev2617/Documents/Code/Agents/github-packages/UPLOADED/paper-1998-04-the-full-cost-of-intercity-highway-transportation,data/highway_full_cost_model/original_legacy/full_cost_project_c4/hwy92_original.xls,Master,CAPTOTLOC,,numeric,51,315400.0 | 155882.0 | 366147.0 | 329352.0 | 1559917.0,15,1559917,xls,medium,Some headers were missing; generated column_N names. Sampled first 52 non-empty rows from worksheet.
paper-1998-04,The Full Cost Of Intercity Highway Transportation,UPLOADED,/Users/dlev2617/Documents/Code/Agents/github-packages/UPLOADED/paper-1998-04-the-full-cost-of-intercity-highway-transportation,data/highway_full_cost_model/original_legacy/full_cost_project_c4/hwy92_original.xls,Master,CAPTOTTOT,,mixed_numeric_text,51,470232.0 | 242000.0 | 480799.0 | 362332.0 | 2135323.0,,,xls,medium,Some headers were missing; generated column_N names. Sampled first 52 non-empty rows from worksheet.
paper-1998-04,The Full Cost Of Intercity Highway Transportation,UPLOADED,/Users/dlev2617/Documents/Code/Agents/github-packages/UPLOADED/paper-1998-04-the-full-cost-of-intercity-highway-transportation,data/highway_full_cost_model/original_legacy/full_cost_project_c4/hwy92_original.xls,Master,MNTTOTINT,,mixed_numeric_text,51,14420.0 | 5113.0 | NA | 8541.0 | 96822.0,,,xls,medium,Some headers were missing; generated column_N names. Sampled first 52 non-empty rows from worksheet.
paper-1998-04,The Full Cost Of Intercity Highway Transportation,UPLOADED,/Users/dlev2617/Documents/Code/Agents/github-packages/UPLOADED/paper-1998-04-the-full-cost-of-intercity-highway-transportation,data/highway_full_cost_model/original_legacy/full_cost_project_c4/hwy92_original.xls,Master,MNTTOTLOC,,numeric,51,143448.0 | 28287.0 | 15 | 84871.0 | 245638.0,15,467463,xls,medium,Some headers were missing; generated column_N names. Sampled first 52 non-empty rows from worksheet.
paper-1998-04,The Full Cost Of Intercity Highway Transportation,UPLOADED,/Users/dlev2617/Documents/Code/Agents/github-packages/UPLOADED/paper-1998-04-the-full-cost-of-intercity-highway-transportation,data/highway_full_cost_model/original_legacy/full_cost_project_c4/hwy92_original.xls,Master,MNTTOTTOT,,mixed_numeric_text,51,157868.0 | 33400.0 | 68839.0 | 93412.0 | 342460.0,,,xls,medium,Some headers were missing; generated column_N names. Sampled first 52 non-empty rows from worksheet.
paper-1998-04,The Full Cost Of Intercity Highway Transportation,UPLOADED,/Users/dlev2617/Documents/Code/Agents/github-packages/UPLOADED/paper-1998-04-the-full-cost-of-intercity-highway-transportation,data/highway_full_cost_model/original_legacy/full_cost_project_c4/hwy92_original.xls,Master,MILRURINT,,numeric,51,602.0 | 1003.0 | 987.0 | 412.0 | 1356.0,0,2203,xls,medium,Some headers were missing; generated column_N names. Sampled first 52 non-empty rows from worksheet.
paper-1998-04,The Full Cost Of Intercity Highway Transportation,UPLOADED,/Users/dlev2617/Documents/Code/Agents/github-packages/UPLOADED/paper-1998-04-the-full-cost-of-intercity-highway-transportation,data/highway_full_cost_model/original_legacy/full_cost_project_c4/hwy92_original.xls,Master,MILRURLOC,,numeric,51,72226.0 | 11104.0 | 38436.0 | 69185.0 | 86784.0,0,212807,xls,medium,Some headers were missing; generated column_N names. Sampled first 52 non-empty rows from worksheet.
paper-1998-04,The Full Cost Of Intercity Highway Transportation,UPLOADED,/Users/dlev2617/Documents/Code/Agents/github-packages/UPLOADED/paper-1998-04-the-full-cost-of-intercity-highway-transportation,data/highway_full_cost_model/original_legacy/full_cost_project_c4/hwy92_original.xls,Master,MILRURTOT,,numeric,51,72828.0 | 12107.0 | 39423.0 | 69597.0 | 88140.0,0,215010,xls,medium,Some headers were missing; generated column_N names. Sampled first 52 non-empty rows from worksheet.
paper-1998-04,The Full Cost Of Intercity Highway Transportation,UPLOADED,/Users/dlev2617/Documents/Code/Agents/github-packages/UPLOADED/paper-1998-04-the-full-cost-of-intercity-highway-transportation,data/highway_full_cost_model/original_legacy/full_cost_project_c4/hwy92_original.xls,Master,MILURBINT,,numeric,51,297.0 | 54.0 | 202.0 | 131.0 | 1067.0,14,1067,xls,medium,Some headers were missing; generated column_N names. Sampled first 52 non-empty rows from worksheet.
paper-1998-04,The Full Cost Of Intercity Highway Transportation,UPLOADED,/Users/dlev2617/Documents/Code/Agents/github-packages/UPLOADED/paper-1998-04-the-full-cost-of-intercity-highway-transportation,data/highway_full_cost_model/original_legacy/full_cost_project_c4/hwy92_original.xls,Master,MILURBFWY,,numeric,51,21.0 | 0.0 | 70.0 | 94.0 | 1393.0,0,1393,xls,medium,Some headers were missing; generated column_N names. Sampled first 52 non-empty rows from worksheet.
paper-1998-04,The Full Cost Of Intercity Highway Transportation,UPLOADED,/Users/dlev2617/Documents/Code/Agents/github-packages/UPLOADED/paper-1998-04-the-full-cost-of-intercity-highway-transportation,data/highway_full_cost_model/original_legacy/full_cost_project_c4/hwy92_original.xls,Master,MILURBLOC,,numeric,51,19063.0 | 1688.0 | 16068.0 | 7370.0 | 78601.0,1074,78601,xls,medium,Some headers were missing; generated column_N names. Sampled first 52 non-empty rows from worksheet.
paper-1998-04,The Full Cost Of Intercity Highway Transportation,UPLOADED,/Users/dlev2617/Documents/Code/Agents/github-packages/UPLOADED/paper-1998-04-the-full-cost-of-intercity-highway-transportation,data/highway_full_cost_model/original_legacy/full_cost_project_c4/hwy92_original.xls,Master,MILURBTOT,,numeric,51,19381.0 | 1742.0 | 16340.0 | 7595.0 | 81061.0,1107,81061,xls,medium,Some headers were missing; generated column_N names. Sampled first 52 non-empty rows from worksheet.
paper-1998-04,The Full Cost Of Intercity Highway Transportation,UPLOADED,/Users/dlev2617/Documents/Code/Agents/github-packages/UPLOADED/paper-1998-04-the-full-cost-of-intercity-highway-transportation,data/highway_full_cost_model/original_legacy/full_cost_project_c4/hwy92_original.xls,Master,MILTOTTOT,,numeric,51,92209.0 | 13849.0 | 55763.0 | 77192.0 | 169201.0,1107,294142,xls,medium,Some headers were missing; generated column_N names. Sampled first 52 non-empty rows from worksheet.
paper-1998-04,The Full Cost Of Intercity Highway Transportation,UPLOADED,/Users/dlev2617/Documents/Code/Agents/github-packages/UPLOADED/paper-1998-04-the-full-cost-of-intercity-highway-transportation,data/highway_full_cost_model/original_legacy/full_cost_project_c4/hwy92_original.xls,Master,URBMIL+4,,numeric,51,43.0 | 10.0 | 54.0 | 45.0 | 940.0,0,940,xls,medium,Some headers were missing; generated column_N names. Sampled first 52 non-empty rows from worksheet.
paper-1998-04,The Full Cost Of Intercity Highway Transportation,UPLOADED,/Users/dlev2617/Documents/Code/Agents/github-packages/UPLOADED/paper-1998-04-the-full-cost-of-intercity-highway-transportation,data/highway_full_cost_model/original_legacy/full_cost_project_c4/hwy92_original.xls,Master,URBMIL-4,,numeric,51,254.0 | 44.0 | 148.0 | 86.0 | 127.0,4,514,xls,medium,Some headers were missing; generated column_N names. Sampled first 52 non-empty rows from worksheet.
paper-1998-04,The Full Cost Of Intercity Highway Transportation,UPLOADED,/Users/dlev2617/Documents/Code/Agents/github-packages/UPLOADED/paper-1998-04-the-full-cost-of-intercity-highway-transportation,data/highway_full_cost_model/original_legacy/full_cost_project_c4/hwy92_original.xls,Master,RURMIL+4,,numeric,51,0.0 | 3.0 | 286.0 | 21.0 | 22.0,0,286,xls,medium,Some headers were missing; generated column_N names. Sampled first 52 non-empty rows from worksheet.
paper-1998-04,The Full Cost Of Intercity Highway Transportation,UPLOADED,/Users/dlev2617/Documents/Code/Agents/github-packages/UPLOADED/paper-1998-04-the-full-cost-of-intercity-highway-transportation,data/highway_full_cost_model/original_legacy/full_cost_project_c4/hwy92_original.xls,Master,RURMIL-4,,numeric,51,602.0 | 1003.0 | 987.0 | 409.0 | 1070.0,0,2158,xls,medium,Some headers were missing; generated column_N names. Sampled first 52 non-empty rows from worksheet.
paper-1998-04,The Full Cost Of Intercity Highway Transportation,UPLOADED,/Users/dlev2617/Documents/Code/Agents/github-packages/UPLOADED/paper-1998-04-the-full-cost-of-intercity-highway-transportation,data/highway_full_cost_model/original_legacy/full_cost_project_c4/hwy92_original.xls,Master,RURPASSVEH,,numeric,51,56.0 | 57.9 | 57.7 | 56.5 | 69.3,41.2,100,xls,medium,Some headers were missing; generated column_N names. Sampled first 52 non-empty rows from worksheet.
paper-1998-04,The Full Cost Of Intercity Highway Transportation,UPLOADED,/Users/dlev2617/Documents/Code/Agents/github-packages/UPLOADED/paper-1998-04-the-full-cost-of-intercity-highway-transportation,data/highway_full_cost_model/original_legacy/full_cost_project_c4/hwy92_original.xls,Master,RURTRUSING,,numeric,51,16.9 | 39.7 | 26.0 | 13.4 | 17.2,0,39.7,xls,medium,Some headers were missing; generated column_N names. Sampled first 52 non-empty rows from worksheet.
paper-1998-04,The Full Cost Of Intercity Highway Transportation,UPLOADED,/Users/dlev2617/Documents/Code/Agents/github-packages/UPLOADED/paper-1998-04-the-full-cost-of-intercity-highway-transportation,data/highway_full_cost_model/original_legacy/full_cost_project_c4/hwy92_original.xls,Master,RURTRUCOM,,numeric,51,27.1 | 2.4 | 16.3 | 30.1 | 13.5,0,34.4,xls,medium,Some headers were missing; generated column_N names. Sampled first 52 non-empty rows from worksheet.
paper-1998-04,The Full Cost Of Intercity Highway Transportation,UPLOADED,/Users/dlev2617/Documents/Code/Agents/github-packages/UPLOADED/paper-1998-04-the-full-cost-of-intercity-highway-transportation,data/highway_full_cost_model/original_legacy/full_cost_project_c4/hwy92_original.xls,Master,URBPASSVEH,,numeric,51,72.7 | 85.1 | 58.7 | 68.8 | 86.2,55.1,811,xls,medium,Some headers were missing; generated column_N names. Sampled first 52 non-empty rows from worksheet.
paper-1998-04,The Full Cost Of Intercity Highway Transportation,UPLOADED,/Users/dlev2617/Documents/Code/Agents/github-packages/UPLOADED/paper-1998-04-the-full-cost-of-intercity-highway-transportation,data/highway_full_cost_model/original_legacy/full_cost_project_c4/hwy92_original.xls,Master,URBTRUSING,,numeric,51,14.3 | 14.2 | 33.2 | 14.8 | 11.0,2.6,34.7,xls,medium,Some headers were missing; generated column_N names. Sampled first 52 non-empty rows from worksheet.
paper-1998-04,The Full Cost Of Intercity Highway Transportation,UPLOADED,/Users/dlev2617/Documents/Code/Agents/github-packages/UPLOADED/paper-1998-04-the-full-cost-of-intercity-highway-transportation,data/highway_full_cost_model/original_legacy/full_cost_project_c4/hwy92_original.xls,Master,URBTRUCOMB,,numeric,51,13.0 | 0.7000000000000064 | 8.099999999999994 | 16.4 | 2.8,0.3,19.3,xls,medium,Some headers were missing; generated column_N names. Sampled first 52 non-empty rows from worksheet.
paper-1998-04,The Full Cost Of Intercity Highway Transportation,UPLOADED,/Users/dlev2617/Documents/Code/Agents/github-packages/UPLOADED/paper-1998-04-the-full-cost-of-intercity-highway-transportation,data/highway_full_cost_model/original_legacy/full_cost_project_c4/hwy92_original.xls,Master,ALASKA,,numeric,51,0.0 | 1.0,0,1,xls,medium,Some headers were missing; generated column_N names. Sampled first 52 non-empty rows from worksheet.
paper-1998-04,The Full Cost Of Intercity Highway Transportation,UPLOADED,/Users/dlev2617/Documents/Code/Agents/github-packages/UPLOADED/paper-1998-04-the-full-cost-of-intercity-highway-transportation,data/highway_full_cost_model/original_legacy/full_cost_project_c4/hwy92_original.xls,Master,NEWYORK,,numeric,51,0.0 | 1.0,0,1,xls,medium,Some headers were missing; generated column_N names. Sampled first 52 non-empty rows from worksheet.
paper-1998-04,The Full Cost Of Intercity Highway Transportation,UPLOADED,/Users/dlev2617/Documents/Code/Agents/github-packages/UPLOADED/paper-1998-04-the-full-cost-of-intercity-highway-transportation,data/highway_full_cost_model/original_legacy/full_cost_project_c4/hwy92_original.xls,Master,CALIFORNIA,,numeric,51,0.0 | 1.0,0,1,xls,medium,Some headers were missing; generated column_N names. Sampled first 52 non-empty rows from worksheet.
paper-1998-04,The Full Cost Of Intercity Highway Transportation,UPLOADED,/Users/dlev2617/Documents/Code/Agents/github-packages/UPLOADED/paper-1998-04-the-full-cost-of-intercity-highway-transportation,data/highway_full_cost_model/original_legacy/full_cost_project_c4/hwy92_original.xls,Master,SOUTHEAST,,numeric,51,1.0 | 0.0,0,1,xls,medium,Some headers were missing; generated column_N names. Sampled first 52 non-empty rows from worksheet.
paper-1998-04,The Full Cost Of Intercity Highway Transportation,UPLOADED,/Users/dlev2617/Documents/Code/Agents/github-packages/UPLOADED/paper-1998-04-the-full-cost-of-intercity-highway-transportation,data/highway_full_cost_model/original_legacy/full_cost_project_c4/hwy92_original.xls,Master,MIDWEST,,numeric,51,0.0 | 1.0,0,1,xls,medium,Some headers were missing; generated column_N names. Sampled first 52 non-empty rows from worksheet.
paper-1998-04,The Full Cost Of Intercity Highway Transportation,UPLOADED,/Users/dlev2617/Documents/Code/Agents/github-packages/UPLOADED/paper-1998-04-the-full-cost-of-intercity-highway-transportation,data/highway_full_cost_model/original_legacy/full_cost_project_c4/hwy92_original.xls,Master,NORTHEAST,,numeric,51,0.0 | 1.0,0,1,xls,medium,Some headers were missing; generated column_N names. Sampled first 52 non-empty rows from worksheet.
paper-1998-04,The Full Cost Of Intercity Highway Transportation,UPLOADED,/Users/dlev2617/Documents/Code/Agents/github-packages/UPLOADED/paper-1998-04-the-full-cost-of-intercity-highway-transportation,data/highway_full_cost_model/original_legacy/full_cost_project_c4/hwy92_original.xls,Master,VMTRURINT,,numeric,51,4442.0 | 677.0 | 5110.0 | 3140.0 | 14322.0,0,14322,xls,medium,Some headers were missing; generated column_N names. Sampled first 52 non-empty rows from worksheet.
paper-1998-04,The Full Cost Of Intercity Highway Transportation,UPLOADED,/Users/dlev2617/Documents/Code/Agents/github-packages/UPLOADED/paper-1998-04-the-full-cost-of-intercity-highway-transportation,data/highway_full_cost_model/original_legacy/full_cost_project_c4/hwy92_original.xls,Master,VMTRURLOC,,numeric,51,18361.0 | 1328.0 | 8678.0 | 11908.0 | 37875.0,0,44556,xls,medium,Some headers were missing; generated column_N names. Sampled first 52 non-empty rows from worksheet.
paper-1998-04,The Full Cost Of Intercity Highway Transportation,UPLOADED,/Users/dlev2617/Documents/Code/Agents/github-packages/UPLOADED/paper-1998-04-the-full-cost-of-intercity-highway-transportation,data/highway_full_cost_model/original_legacy/full_cost_project_c4/hwy92_original.xls,Master,VMTRURTOT,,numeric,51,22803.0 | 2005.0 | 13788.0 | 15048.0 | 52197.0,0,57168,xls,medium,Some headers were missing; generated column_N names. Sampled first 52 non-empty rows from worksheet.
paper-1998-04,The Full Cost Of Intercity Highway Transportation,UPLOADED,/Users/dlev2617/Documents/Code/Agents/github-packages/UPLOADED/paper-1998-04-the-full-cost-of-intercity-highway-transportation,data/highway_full_cost_model/original_legacy/full_cost_project_c4/hwy92_original.xls,Master,VMTURBINT,,numeric,51,4208.0 | 450.0 | 3003.0 | 1758.0 | 52566.0,184,52566,xls,medium,Some headers were missing; generated column_N names. Sampled first 52 non-empty rows from worksheet.
paper-1998-04,The Full Cost Of Intercity Highway Transportation,UPLOADED,/Users/dlev2617/Documents/Code/Agents/github-packages/UPLOADED/paper-1998-04-the-full-cost-of-intercity-highway-transportation,data/highway_full_cost_model/original_legacy/full_cost_project_c4/hwy92_original.xls,Master,VMTURBFWY,,numeric,51,326.0 | 0.0 | 1344.0 | 717.0 | 42332.0,0,42332,xls,medium,Some headers were missing; generated column_N names. Sampled first 52 non-empty rows from worksheet.
paper-1998-04,The Full Cost Of Intercity Highway Transportation,UPLOADED,/Users/dlev2617/Documents/Code/Agents/github-packages/UPLOADED/paper-1998-04-the-full-cost-of-intercity-highway-transportation,data/highway_full_cost_model/original_legacy/full_cost_project_c4/hwy92_original.xls,Master,VMTURBLOC,,numeric,51,18425.0 | 1386.0 | 16912.0 | 5558.0 | 115453.0,1294,115453,xls,medium,Some headers were missing; generated column_N names. Sampled first 52 non-empty rows from worksheet.
paper-1998-04,The Full Cost Of Intercity Highway Transportation,UPLOADED,/Users/dlev2617/Documents/Code/Agents/github-packages/UPLOADED/paper-1998-04-the-full-cost-of-intercity-highway-transportation,data/highway_full_cost_model/original_legacy/full_cost_project_c4/hwy92_original.xls,Master,VMTURBTOT,,numeric,51,22959.0 | 1836.0 | 21259.0 | 8033.0 | 210351.0,1540,210351,xls,medium,Some headers were missing; generated column_N names. Sampled first 52 non-empty rows from worksheet.
paper-1998-04,The Full Cost Of Intercity Highway Transportation,UPLOADED,/Users/dlev2617/Documents/Code/Agents/github-packages/UPLOADED/paper-1998-04-the-full-cost-of-intercity-highway-transportation,data/highway_full_cost_model/original_legacy/full_cost_project_c4/hwy92_original.xls,Master,CSTADMHWY,,numeric,51,372518.0 | 213000.0 | 488274.0 | 325826.0 | 2089004.0,0,2089004,xls,medium,Some headers were missing; generated column_N names. Sampled first 52 non-empty rows from worksheet.
paper-1998-04,The Full Cost Of Intercity Highway Transportation,UPLOADED,/Users/dlev2617/Documents/Code/Agents/github-packages/UPLOADED/paper-1998-04-the-full-cost-of-intercity-highway-transportation,data/highway_full_cost_model/original_legacy/full_cost_project_c4/hwy92_original.xls,Master,CLOCADMRD,,numeric,51,42839.0 | 60888.0 | 205236.0 | 72239.0 | 1700434.0,3375,1700434,xls,medium,Some headers were missing; generated column_N names. Sampled first 52 non-empty rows from worksheet.
paper-1998-04,The Full Cost Of Intercity Highway Transportation,UPLOADED,/Users/dlev2617/Documents/Code/Agents/github-packages/UPLOADED/paper-1998-04-the-full-cost-of-intercity-highway-transportation,data/highway_full_cost_model/original_legacy/full_cost_project_c4/hwy92_original.xls,Master,CFEDROAD,,numeric,51,974.0 | 4942.0 | 19046.0 | 868.0 | 15983.0,0,34598,xls,medium,Some headers were missing; generated column_N names. Sampled first 52 non-empty rows from worksheet.
paper-1998-04,The Full Cost Of Intercity Highway Transportation,UPLOADED,/Users/dlev2617/Documents/Code/Agents/github-packages/UPLOADED/paper-1998-04-the-full-cost-of-intercity-highway-transportation,data/highway_full_cost_model/original_legacy/full_cost_project_c4/hwy92_original.xls,Master,CTOTAL,,numeric,51,416331.0 | 278830.0 | 712556.0 | 398933.0 | 3805421.0,106218,3805421,xls,medium,Some headers were missing; generated column_N names. Sampled first 52 non-empty rows from worksheet.
paper-1998-04,The Full Cost Of Intercity Highway Transportation,UPLOADED,/Users/dlev2617/Documents/Code/Agents/github-packages/UPLOADED/paper-1998-04-the-full-cost-of-intercity-highway-transportation,data/highway_full_cost_model/original_legacy/full_cost_project_c4/hwy92_original.xls,Master,MSTADMHWY,,numeric,51,134450.0 | 121900.0 | 68907.0 | 113232.0 | 511977.0,0,764351,xls,medium,Some headers were missing; generated column_N names. Sampled first 52 non-empty rows from worksheet.
paper-1998-04,The Full Cost Of Intercity Highway Transportation,UPLOADED,/Users/dlev2617/Documents/Code/Agents/github-packages/UPLOADED/paper-1998-04-the-full-cost-of-intercity-highway-transportation,data/highway_full_cost_model/original_legacy/full_cost_project_c4/hwy92_original.xls,Master,MLOCADMRD,,numeric,51,299897.0 | 34166.0 | 84516.0 | 130379.0 | 1474922.0,8148,1839465,xls,medium,Some headers were missing; generated column_N names. Sampled first 52 non-empty rows from worksheet.
paper-1998-04,The Full Cost Of Intercity Highway Transportation,UPLOADED,/Users/dlev2617/Documents/Code/Agents/github-packages/UPLOADED/paper-1998-04-the-full-cost-of-intercity-highway-transportation,data/highway_full_cost_model/original_legacy/full_cost_project_c4/hwy92_original.xls,Master,MREDROAD,,numeric,51,14.0 | 831.0 | 10641.0 | 310.0 | 1685.0,0,10641,xls,medium,Some headers were missing; generated column_N names. Sampled first 52 non-empty rows from worksheet.
paper-1998-04,The Full Cost Of Intercity Highway Transportation,UPLOADED,/Users/dlev2617/Documents/Code/Agents/github-packages/UPLOADED/paper-1998-04-the-full-cost-of-intercity-highway-transportation,data/highway_full_cost_model/original_legacy/full_cost_project_c4/hwy92_original.xls,Master,MTOTAL,,numeric,51,434361.0 | 156897.0 | 164064.0 | 243921.0 | 1988584.0,28536,2446441,xls,medium,Some headers were missing; generated column_N names. Sampled first 52 non-empty rows from worksheet.
paper-1998-04,The Full Cost Of Intercity Highway Transportation,UPLOADED,/Users/dlev2617/Documents/Code/Agents/github-packages/UPLOADED/paper-1998-04-the-full-cost-of-intercity-highway-transportation,data/highway_full_cost_model/original_legacy/full_cost_project_c4/hwy92_original.xls,Master,ADM_MISC,,numeric,51,72558.0 | 30088.0 | 70527.0 | 42524.0 | 1046908.0,9798,1046908,xls,medium,Some headers were missing; generated column_N names. Sampled first 52 non-empty rows from worksheet.
paper-1998-04,The Full Cost Of Intercity Highway Transportation,UPLOADED,/Users/dlev2617/Documents/Code/Agents/github-packages/UPLOADED/paper-1998-04-the-full-cost-of-intercity-highway-transportation,data/highway_full_cost_model/original_legacy/full_cost_project_c4/hwy92_original.xls,Master,LAW_SAFETY,,numeric,51,57359.0 | 40116.0 | 78446.0 | 45163.0 | 1182559.0,0,1182559,xls,medium,Some headers were missing; generated column_N names. Sampled first 52 non-empty rows from worksheet.
paper-1998-04,The Full Cost Of Intercity Highway Transportation,UPLOADED,/Users/dlev2617/Documents/Code/Agents/github-packages/UPLOADED/paper-1998-04-the-full-cost-of-intercity-highway-transportation,data/highway_full_cost_model/original_legacy/full_cost_project_c4/hwy92_original.xls,Master,INTEREST,,numeric,51,11128.0 | 13411.0 | 154305.0 | 661.0 | 58263.0,0,586457,xls,medium,Some headers were missing; generated column_N names. Sampled first 52 non-empty rows from worksheet.
paper-1998-04,The Full Cost Of Intercity Highway Transportation,UPLOADED,/Users/dlev2617/Documents/Code/Agents/github-packages/UPLOADED/paper-1998-04-the-full-cost-of-intercity-highway-transportation,data/highway_full_cost_model/original_legacy/full_cost_project_c4/hwy92_original.xls,Master,BONDRETIRE,,numeric,51,20436.0 | 21623.0 | 359239.0 | 449.0 | 35336.0,0,409463,xls,medium,Some headers were missing; generated column_N names. Sampled first 52 non-empty rows from worksheet.
paper-1998-04,The Full Cost Of Intercity Highway Transportation,UPLOADED,/Users/dlev2617/Documents/Code/Agents/github-packages/UPLOADED/paper-1998-04-the-full-cost-of-intercity-highway-transportation,data/highway_full_cost_model/original_legacy/full_cost_project_c4/hwy92_original.xls,Master,TOTALDISB,,numeric,51,1012173.0 | 540965.0 | 1539137.0 | 731651.0 | 8117071.0,253490,8117071,xls,medium,Some headers were missing; generated column_N names. Sampled first 52 non-empty rows from worksheet.
paper-1998-04,The Full Cost Of Intercity Highway Transportation,UPLOADED,/Users/dlev2617/Documents/Code/Agents/github-packages/UPLOADED/paper-1998-04-the-full-cost-of-intercity-highway-transportation,data/highway_full_cost_model/original_legacy/full_cost_project_c4/hwy92_original.xls,Master,PGOVSAL93,,numeric,51,25028.0 | 37943.0 | 24995.0 | 22793.0 | 33080.0,20777,43855,xls,medium,Some headers were missing; generated column_N names. Sampled first 52 non-empty rows from worksheet.
paper-1998-04,The Full Cost Of Intercity Highway Transportation,UPLOADED,/Users/dlev2617/Documents/Code/Agents/github-packages/UPLOADED/paper-1998-04-the-full-cost-of-intercity-highway-transportation,data/highway_full_cost_model/original_legacy/full_cost_project_c4/hwy92_original.xls,Master,PGOVSAL94,,numeric,51,26376.0 | 38889.0 | 25906.0 | 23336.0 | 33795.0,21643,46872,xls,medium,Some headers were missing; generated column_N names. Sampled first 52 non-empty rows from worksheet.
paper-1998-04,The Full Cost Of Intercity Highway Transportation,UPLOADED,/Users/dlev2617/Documents/Code/Agents/github-packages/UPLOADED/paper-1998-04-the-full-cost-of-intercity-highway-transportation,data/highway_full_cost_model/original_legacy/full_cost_project_c4/hwy92_original.xls,Master,PBITCONC93,,numeric,51,25.49 | 31.89 | 22.42 | 26.28 | 28.79,2.08,65.14,xls,medium,Some headers were missing; generated column_N names. Sampled first 52 non-empty rows from worksheet.
paper-1998-04,The Full Cost Of Intercity Highway Transportation,UPLOADED,/Users/dlev2617/Documents/Code/Agents/github-packages/UPLOADED/paper-1998-04-the-full-cost-of-intercity-highway-transportation,data/highway_full_cost_model/original_legacy/full_cost_project_c4/hwy92_original.xls,Master,PEXCAV93,,numeric,51,1.6 | 1.89 | 5.21 | 1.31 | 3.15,1.02,18.58,xls,medium,Some headers were missing; generated column_N names. Sampled first 52 non-empty rows from worksheet.
paper-1998-04,The Full Cost Of Intercity Highway Transportation,UPLOADED,/Users/dlev2617/Documents/Code/Agents/github-packages/UPLOADED/paper-1998-04-the-full-cost-of-intercity-highway-transportation,data/highway_full_cost_model/original_legacy/full_cost_project_c4/hwy92_original.xls,Master,PREINFSTL93,,numeric,51,0.419 | 0.464 | 0.354 | 0.544 | 0.414,0.322,0.811,xls,medium,Some headers were missing; generated column_N names. Sampled first 52 non-empty rows from worksheet.
paper-1998-04,The Full Cost Of Intercity Highway Transportation,UPLOADED,/Users/dlev2617/Documents/Code/Agents/github-packages/UPLOADED/paper-1998-04-the-full-cost-of-intercity-highway-transportation,data/highway_full_cost_model/original_legacy/full_cost_project_c4/hwy92_original.xls,Master,PSTRUCTSTL93,,numeric,51,0.862 | 1.161 | 1.62 | 0.674 | 1.07,0.47,2.241,xls,medium,Some headers were missing; generated column_N names. Sampled first 52 non-empty rows from worksheet.
paper-1998-04,The Full Cost Of Intercity Highway Transportation,UPLOADED,/Users/dlev2617/Documents/Code/Agents/github-packages/UPLOADED/paper-1998-04-the-full-cost-of-intercity-highway-transportation,data/highway_full_cost_model/original_legacy/full_cost_project_c4/hwy92_original.xls,Master,PSTRUCCON93,,numeric,51,217.9 | 855.03 | 206.73 | 259.97 | 256.86,93.8,855.03,xls,medium,Some headers were missing; generated column_N names. Sampled first 52 non-empty rows from worksheet.
paper-1998-04,The Full Cost Of Intercity Highway Transportation,UPLOADED,/Users/dlev2617/Documents/Code/Agents/github-packages/UPLOADED/paper-1998-04-the-full-cost-of-intercity-highway-transportation,data/highway_full_cost_model/original_legacy/full_cost_project_c4/hwy92_original.xls,Master,POP90(THSD),,numeric,51,4089.0 | 570.0 | 3750.0 | 2372.0 | 30380.0,460,30380,xls,medium,Some headers were missing; generated column_N names. Sampled first 52 non-empty rows from worksheet.
paper-1998-04,The Full Cost Of Intercity Highway Transportation,UPLOADED,/Users/dlev2617/Documents/Code/Agents/github-packages/UPLOADED/paper-1998-04-the-full-cost-of-intercity-highway-transportation,data/highway_full_cost_model/original_legacy/full_cost_project_c4/hwy92_original.xls,Master,SQMILES,,numeric,51,52423.0 | 591004.0 | 114006.0 | 53182.0 | 163707.0,67,591004,xls,medium,Some headers were missing; generated column_N names. Sampled first 52 non-empty rows from worksheet.
paper-1998-04,The Full Cost Of Intercity Highway Transportation,UPLOADED,/Users/dlev2617/Documents/Code/Agents/github-packages/UPLOADED/paper-1998-04-the-full-cost-of-intercity-highway-transportation,data/highway_full_cost_model/original_legacy/full_cost_project_c4/hwy92_original.xls,Master,POPDENS=LAND,,numeric,51,78.00011445357954 | 0.9644604774248566 | 32.89300563128256 | 44.601556917754124 | 185.57544882014818,0.964460477425,8925.37313433,xls,medium,Some headers were missing; generated column_N names. Sampled first 52 non-empty rows from worksheet.
paper-1998-04,The Full Cost Of Intercity Highway Transportation,UPLOADED,/Users/dlev2617/Documents/Code/Agents/github-packages/UPLOADED/paper-1998-04-the-full-cost-of-intercity-highway-transportation,data/highway_full_cost_model/original_legacy/full_cost_project_c4/hwy92_original.xls,Master,BONDRATE (Moody's),,text,51,AA | X | A1 | AA1 | AAA,,,xls,medium,Some headers were missing; generated column_N names. Sampled first 52 non-empty rows from worksheet.
paper-1998-04,The Full Cost Of Intercity Highway Transportation,UPLOADED,/Users/dlev2617/Documents/Code/Agents/github-packages/UPLOADED/paper-1998-04-the-full-cost-of-intercity-highway-transportation,data/highway_full_cost_model/original_legacy/full_cost_project_c4/hwy92_original.xls,URB_EXP_93,column_1,,text,54,STATE | Alabama | Alaska | Arizona | Arkansas,,,xls,medium,Some headers were missing; generated column_N names. Sampled first 59 non-empty rows from worksheet.
paper-1998-04,The Full Cost Of Intercity Highway Transportation,UPLOADED,/Users/dlev2617/Documents/Code/Agents/github-packages/UPLOADED/paper-1998-04-the-full-cost-of-intercity-highway-transportation,data/highway_full_cost_model/original_legacy/full_cost_project_c4/hwy92_original.xls,URB_EXP_93,"STATE HIGHWAY AGENCY CAPITAL OUTLAY AND MAINTENANCE - 1993, Table SF-12 p.IV-67-64",,mixed_numeric_text,57,CAPITAL | URBAN | INTERSTATE | CAPURBINT | 125348.0,,,xls,medium,Some headers were missing; generated column_N names. Sampled first 59 non-empty rows from worksheet.
paper-1998-04,The Full Cost Of Intercity Highway Transportation,UPLOADED,/Users/dlev2617/Documents/Code/Agents/github-packages/UPLOADED/paper-1998-04-the-full-cost-of-intercity-highway-transportation,data/highway_full_cost_model/original_legacy/full_cost_project_c4/hwy92_original.xls,URB_EXP_93,column_3,,mixed_numeric_text,57,(thousands of dollars) | URBAN | LOCAL | CAPURBLOC | 77005.0,,,xls,medium,Some headers were missing; generated column_N names. Sampled first 59 non-empty rows from worksheet.
paper-1998-04,The Full Cost Of Intercity Highway Transportation,UPLOADED,/Users/dlev2617/Documents/Code/Agents/github-packages/UPLOADED/paper-1998-04-the-full-cost-of-intercity-highway-transportation,data/highway_full_cost_model/original_legacy/full_cost_project_c4/hwy92_original.xls,URB_EXP_93,column_4,,mixed_numeric_text,56,URBAN | TOTAL | CAPURBTOT | 202353.0 | 106676.0,,,xls,medium,Some headers were missing; generated column_N names. Sampled first 59 non-empty rows from worksheet.
paper-1998-04,The Full Cost Of Intercity Highway Transportation,UPLOADED,/Users/dlev2617/Documents/Code/Agents/github-packages/UPLOADED/paper-1998-04-the-full-cost-of-intercity-highway-transportation,data/highway_full_cost_model/original_legacy/full_cost_project_c4/hwy92_original.xls,URB_EXP_93,column_5,,mixed_numeric_text,57,MAINTENANCE | URBAN | INTERSTATE | MNTURBINT | 7008.0,,,xls,medium,Some headers were missing; generated column_N names. Sampled first 59 non-empty rows from worksheet.
paper-1998-04,The Full Cost Of Intercity Highway Transportation,UPLOADED,/Users/dlev2617/Documents/Code/Agents/github-packages/UPLOADED/paper-1998-04-the-full-cost-of-intercity-highway-transportation,data/highway_full_cost_model/original_legacy/full_cost_project_c4/hwy92_original.xls,URB_EXP_93,column_6,,mixed_numeric_text,56,URBAN | LOCAL | MNTURBLOC | 87510.0 | 19907.0,,,xls,medium,Some headers were missing; generated column_N names. Sampled first 59 non-empty rows from worksheet.
paper-1998-04,The Full Cost Of Intercity Highway Transportation,UPLOADED,/Users/dlev2617/Documents/Code/Agents/github-packages/UPLOADED/paper-1998-04-the-full-cost-of-intercity-highway-transportation,data/highway_full_cost_model/original_legacy/full_cost_project_c4/hwy92_original.xls,URB_EXP_93,column_7,,mixed_numeric_text,56,URBAN | TOTAL | MNTURBTOT | 94518.0 | 21276.0,,,xls,medium,Some headers were missing; generated column_N names. Sampled first 59 non-empty rows from worksheet.
paper-1998-04,The Full Cost Of Intercity Highway Transportation,UPLOADED,/Users/dlev2617/Documents/Code/Agents/github-packages/UPLOADED/paper-1998-04-the-full-cost-of-intercity-highway-transportation,data/highway_full_cost_model/original_legacy/full_cost_project_c4/hwy92_original.xls,TOT_EXP_93,column_1,,text,54,STATE | Alabama | Alaska | Arizona | Arkansas,,,xls,medium,Some headers were missing; generated column_N names. Sampled first 59 non-empty rows from worksheet.
paper-1998-04,The Full Cost Of Intercity Highway Transportation,UPLOADED,/Users/dlev2617/Documents/Code/Agents/github-packages/UPLOADED/paper-1998-04-the-full-cost-of-intercity-highway-transportation,data/highway_full_cost_model/original_legacy/full_cost_project_c4/hwy92_original.xls,TOT_EXP_93,"STATE HIGHWAY AGENCY CAPITAL OUTLAY AND MAINTENANCE - 1993, Table SF-12 p.IV-67",,mixed_numeric_text,56,CAPITAL | TOTAL (RUR+URB) | INTERSTATE | CAPTOTINT | 154832.0,,,xls,medium,Some headers were missing; generated column_N names. Sampled first 59 non-empty rows from worksheet.
paper-1998-04,The Full Cost Of Intercity Highway Transportation,UPLOADED,/Users/dlev2617/Documents/Code/Agents/github-packages/UPLOADED/paper-1998-04-the-full-cost-of-intercity-highway-transportation,data/highway_full_cost_model/original_legacy/full_cost_project_c4/hwy92_original.xls,TOT_EXP_93,column_3,,mixed_numeric_text,56,(thousands of dollars) | TOTAL | LOCAL | CAPTOTLOC | 315400.0,,,xls,medium,Some headers were missing; generated column_N names. Sampled first 59 non-empty rows from worksheet.
paper-1998-04,The Full Cost Of Intercity Highway Transportation,UPLOADED,/Users/dlev2617/Documents/Code/Agents/github-packages/UPLOADED/paper-1998-04-the-full-cost-of-intercity-highway-transportation,data/highway_full_cost_model/original_legacy/full_cost_project_c4/hwy92_original.xls,TOT_EXP_93,column_4,,mixed_numeric_text,55,TOTAL | CAPTOTTOT | 470232.0 | 242000.0 | 480799.0,,,xls,medium,Some headers were missing; generated column_N names. Sampled first 59 non-empty rows from worksheet.
paper-1998-04,The Full Cost Of Intercity Highway Transportation,UPLOADED,/Users/dlev2617/Documents/Code/Agents/github-packages/UPLOADED/paper-1998-04-the-full-cost-of-intercity-highway-transportation,data/highway_full_cost_model/original_legacy/full_cost_project_c4/hwy92_original.xls,TOT_EXP_93,column_5,,mixed_numeric_text,56,MAINTENANCE | TOTAL | INTERSTATE | MNTTOTINT | 14420.0,,,xls,medium,Some headers were missing; generated column_N names. Sampled first 59 non-empty rows from worksheet.
paper-1998-04,The Full Cost Of Intercity Highway Transportation,UPLOADED,/Users/dlev2617/Documents/Code/Agents/github-packages/UPLOADED/paper-1998-04-the-full-cost-of-intercity-highway-transportation,data/highway_full_cost_model/original_legacy/full_cost_project_c4/hwy92_original.xls,TOT_EXP_93,column_6,,mixed_numeric_text,55,TOTAL | LOCAL | MNTTOTLOC | 143448.0 | 28287.0,,,xls,medium,Some headers were missing; generated column_N names. Sampled first 59 non-empty rows from worksheet.
paper-1998-04,The Full Cost Of Intercity Highway Transportation,UPLOADED,/Users/dlev2617/Documents/Code/Agents/github-packages/UPLOADED/paper-1998-04-the-full-cost-of-intercity-highway-transportation,data/highway_full_cost_model/original_legacy/full_cost_project_c4/hwy92_original.xls,TOT_EXP_93,column_7,,mixed_numeric_text,55,TOTAL | MNTTOTTOT | 157868.0 | 33400.0 | 68839.0,,,xls,medium,Some headers were missing; generated column_N names. Sampled first 59 non-empty rows from worksheet.
paper-1998-04,The Full Cost Of Intercity Highway Transportation,UPLOADED,/Users/dlev2617/Documents/Code/Agents/github-packages/UPLOADED/paper-1998-04-the-full-cost-of-intercity-highway-transportation,data/highway_full_cost_model/original_legacy/full_cost_project_c4/hwy92_original.xls,LRTE.SRTE,State,,text,53,Alabama | Alaska | Arizona | Arkansas | California,,,xls,medium,Some headers were missing; generated column_N names. Sampled first 55 non-empty rows from worksheet.
paper-1998-04,The Full Cost Of Intercity Highway Transportation,UPLOADED,/Users/dlev2617/Documents/Code/Agents/github-packages/UPLOADED/paper-1998-04-the-full-cost-of-intercity-highway-transportation,data/highway_full_cost_model/original_legacy/full_cost_project_c4/hwy92_original.xls,LRTE.SRTE,LRTE,,numeric,53,838159.7319999998 | 103604.0 | 718978.26 | 479553.448 | 5321960.964,0,59065592.456,xls,medium,Some headers were missing; generated column_N names. Sampled first 55 non-empty rows from worksheet.
paper-1998-04,The Full Cost Of Intercity Highway Transportation,UPLOADED,/Users/dlev2617/Documents/Code/Agents/github-packages/UPLOADED/paper-1998-04-the-full-cost-of-intercity-highway-transportation,data/highway_full_cost_model/original_legacy/full_cost_project_c4/hwy92_original.xls,LRTE.SRTE,LRTE-model,,numeric,53,881513.8985368616 | 134812.0253154936 | 643881.5825233845 | 472258.6389823504 | 4425388.928991589,0,4425388.92899,xls,medium,Some headers were missing; generated column_N names. Sampled first 55 non-empty rows from worksheet.
paper-1998-04,The Full Cost Of Intercity Highway Transportation,UPLOADED,/Users/dlev2617/Documents/Code/Agents/github-packages/UPLOADED/paper-1998-04-the-full-cost-of-intercity-highway-transportation,data/highway_full_cost_model/original_legacy/full_cost_project_c4/hwy92_original.xls,LRTE.SRTE,column_4,,empty,0,,,,xls,medium,Some headers were missing; generated column_N names. Sampled first 55 non-empty rows from worksheet.
paper-1998-04,The Full Cost Of Intercity Highway Transportation,UPLOADED,/Users/dlev2617/Documents/Code/Agents/github-packages/UPLOADED/paper-1998-04-the-full-cost-of-intercity-highway-transportation,data/highway_full_cost_model/original_legacy/full_cost_project_c4/hwy92_original.xls,LRTE.SRTE,column_5,,text,51,Alabama | Alaska | Arizona | Arkansas | California,,,xls,medium,Some headers were missing; generated column_N names. Sampled first 55 non-empty rows from worksheet.
paper-1998-04,The Full Cost Of Intercity Highway Transportation,UPLOADED,/Users/dlev2617/Documents/Code/Agents/github-packages/UPLOADED/paper-1998-04-the-full-cost-of-intercity-highway-transportation,data/highway_full_cost_model/original_legacy/full_cost_project_c4/hwy92_original.xls,LRTE.SRTE,SRTE,,numeric,53,287785.0 | 103604.0 | 217812.0 | 181099.0 | 2571927.0,0,20984828,xls,medium,Some headers were missing; generated column_N names. Sampled first 55 non-empty rows from worksheet.
paper-1998-04,The Full Cost Of Intercity Highway Transportation,UPLOADED,/Users/dlev2617/Documents/Code/Agents/github-packages/UPLOADED/paper-1998-04-the-full-cost-of-intercity-highway-transportation,data/highway_full_cost_model/original_legacy/full_cost_project_c4/hwy92_original.xls,LRTE.SRTE,SRTE-model,,numeric,53,347370.62611784245 | 25683.79528110808 | 218321.9806989034 | 176551.29658217935 | 1891712.413572503,0,1891712.41357,xls,medium,Some headers were missing; generated column_N names. Sampled first 55 non-empty rows from worksheet.
paper-1998-04,The Full Cost Of Intercity Highway Transportation,UPLOADED,/Users/dlev2617/Documents/Code/Agents/github-packages/UPLOADED/paper-1998-04-the-full-cost-of-intercity-highway-transportation,data/highway_full_cost_model/original_legacy/full_cost_project_c4/hwy92_original.xls,Model,State,,text,53,Alabama | Alaska | Arizona | Arkansas | California,,,xls,medium,Some headers were missing; generated column_N names. Sampled first 56 non-empty rows from worksheet.
paper-1998-04,The Full Cost Of Intercity Highway Transportation,UPLOADED,/Users/dlev2617/Documents/Code/Agents/github-packages/UPLOADED/paper-1998-04-the-full-cost-of-intercity-highway-transportation,data/highway_full_cost_model/original_legacy/full_cost_project_c4/hwy92_original.xls,Model,LRMC-Auto ($/mi),,numeric,53,0.01680984708895371 | 0.023545345567946418 | 0.020102933014762413 | 0.018252041025573602 | 0.010915190355985474,0.00715552371236,0.0331146891524,xls,medium,Some headers were missing; generated column_N names. Sampled first 56 non-empty rows from worksheet.
paper-1998-04,The Full Cost Of Intercity Highway Transportation,UPLOADED,/Users/dlev2617/Documents/Code/Agents/github-packages/UPLOADED/paper-1998-04-the-full-cost-of-intercity-highway-transportation,data/highway_full_cost_model/original_legacy/full_cost_project_c4/hwy92_original.xls,Model,LRMC-Comb,,numeric,53,0.03556486535328359 | 0.031100904663105756 | 0.01978277470876416 | 0.040943017735124695 | 0.03788529083968298,0.0186696777868,0.194186658736,xls,medium,Some headers were missing; generated column_N names. Sampled first 56 non-empty rows from worksheet.
paper-1998-04,The Full Cost Of Intercity Highway Transportation,UPLOADED,/Users/dlev2617/Documents/Code/Agents/github-packages/UPLOADED/paper-1998-04-the-full-cost-of-intercity-highway-transportation,data/highway_full_cost_model/original_legacy/full_cost_project_c4/hwy92_original.xls,Model,LRMC-Sing,,numeric,53,0.0220343068688748 | 0.42880868050233445 | 0.04219772252031108 | 0.01785658966078093 | 0.0748264359745012,0.0178565896608,1.33888105149,xls,medium,Some headers were missing; generated column_N names. Sampled first 56 non-empty rows from worksheet.
paper-1998-04,The Full Cost Of Intercity Highway Transportation,UPLOADED,/Users/dlev2617/Documents/Code/Agents/github-packages/UPLOADED/paper-1998-04-the-full-cost-of-intercity-highway-transportation,data/highway_full_cost_model/original_legacy/full_cost_project_c4/hwy92_original.xls,Model,LRMC-Truck,,numeric,53,0.027958160178900664 | 0.05279698687391189 | 0.025871786307763524 | 0.02603134203960601 | 0.04849251255561317,0.0201319421801,0.312603320056,xls,medium,Some headers were missing; generated column_N names. Sampled first 56 non-empty rows from worksheet.
paper-1998-04,The Full Cost Of Intercity Highway Transportation,UPLOADED,/Users/dlev2617/Documents/Code/Agents/github-packages/UPLOADED/paper-1998-04-the-full-cost-of-intercity-highway-transportation,data/highway_full_cost_model/original_legacy/full_cost_project_c4/hwy92_original.xls,Model,column_6,,empty,0,,,,xls,medium,Some headers were missing; generated column_N names. Sampled first 56 non-empty rows from worksheet.
paper-1998-04,The Full Cost Of Intercity Highway Transportation,UPLOADED,/Users/dlev2617/Documents/Code/Agents/github-packages/UPLOADED/paper-1998-04-the-full-cost-of-intercity-highway-transportation,data/highway_full_cost_model/original_legacy/full_cost_project_c4/hwy92_original.xls,Model,State_2,,text,53,Alabama | Alaska | Arizona | Arkansas | California,,,xls,medium,Some headers were missing; generated column_N names. Sampled first 56 non-empty rows from worksheet.
paper-1998-04,The Full Cost Of Intercity Highway Transportation,UPLOADED,/Users/dlev2617/Documents/Code/Agents/github-packages/UPLOADED/paper-1998-04-the-full-cost-of-intercity-highway-transportation,data/highway_full_cost_model/original_legacy/full_cost_project_c4/hwy92_original.xls,Model,SRMC-Auto,,numeric,52,0.008076776234387958 | 0.006460250247788103 | 0.007318457863958263 | 0.008620654030501258 | 0.005957941602280557,0.00323497249521,0.0106805817463,xls,medium,Some headers were missing; generated column_N names. Sampled first 56 non-empty rows from worksheet.
paper-1998-04,The Full Cost Of Intercity Highway Transportation,UPLOADED,/Users/dlev2617/Documents/Code/Agents/github-packages/UPLOADED/paper-1998-04-the-full-cost-of-intercity-highway-transportation,data/highway_full_cost_model/original_legacy/full_cost_project_c4/hwy92_original.xls,Model,SRMC-Comb,,numeric,52,0.0001322433052238051 | 6.60016756692749e-05 | 5.574115005738787e-05 | 0.00014961876077169384 | 0.00016010438487430384,5.57411500574e-05,0.000715492121449,xls,medium,Some headers were missing; generated column_N names. Sampled first 56 non-empty rows from worksheet.
paper-1998-04,The Full Cost Of Intercity Highway Transportation,UPLOADED,/Users/dlev2617/Documents/Code/Agents/github-packages/UPLOADED/paper-1998-04-the-full-cost-of-intercity-highway-transportation,data/highway_full_cost_model/original_legacy/full_cost_project_c4/hwy92_original.xls,Model,SRMC-Sing,,numeric,52,0.007587527923218558 | 0.08264690402452354 | 0.010972922187845584 | 0.006033554168431791 | 0.02931200133145403,0.00494010438859,0.311912323587,xls,medium,Some headers were missing; generated column_N names. Sampled first 56 non-empty rows from worksheet.
paper-1998-04,The Full Cost Of Intercity Highway Transportation,UPLOADED,/Users/dlev2617/Documents/Code/Agents/github-packages/UPLOADED/paper-1998-04-the-full-cost-of-intercity-highway-transportation,data/highway_full_cost_model/original_legacy/full_cost_project_c4/hwy92_original.xls,Model,SRMC-Truck,,numeric,52,0.004323508000287577 | 0.00457102308899858 | 0.003021389008189992 | 0.0039500913297574845 | 0.008530733752854265,0.00255137292756,0.0327161815171,xls,medium,Some headers were missing; generated column_N names. Sampled first 56 non-empty rows from worksheet.
paper-1998-04,The Full Cost Of Intercity Highway Transportation,UPLOADED,/Users/dlev2617/Documents/Code/Agents/github-packages/UPLOADED/paper-1998-04-the-full-cost-of-intercity-highway-transportation,data/highway_full_cost_model/original_legacy/full_cost_project_c4/hwy92_original.xls,Model,LRTE,,numeric,53,838159.7319999998 | 103604.0 | 718978.26 | 479553.448 | 5321960.964,15,59065592.456,xls,medium,Some headers were missing; generated column_N names. Sampled first 56 non-empty rows from worksheet.
paper-1998-04,The Full Cost Of Intercity Highway Transportation,UPLOADED,/Users/dlev2617/Documents/Code/Agents/github-packages/UPLOADED/paper-1998-04-the-full-cost-of-intercity-highway-transportation,data/highway_full_cost_model/original_legacy/full_cost_project_c4/hwy92_original.xls,Model,SRTE,,numeric,53,287785.0 | 103604.0 | 217812.0 | 181099.0 | 2571927.0,0,20984828,xls,medium,Some headers were missing; generated column_N names. Sampled first 56 non-empty rows from worksheet.
paper-1998-04,The Full Cost Of Intercity Highway Transportation,UPLOADED,/Users/dlev2617/Documents/Code/Agents/github-packages/UPLOADED/paper-1998-04-the-full-cost-of-intercity-highway-transportation,data/highway_full_cost_model/original_legacy/full_cost_project_c4/hwy92_original.xls,Model,"LRTE = 71,682 Nl 0.183 Nw -0.643 Pk 1.92 Pl 1.176 Pm 0.0445 Ya 0.450 Yc 0.103 Ys 0.149",,numeric,53,881513.8985368616 | 134812.0253154936 | 643881.5825233845 | 472258.6389823504 | 4425388.928991589,15,4425388.92899,xls,medium,Some headers were missing; generated column_N names. Sampled first 56 non-empty rows from worksheet.
paper-1998-04,The Full Cost Of Intercity Highway Transportation,UPLOADED,/Users/dlev2617/Documents/Code/Agents/github-packages/UPLOADED/paper-1998-04-the-full-cost-of-intercity-highway-transportation,data/highway_full_cost_model/original_legacy/full_cost_project_c4/hwy92_original.xls,Model,SRTE = 73.99 Nl 0.126 Nw -0.326 Pk 0.473 Pl 0.605 Pm -0.0271 Ya 0.685 Yc 0.00271 Ys 0.193,,numeric,53,347370.62611784245 | 25683.79528110808 | 218321.9806989034 | 176551.29658217935 | 1891712.413572503,15,1891712.41357,xls,medium,Some headers were missing; generated column_N names. Sampled first 56 non-empty rows from worksheet.
paper-1998-04,The Full Cost Of Intercity Highway Transportation,UPLOADED,/Users/dlev2617/Documents/Code/Agents/github-packages/UPLOADED/paper-1998-04-the-full-cost-of-intercity-highway-transportation,data/highway_full_cost_model/original_legacy/full_cost_project_c4/hwy92_original.xls,Model,Nl,,numeric,53,92209.0 | 13849.0 | 55763.0 | 77192.0 | 169201.0,1107,3904721,xls,medium,Some headers were missing; generated column_N names. Sampled first 56 non-empty rows from worksheet.
paper-1998-04,The Full Cost Of Intercity Highway Transportation,UPLOADED,/Users/dlev2617/Documents/Code/Agents/github-packages/UPLOADED/paper-1998-04-the-full-cost-of-intercity-highway-transportation,data/highway_full_cost_model/original_legacy/full_cost_project_c4/hwy92_original.xls,Model,Nw,,numeric,52,3.010888192033668 | 3.0816567186881727 | 3.0278834740114102 | 3.0092514089355715 | 3.0585428437290574,3,3.08165671869,xls,medium,Some headers were missing; generated column_N names. Sampled first 56 non-empty rows from worksheet.
paper-1998-04,The Full Cost Of Intercity Highway Transportation,UPLOADED,/Users/dlev2617/Documents/Code/Agents/github-packages/UPLOADED/paper-1998-04-the-full-cost-of-intercity-highway-transportation,data/highway_full_cost_model/original_legacy/full_cost_project_c4/hwy92_original.xls,Model,Pk,,numeric,54,0.0515 | 0.0525 | 0.0535 | 0.0495 | 0.0475,0.0475,42,xls,medium,Some headers were missing; generated column_N names. Sampled first 56 non-empty rows from worksheet.
paper-1998-04,The Full Cost Of Intercity Highway Transportation,UPLOADED,/Users/dlev2617/Documents/Code/Agents/github-packages/UPLOADED/paper-1998-04-the-full-cost-of-intercity-highway-transportation,data/highway_full_cost_model/original_legacy/full_cost_project_c4/hwy92_original.xls,Model,Pl,,numeric,54,0.9212335193466343 | 1.3966103334093554 | 0.9200188515290524 | 0.8389673807922261 | 1.2176124668366095,0,1.61421991333,xls,medium,Some headers were missing; generated column_N names. Sampled first 56 non-empty rows from worksheet.
paper-1998-04,The Full Cost Of Intercity Highway Transportation,UPLOADED,/Users/dlev2617/Documents/Code/Agents/github-packages/UPLOADED/paper-1998-04-the-full-cost-of-intercity-highway-transportation,data/highway_full_cost_model/original_legacy/full_cost_project_c4/hwy92_original.xls,Model,Pm,,numeric,52,1.355130249867092 | 1.6953748006379588 | 1.191919191919192 | 1.397129186602871 | 1.53056884635832,0.110579479001,3.46305156831,xls,medium,Some headers were missing; generated column_N names. Sampled first 56 non-empty rows from worksheet.
paper-1998-04,The Full Cost Of Intercity Highway Transportation,UPLOADED,/Users/dlev2617/Documents/Code/Agents/github-packages/UPLOADED/paper-1998-04-the-full-cost-of-intercity-highway-transportation,data/highway_full_cost_model/original_legacy/full_cost_project_c4/hwy92_original.xls,Model,Ya,,numeric,53,29460.873 | 2723.331 | 20434.709000000003 | 14028.823999999999 | 217495.083,2723.331,1669617.037,xls,medium,Some headers were missing; generated column_N names. Sampled first 56 non-empty rows from worksheet.
paper-1998-04,The Full Cost Of Intercity Highway Transportation,UPLOADED,/Users/dlev2617/Documents/Code/Agents/github-packages/UPLOADED/paper-1998-04-the-full-cost-of-intercity-highway-transportation,data/highway_full_cost_model/original_legacy/full_cost_project_c4/hwy92_original.xls,Model,Yc,,numeric,53,7136.843999999999 | 1056.6970000000001 | 10642.868 | 3205.3160000000003 | 32116.494,92.612,374971.495,xls,medium,Some headers were missing; generated column_N names. Sampled first 56 non-empty rows from worksheet.
paper-1998-04,The Full Cost Of Intercity Highway Transportation,UPLOADED,/Users/dlev2617/Documents/Code/Agents/github-packages/UPLOADED/paper-1998-04-the-full-cost-of-intercity-highway-transportation,data/highway_full_cost_model/original_legacy/full_cost_project_c4/hwy92_original.xls,Model,Ys,,numeric,53,9164.283 | 60.97200000000012 | 3969.422999999999 | 5846.86 | 12936.422999999999,10.686,249407.45,xls,medium,Some headers were missing; generated column_N names. Sampled first 56 non-empty rows from worksheet.
paper-1998-04,The Full Cost Of Intercity Highway Transportation,UPLOADED,/Users/dlev2617/Documents/Code/Agents/github-packages/UPLOADED/paper-1998-04-the-full-cost-of-intercity-highway-transportation,data/highway_full_cost_model/original_legacy/full_cost_project_c4/hwy92_original.xls,N-Size,State,,text,53,Alabama | Alaska | Arizona | Arkansas | California,,,xls,medium,Headers inferred from first row. Sampled first 55 non-empty rows from worksheet.
paper-1998-04,The Full Cost Of Intercity Highway Transportation,UPLOADED,/Users/dlev2617/Documents/Code/Agents/github-packages/UPLOADED/paper-1998-04-the-full-cost-of-intercity-highway-transportation,data/highway_full_cost_model/original_legacy/full_cost_project_c4/hwy92_original.xls,N-Size,L - Total Miles,,numeric,53,92209.0 | 13849.0 | 55763.0 | 77192.0 | 169201.0,1107,3904721,xls,medium,Headers inferred from first row. Sampled first 55 non-empty rows from worksheet.
paper-1998-04,The Full Cost Of Intercity Highway Transportation,UPLOADED,/Users/dlev2617/Documents/Code/Agents/github-packages/UPLOADED/paper-1998-04-the-full-cost-of-intercity-highway-transportation,data/highway_full_cost_model/original_legacy/full_cost_project_c4/hwy92_original.xls,N-Size,L - % Freeway,,numeric,52,0.009977334099708272 | 0.07632320023106362 | 0.022577694887290854 | 0.008252150481915225 | 0.022553058197055574,0.00530732886022,0.0763232002311,xls,medium,Headers inferred from first row. Sampled first 55 non-empty rows from worksheet.
paper-1998-04,The Full Cost Of Intercity Highway Transportation,UPLOADED,/Users/dlev2617/Documents/Code/Agents/github-packages/UPLOADED/paper-1998-04-the-full-cost-of-intercity-highway-transportation,data/highway_full_cost_model/original_legacy/full_cost_project_c4/hwy92_original.xls,N-Size,L - % Urban,,numeric,52,0.21018555672439784 | 0.12578525525308687 | 0.29302584150780986 | 0.09839102497668152 | 0.4790810929013422,0.0209623300702,1,xls,medium,Headers inferred from first row. Sampled first 55 non-empty rows from worksheet.
paper-1998-04,The Full Cost Of Intercity Highway Transportation,UPLOADED,/Users/dlev2617/Documents/Code/Agents/github-packages/UPLOADED/paper-1998-04-the-full-cost-of-intercity-highway-transportation,data/highway_full_cost_model/original_legacy/full_cost_project_c4/hwy92_original.xls,N-Size,W - % UrbFwy > 4 lanes,,numeric,52,0.1447811447811448 | 0.18518518518518517 | 0.26732673267326734 | 0.3435114503816794 | 0.8809746954076851,0,0.880974695408,xls,medium,Headers inferred from first row. Sampled first 55 non-empty rows from worksheet.
paper-1998-04,The Full Cost Of Intercity Highway Transportation,UPLOADED,/Users/dlev2617/Documents/Code/Agents/github-packages/UPLOADED/paper-1998-04-the-full-cost-of-intercity-highway-transportation,data/highway_full_cost_model/original_legacy/full_cost_project_c4/hwy92_original.xls,N-Size,W - % RurFwy > 4 lanes,,mixed_numeric_text,52,0.0 | 0.007281553398058253 | 0.21091445427728614 | 0.02734375 | 0.21782178217821782,,,xls,medium,Headers inferred from first row. Sampled first 55 non-empty rows from worksheet.
paper-1998-04,The Full Cost Of Intercity Highway Transportation,UPLOADED,/Users/dlev2617/Documents/Code/Agents/github-packages/UPLOADED/paper-1998-04-the-full-cost-of-intercity-highway-transportation,data/highway_full_cost_model/original_legacy/full_cost_project_c4/hwy92_original.xls,N-Size,Nw,,numeric,54,3.010888192033668 | 3.0816567186881727 | 3.0278834740114102 | 3.0092514089355715 | 3.0585428437290574,3,15,xls,medium,Headers inferred from first row. Sampled first 55 non-empty rows from worksheet.
paper-1998-04,The Full Cost Of Intercity Highway Transportation,UPLOADED,/Users/dlev2617/Documents/Code/Agents/github-packages/UPLOADED/paper-1998-04-the-full-cost-of-intercity-highway-transportation,data/highway_full_cost_model/original_legacy/full_cost_project_c4/hwy92_original.xls,Y-Output,column_1,,text,54,Alabama | Alaska | Arizona | Arkansas | California,,,xls,medium,Some headers were missing; generated column_N names. Sampled first 55 non-empty rows from worksheet.
paper-1998-04,The Full Cost Of Intercity Highway Transportation,UPLOADED,/Users/dlev2617/Documents/Code/Agents/github-packages/UPLOADED/paper-1998-04-the-full-cost-of-intercity-highway-transportation,data/highway_full_cost_model/original_legacy/full_cost_project_c4/hwy92_original.xls,Y-Output,Ya Auto VMT (millions),,numeric,53,29460.873 | 2723.331 | 20434.709000000003 | 14028.823999999999 | 217495.083,2723.331,1669617.037,xls,medium,Some headers were missing; generated column_N names. Sampled first 55 non-empty rows from worksheet.
paper-1998-04,The Full Cost Of Intercity Highway Transportation,UPLOADED,/Users/dlev2617/Documents/Code/Agents/github-packages/UPLOADED/paper-1998-04-the-full-cost-of-intercity-highway-transportation,data/highway_full_cost_model/original_legacy/full_cost_project_c4/hwy92_original.xls,Y-Output,Ys Single Truck VMT (Millions),,numeric,53,7136.843999999999 | 1056.6970000000001 | 10642.868 | 3205.3160000000003 | 32116.494,92.612,374971.495,xls,medium,Some headers were missing; generated column_N names. Sampled first 55 non-empty rows from worksheet.
paper-1998-04,The Full Cost Of Intercity Highway Transportation,UPLOADED,/Users/dlev2617/Documents/Code/Agents/github-packages/UPLOADED/paper-1998-04-the-full-cost-of-intercity-highway-transportation,data/highway_full_cost_model/original_legacy/full_cost_project_c4/hwy92_original.xls,Y-Output,Yc Combination Truck VMT (millions),,numeric,53,9164.283 | 60.97200000000012 | 3969.422999999999 | 5846.86 | 12936.422999999999,10.686,249407.45,xls,medium,Some headers were missing; generated column_N names. Sampled first 55 non-empty rows from worksheet.
paper-1998-04,The Full Cost Of Intercity Highway Transportation,UPLOADED,/Users/dlev2617/Documents/Code/Agents/github-packages/UPLOADED/paper-1998-04-the-full-cost-of-intercity-highway-transportation,data/highway_full_cost_model/original_legacy/full_cost_project_c4/hwy92_original.xls,Y-Output,%URBAN,,numeric,52,0.5017044709584372 | 0.47800052069773497 | 0.6065854424059121 | 0.3480351804514536 | 0.8011906394259335,0.213355500139,1,xls,medium,Some headers were missing; generated column_N names. Sampled first 55 non-empty rows from worksheet.
paper-1998-04,The Full Cost Of Intercity Highway Transportation,UPLOADED,/Users/dlev2617/Documents/Code/Agents/github-packages/UPLOADED/paper-1998-04-the-full-cost-of-intercity-highway-transportation,data/highway_full_cost_model/original_legacy/full_cost_project_c4/hwy92_original.xls,Y-Output,%FREEWAY,,numeric,52,0.1961452733709191 | 0.2934131736526946 | 0.2698376465888664 | 0.24327368831506435 | 0.4160001218824748,0.14901334881,0.416000121882,xls,medium,Some headers were missing; generated column_N names. Sampled first 55 non-empty rows from worksheet.
paper-1998-04,The Full Cost Of Intercity Highway Transportation,UPLOADED,/Users/dlev2617/Documents/Code/Agents/github-packages/UPLOADED/paper-1998-04-the-full-cost-of-intercity-highway-transportation,data/highway_full_cost_model/original_legacy/full_cost_project_c4/hwy92_original.xls,TRUCKS,STATE,,text,54,Alabama | Alaska | Arizona | Arkansas | California,,,xls,medium,Some headers were missing; generated column_N names. Sampled first 58 non-empty rows from worksheet.
paper-1998-04,The Full Cost Of Intercity Highway Transportation,UPLOADED,/Users/dlev2617/Documents/Code/Agents/github-packages/UPLOADED/paper-1998-04-the-full-cost-of-intercity-highway-transportation,data/highway_full_cost_model/original_legacy/full_cost_project_c4/hwy92_original.xls,TRUCKS,"DISTRIBUTION OF ANNUAL VEHICLE MILES BY VEHICLE TYPE - 1993 VM-4 p v121, v124",,mixed_numeric_text,55,RURAL | INTERSTATE | RURPASSVEH | 56.0 | 57.9,,,xls,medium,Some headers were missing; generated column_N names. Sampled first 58 non-empty rows from worksheet.
paper-1998-04,The Full Cost Of Intercity Highway Transportation,UPLOADED,/Users/dlev2617/Documents/Code/Agents/github-packages/UPLOADED/paper-1998-04-the-full-cost-of-intercity-highway-transportation,data/highway_full_cost_model/original_legacy/full_cost_project_c4/hwy92_original.xls,TRUCKS,column_3,,mixed_numeric_text,54,TRUCK-SING | RURTRUSING | 16.9 | 39.7 | 26.0,,,xls,medium,Some headers were missing; generated column_N names. Sampled first 58 non-empty rows from worksheet.
paper-1998-04,The Full Cost Of Intercity Highway Transportation,UPLOADED,/Users/dlev2617/Documents/Code/Agents/github-packages/UPLOADED/paper-1998-04-the-full-cost-of-intercity-highway-transportation,data/highway_full_cost_model/original_legacy/full_cost_project_c4/hwy92_original.xls,TRUCKS,column_4,,mixed_numeric_text,54,TRUCK-COMB | RURTRUCOM | 27.1 | 2.4 | 16.3,,,xls,medium,Some headers were missing; generated column_N names. Sampled first 58 non-empty rows from worksheet.
paper-1998-04,The Full Cost Of Intercity Highway Transportation,UPLOADED,/Users/dlev2617/Documents/Code/Agents/github-packages/UPLOADED/paper-1998-04-the-full-cost-of-intercity-highway-transportation,data/highway_full_cost_model/original_legacy/full_cost_project_c4/hwy92_original.xls,TRUCKS,column_5,,mixed_numeric_text,55,URBAN | INTERSTATE | URBPASSVEH | 72.7 | 85.1,,,xls,medium,Some headers were missing; generated column_N names. Sampled first 58 non-empty rows from worksheet.
paper-1998-04,The Full Cost Of Intercity Highway Transportation,UPLOADED,/Users/dlev2617/Documents/Code/Agents/github-packages/UPLOADED/paper-1998-04-the-full-cost-of-intercity-highway-transportation,data/highway_full_cost_model/original_legacy/full_cost_project_c4/hwy92_original.xls,TRUCKS,column_6,,mixed_numeric_text,54,TRUCK-SING | URBTRUSING | 14.3 | 14.2 | 33.2,,,xls,medium,Some headers were missing; generated column_N names. Sampled first 58 non-empty rows from worksheet.
paper-1998-04,The Full Cost Of Intercity Highway Transportation,UPLOADED,/Users/dlev2617/Documents/Code/Agents/github-packages/UPLOADED/paper-1998-04-the-full-cost-of-intercity-highway-transportation,data/highway_full_cost_model/original_legacy/full_cost_project_c4/hwy92_original.xls,TRUCKS,column_7,,mixed_numeric_text,54,TRUCK-COMB | URBTRUCOMB | 13.0 | 0.7000000000000064 | 8.099999999999994,,,xls,medium,Some headers were missing; generated column_N names. Sampled first 58 non-empty rows from worksheet.
paper-1998-04,The Full Cost Of Intercity Highway Transportation,UPLOADED,/Users/dlev2617/Documents/Code/Agents/github-packages/UPLOADED/paper-1998-04-the-full-cost-of-intercity-highway-transportation,data/highway_full_cost_model/original_legacy/full_cost_project_c4/hwy92_original.xls,LANES,STATE,,text,53,Alabama | Alaska | Arizona | Arkansas | California,,,xls,medium,Some headers were missing; generated column_N names. Sampled first 57 non-empty rows from worksheet.
paper-1998-04,The Full Cost Of Intercity Highway Transportation,UPLOADED,/Users/dlev2617/Documents/Code/Agents/github-packages/UPLOADED/paper-1998-04-the-full-cost-of-intercity-highway-transportation,data/highway_full_cost_model/original_legacy/full_cost_project_c4/hwy92_original.xls,LANES,MILEAGE BY TRAFFIC LANES ... (HM-35) p. V19,,mixed_numeric_text,55,RURAL | INTERSTATE | MILRURINT | 602.0 | 1003.0,,,xls,medium,Some headers were missing; generated column_N names. Sampled first 57 non-empty rows from worksheet.
paper-1998-04,The Full Cost Of Intercity Highway Transportation,UPLOADED,/Users/dlev2617/Documents/Code/Agents/github-packages/UPLOADED/paper-1998-04-the-full-cost-of-intercity-highway-transportation,data/highway_full_cost_model/original_legacy/full_cost_project_c4/hwy92_original.xls,LANES,column_3,,mixed_numeric_text,54,MILES > 4 lanes | RURMIL+4 | 0.0 | 3.0 | 286.0,,,xls,medium,Some headers were missing; generated column_N names. Sampled first 57 non-empty rows from worksheet.
paper-1998-04,The Full Cost Of Intercity Highway Transportation,UPLOADED,/Users/dlev2617/Documents/Code/Agents/github-packages/UPLOADED/paper-1998-04-the-full-cost-of-intercity-highway-transportation,data/highway_full_cost_model/original_legacy/full_cost_project_c4/hwy92_original.xls,LANES,column_4,,mixed_numeric_text,54,MILES ≤ 4 lanes | RURMIL-4 | 602.0 | 1003.0 | 987.0,,,xls,medium,Some headers were missing; generated column_N names. Sampled first 57 non-empty rows from worksheet.
paper-1998-04,The Full Cost Of Intercity Highway Transportation,UPLOADED,/Users/dlev2617/Documents/Code/Agents/github-packages/UPLOADED/paper-1998-04-the-full-cost-of-intercity-highway-transportation,data/highway_full_cost_model/original_legacy/full_cost_project_c4/hwy92_original.xls,LANES,column_5,,mixed_numeric_text,55,URBAN | INTERSTATE | MILURBINT | 297.0 | 54.0,,,xls,medium,Some headers were missing; generated column_N names. Sampled first 57 non-empty rows from worksheet.
paper-1998-04,The Full Cost Of Intercity Highway Transportation,UPLOADED,/Users/dlev2617/Documents/Code/Agents/github-packages/UPLOADED/paper-1998-04-the-full-cost-of-intercity-highway-transportation,data/highway_full_cost_model/original_legacy/full_cost_project_c4/hwy92_original.xls,LANES,column_6,,mixed_numeric_text,54,MILES > 4 lanes | URBMIL+4 | 43.0 | 10.0 | 54.0,,,xls,medium,Some headers were missing; generated column_N names. Sampled first 57 non-empty rows from worksheet.
paper-1998-04,The Full Cost Of Intercity Highway Transportation,UPLOADED,/Users/dlev2617/Documents/Code/Agents/github-packages/UPLOADED/paper-1998-04-the-full-cost-of-intercity-highway-transportation,data/highway_full_cost_model/original_legacy/full_cost_project_c4/hwy92_original.xls,LANES,column_7,,mixed_numeric_text,54,MILES ≤ 4 lanes | URBMIL-4 | 254.0 | 44.0 | 148.0,,,xls,medium,Some headers were missing; generated column_N names. Sampled first 57 non-empty rows from worksheet.
paper-1998-04,The Full Cost Of Intercity Highway Transportation,UPLOADED,/Users/dlev2617/Documents/Code/Agents/github-packages/UPLOADED/paper-1998-04-the-full-cost-of-intercity-highway-transportation,data/highway_full_cost_model/original_legacy/full_cost_project_c4/hwy92_original.xls,LANES,column_8,,mixed_numeric_text,53,RURMIL+4 | 0.0 | 3.0 | 286.0 | 21.0,,,xls,medium,Some headers were missing; generated column_N names. Sampled first 57 non-empty rows from worksheet.
paper-1998-04,The Full Cost Of Intercity Highway Transportation,UPLOADED,/Users/dlev2617/Documents/Code/Agents/github-packages/UPLOADED/paper-1998-04-the-full-cost-of-intercity-highway-transportation,data/highway_full_cost_model/original_legacy/full_cost_project_c4/hwy92_original.xls,LANES,column_9,,mixed_numeric_text,53,RURMIL-4 | 602.0 | 1003.0 | 987.0 | 409.0,,,xls,medium,Some headers were missing; generated column_N names. Sampled first 57 non-empty rows from worksheet.
paper-1998-04,The Full Cost Of Intercity Highway Transportation,UPLOADED,/Users/dlev2617/Documents/Code/Agents/github-packages/UPLOADED/paper-1998-04-the-full-cost-of-intercity-highway-transportation,data/highway_full_cost_model/original_legacy/full_cost_project_c4/hwy92_original.xls,MILES,STATE,,text,53,Alabama | Alaska | Arizona | Arkansas | California,,,xls,medium,Some headers were missing; generated column_N names. Sampled first 57 non-empty rows from worksheet.
paper-1998-04,The Full Cost Of Intercity Highway Transportation,UPLOADED,/Users/dlev2617/Documents/Code/Agents/github-packages/UPLOADED/paper-1998-04-the-full-cost-of-intercity-highway-transportation,data/highway_full_cost_model/original_legacy/full_cost_project_c4/hwy92_original.xls,MILES,PUBLIC ROAD AND STREET MILES (HM-20) p. V14,,mixed_numeric_text,55,RURAL | INTERSTATE | MILRURINT | 602.0 | 1003.0,,,xls,medium,Some headers were missing; generated column_N names. Sampled first 57 non-empty rows from worksheet.
paper-1998-04,The Full Cost Of Intercity Highway Transportation,UPLOADED,/Users/dlev2617/Documents/Code/Agents/github-packages/UPLOADED/paper-1998-04-the-full-cost-of-intercity-highway-transportation,data/highway_full_cost_model/original_legacy/full_cost_project_c4/hwy92_original.xls,MILES,column_3,,mixed_numeric_text,55,RURAL | LOCAL | MILRURLOC | 72226.0 | 11104.0,,,xls,medium,Some headers were missing; generated column_N names. Sampled first 57 non-empty rows from worksheet.
paper-1998-04,The Full Cost Of Intercity Highway Transportation,UPLOADED,/Users/dlev2617/Documents/Code/Agents/github-packages/UPLOADED/paper-1998-04-the-full-cost-of-intercity-highway-transportation,data/highway_full_cost_model/original_legacy/full_cost_project_c4/hwy92_original.xls,MILES,column_4,,mixed_numeric_text,55,RURAL | TOTAL | MILRURTOT | 72828.0 | 12107.0,,,xls,medium,Some headers were missing; generated column_N names. Sampled first 57 non-empty rows from worksheet.
paper-1998-04,The Full Cost Of Intercity Highway Transportation,UPLOADED,/Users/dlev2617/Documents/Code/Agents/github-packages/UPLOADED/paper-1998-04-the-full-cost-of-intercity-highway-transportation,data/highway_full_cost_model/original_legacy/full_cost_project_c4/hwy92_original.xls,MILES,column_5,,mixed_numeric_text,55,URBAN | INTERSTATE | MILURBINT | 297.0 | 54.0,,,xls,medium,Some headers were missing; generated column_N names. Sampled first 57 non-empty rows from worksheet.
paper-1998-04,The Full Cost Of Intercity Highway Transportation,UPLOADED,/Users/dlev2617/Documents/Code/Agents/github-packages/UPLOADED/paper-1998-04-the-full-cost-of-intercity-highway-transportation,data/highway_full_cost_model/original_legacy/full_cost_project_c4/hwy92_original.xls,MILES,column_6,,mixed_numeric_text,55,OTHER | FWY&EXPWY | MILURBFWY | 21.0 | 0.0,,,xls,medium,Some headers were missing; generated column_N names. Sampled first 57 non-empty rows from worksheet.
paper-1998-04,The Full Cost Of Intercity Highway Transportation,UPLOADED,/Users/dlev2617/Documents/Code/Agents/github-packages/UPLOADED/paper-1998-04-the-full-cost-of-intercity-highway-transportation,data/highway_full_cost_model/original_legacy/full_cost_project_c4/hwy92_original.xls,MILES,column_7,,mixed_numeric_text,55,URBAN | LOCAL | MILURBLOC | 19063.0 | 1688.0,,,xls,medium,Some headers were missing; generated column_N names. Sampled first 57 non-empty rows from worksheet.
paper-1998-04,The Full Cost Of Intercity Highway Transportation,UPLOADED,/Users/dlev2617/Documents/Code/Agents/github-packages/UPLOADED/paper-1998-04-the-full-cost-of-intercity-highway-transportation,data/highway_full_cost_model/original_legacy/full_cost_project_c4/hwy92_original.xls,MILES,column_8,,mixed_numeric_text,55,URBAN | TOTAL | MILURBTOT | 19381.0 | 1742.0,,,xls,medium,Some headers were missing; generated column_N names. Sampled first 57 non-empty rows from worksheet.
paper-1998-04,The Full Cost Of Intercity Highway Transportation,UPLOADED,/Users/dlev2617/Documents/Code/Agents/github-packages/UPLOADED/paper-1998-04-the-full-cost-of-intercity-highway-transportation,data/highway_full_cost_model/original_legacy/full_cost_project_c4/hwy92_original.xls,MILES,column_9,,mixed_numeric_text,54,MILTOTTOT | 92209.0 | 13849.0 | 55763.0 | 77192.0,,,xls,medium,Some headers were missing; generated column_N names. Sampled first 57 non-empty rows from worksheet.
paper-1998-04,The Full Cost Of Intercity Highway Transportation,UPLOADED,/Users/dlev2617/Documents/Code/Agents/github-packages/UPLOADED/paper-1998-04-the-full-cost-of-intercity-highway-transportation,data/highway_full_cost_model/original_legacy/full_cost_project_c4/hwy92_original.xls,RUR_EXP_93,column_1,,text,54,STATE | Alabama | Alaska | Arizona | Arkansas,,,xls,medium,Some headers were missing; generated column_N names. Sampled first 59 non-empty rows from worksheet.
paper-1998-04,The Full Cost Of Intercity Highway Transportation,UPLOADED,/Users/dlev2617/Documents/Code/Agents/github-packages/UPLOADED/paper-1998-04-the-full-cost-of-intercity-highway-transportation,data/highway_full_cost_model/original_legacy/full_cost_project_c4/hwy92_original.xls,RUR_EXP_93,"STATE HIGHWAY AGENCY CAPITAL OUTLAY AND MAINTENANCE - 1993, Table SF-12 p.IV-64",,mixed_numeric_text,56,CAPITAL | RURAL | INTERSTATE | CAPRURINT | 29484.0,,,xls,medium,Some headers were missing; generated column_N names. Sampled first 59 non-empty rows from worksheet.
paper-1998-04,The Full Cost Of Intercity Highway Transportation,UPLOADED,/Users/dlev2617/Documents/Code/Agents/github-packages/UPLOADED/paper-1998-04-the-full-cost-of-intercity-highway-transportation,data/highway_full_cost_model/original_legacy/full_cost_project_c4/hwy92_original.xls,RUR_EXP_93,column_3,,mixed_numeric_text,56,(thousands of dollars) | RURAL | LOCAL | CAPRURLOC | 238395.0,,,xls,medium,Some headers were missing; generated column_N names. Sampled first 59 non-empty rows from worksheet.
paper-1998-04,The Full Cost Of Intercity Highway Transportation,UPLOADED,/Users/dlev2617/Documents/Code/Agents/github-packages/UPLOADED/paper-1998-04-the-full-cost-of-intercity-highway-transportation,data/highway_full_cost_model/original_legacy/full_cost_project_c4/hwy92_original.xls,RUR_EXP_93,column_4,,mixed_numeric_text,55,RURAL | TOTAL | CAPRURTOT | 267879.0 | 135324.0,,,xls,medium,Some headers were missing; generated column_N names. Sampled first 59 non-empty rows from worksheet.
paper-1998-04,The Full Cost Of Intercity Highway Transportation,UPLOADED,/Users/dlev2617/Documents/Code/Agents/github-packages/UPLOADED/paper-1998-04-the-full-cost-of-intercity-highway-transportation,data/highway_full_cost_model/original_legacy/full_cost_project_c4/hwy92_original.xls,RUR_EXP_93,column_5,,mixed_numeric_text,56,MAINTENANCE | RURAL | INTERSTATE | MNTRURINT | 7412.0,,,xls,medium,Some headers were missing; generated column_N names. Sampled first 59 non-empty rows from worksheet.
paper-1998-04,The Full Cost Of Intercity Highway Transportation,UPLOADED,/Users/dlev2617/Documents/Code/Agents/github-packages/UPLOADED/paper-1998-04-the-full-cost-of-intercity-highway-transportation,data/highway_full_cost_model/original_legacy/full_cost_project_c4/hwy92_original.xls,RUR_EXP_93,column_6,,mixed_numeric_text,55,RURAL | LOCAL | MNTRURLOC | 55938.0 | 8380.0,,,xls,medium,Some headers were missing; generated column_N names. Sampled first 59 non-empty rows from worksheet.
paper-1998-04,The Full Cost Of Intercity Highway Transportation,UPLOADED,/Users/dlev2617/Documents/Code/Agents/github-packages/UPLOADED/paper-1998-04-the-full-cost-of-intercity-highway-transportation,data/highway_full_cost_model/original_legacy/full_cost_project_c4/hwy92_original.xls,RUR_EXP_93,column_7,,mixed_numeric_text,55,RURAL | TOTAL | MNTRURTOT | 63350.0 | 12124.0,,,xls,medium,Some headers were missing; generated column_N names. Sampled first 59 non-empty rows from worksheet.
paper-1998-04,The Full Cost Of Intercity Highway Transportation,UPLOADED,/Users/dlev2617/Documents/Code/Agents/github-packages/UPLOADED/paper-1998-04-the-full-cost-of-intercity-highway-transportation,data/highway_full_cost_model/original_legacy/full_cost_project_c4/hwy92_original.xls,RUR_EXP_93,column_8,,empty,0,,,,xls,medium,Some headers were missing; generated column_N names. Sampled first 59 non-empty rows from worksheet.
paper-1998-04,The Full Cost Of Intercity Highway Transportation,UPLOADED,/Users/dlev2617/Documents/Code/Agents/github-packages/UPLOADED/paper-1998-04-the-full-cost-of-intercity-highway-transportation,data/highway_full_cost_model/original_legacy/full_cost_project_c4/hwy92_original.xls,RUR_EXP_93,column_9,,mixed_numeric_text,53,MNTRURINT | 7412.0 | 3744.0 | NA | 7154.0,,,xls,medium,Some headers were missing; generated column_N names. Sampled first 59 non-empty rows from worksheet.
paper-1998-04,The Full Cost Of Intercity Highway Transportation,UPLOADED,/Users/dlev2617/Documents/Code/Agents/github-packages/UPLOADED/paper-1998-04-the-full-cost-of-intercity-highway-transportation,data/highway_full_cost_model/original_legacy/full_cost_project_c4/hwy92_original.xls,RUR_EXP_93,column_10,,mixed_numeric_text,55,RURAL | INTERSTATE | VMTRURINT | 4442.0 | 677.0,,,xls,medium,Some headers were missing; generated column_N names. Sampled first 59 non-empty rows from worksheet.
paper-1998-04,The Full Cost Of Intercity Highway Transportation,UPLOADED,/Users/dlev2617/Documents/Code/Agents/github-packages/UPLOADED/paper-1998-04-the-full-cost-of-intercity-highway-transportation,data/highway_full_cost_model/original_legacy/full_cost_project_c4/hwy92_original.xls,RUR_EXP_93,column_11,,mixed_numeric_text,55,RURAL | NON-INTERSTATE | VMTRURLOC | 18361.0 | 1328.0,,,xls,medium,Some headers were missing; generated column_N names. Sampled first 59 non-empty rows from worksheet.
paper-1998-04,The Full Cost Of Intercity Highway Transportation,UPLOADED,/Users/dlev2617/Documents/Code/Agents/github-packages/UPLOADED/paper-1998-04-the-full-cost-of-intercity-highway-transportation,data/highway_full_cost_model/original_legacy/full_cost_project_c4/hwy92_original.xls,RUR_EXP_93,column_12,,mixed_numeric_text,54,RURAL TOTAL | VMTRURTOT | 22803.0 | 2005.0 | 13788.0,,,xls,medium,Some headers were missing; generated column_N names. Sampled first 59 non-empty rows from worksheet.
paper-1998-04,The Full Cost Of Intercity Highway Transportation,UPLOADED,/Users/dlev2617/Documents/Code/Agents/github-packages/UPLOADED/paper-1998-04-the-full-cost-of-intercity-highway-transportation,data/highway_full_cost_model/original_legacy/full_cost_project_c4/hwy92_original.xls,RUR_EXP_93,column_13,,mixed_numeric_text,53,CAPRURINT | 29484.0 | 50659.0 | 66574.0 | 26357.0,,,xls,medium,Some headers were missing; generated column_N names. Sampled first 59 non-empty rows from worksheet.
paper-1998-04,The Full Cost Of Intercity Highway Transportation,UPLOADED,/Users/dlev2617/Documents/Code/Agents/github-packages/UPLOADED/paper-1998-04-the-full-cost-of-intercity-highway-transportation,data/highway_full_cost_model/original_legacy/full_cost_project_c4/hwy92_original.xls,RUR_EXP_93,column_14,,mixed_numeric_text,55,RURAL | INTERSTATE | VMTRURINT | 4442.0 | 677.0,,,xls,medium,Some headers were missing; generated column_N names. Sampled first 59 non-empty rows from worksheet.
paper-1998-04,The Full Cost Of Intercity Highway Transportation,UPLOADED,/Users/dlev2617/Documents/Code/Agents/github-packages/UPLOADED/paper-1998-04-the-full-cost-of-intercity-highway-transportation,data/highway_full_cost_model/original_legacy/full_cost_project_c4/hwy92_original.xls,DUMMIES,STATE,,text,53,Alabama | Alaska | Arizona | Arkansas | California,,,xls,medium,Some headers were missing; generated column_N names. Sampled first 56 non-empty rows from worksheet.
paper-1998-04,The Full Cost Of Intercity Highway Transportation,UPLOADED,/Users/dlev2617/Documents/Code/Agents/github-packages/UPLOADED/paper-1998-04-the-full-cost-of-intercity-highway-transportation,data/highway_full_cost_model/original_legacy/full_cost_project_c4/hwy92_original.xls,DUMMIES,column_2,,mixed_numeric_text,53,ALASKA DUMMY | ALASKA | 0.0 | 1.0,,,xls,medium,Some headers were missing; generated column_N names. Sampled first 56 non-empty rows from worksheet.
paper-1998-04,The Full Cost Of Intercity Highway Transportation,UPLOADED,/Users/dlev2617/Documents/Code/Agents/github-packages/UPLOADED/paper-1998-04-the-full-cost-of-intercity-highway-transportation,data/highway_full_cost_model/original_legacy/full_cost_project_c4/hwy92_original.xls,DUMMIES,column_3,,mixed_numeric_text,53,NY DUMMY | NEWYORK | 0.0 | 1.0,,,xls,medium,Some headers were missing; generated column_N names. Sampled first 56 non-empty rows from worksheet.
paper-1998-04,The Full Cost Of Intercity Highway Transportation,UPLOADED,/Users/dlev2617/Documents/Code/Agents/github-packages/UPLOADED/paper-1998-04-the-full-cost-of-intercity-highway-transportation,data/highway_full_cost_model/original_legacy/full_cost_project_c4/hwy92_original.xls,DUMMIES,column_4,,mixed_numeric_text,53,CA DUMMY | CALIFORNIA | 0.0 | 1.0,,,xls,medium,Some headers were missing; generated column_N names. Sampled first 56 non-empty rows from worksheet.
paper-1998-04,The Full Cost Of Intercity Highway Transportation,UPLOADED,/Users/dlev2617/Documents/Code/Agents/github-packages/UPLOADED/paper-1998-04-the-full-cost-of-intercity-highway-transportation,data/highway_full_cost_model/original_legacy/full_cost_project_c4/hwy92_original.xls,DUMMIES,column_5,,mixed_numeric_text,53,SE DUMMY | SOUTHEAST | 1.0 | 0.0,,,xls,medium,Some headers were missing; generated column_N names. Sampled first 56 non-empty rows from worksheet.
paper-1998-04,The Full Cost Of Intercity Highway Transportation,UPLOADED,/Users/dlev2617/Documents/Code/Agents/github-packages/UPLOADED/paper-1998-04-the-full-cost-of-intercity-highway-transportation,data/highway_full_cost_model/original_legacy/full_cost_project_c4/hwy92_original.xls,DUMMIES,column_6,,mixed_numeric_text,53,MIDWEST DUMMY | MIDWEST | 0.0 | 1.0,,,xls,medium,Some headers were missing; generated column_N names. Sampled first 56 non-empty rows from worksheet.
paper-1998-04,The Full Cost Of Intercity Highway Transportation,UPLOADED,/Users/dlev2617/Documents/Code/Agents/github-packages/UPLOADED/paper-1998-04-the-full-cost-of-intercity-highway-transportation,data/highway_full_cost_model/original_legacy/full_cost_project_c4/hwy92_original.xls,DUMMIES,column_7,,mixed_numeric_text,53,NE DUMMY (incl NY) | NORTHEAST | 0.0 | 1.0,,,xls,medium,Some headers were missing; generated column_N names. Sampled first 56 non-empty rows from worksheet.
paper-1998-04,The Full Cost Of Intercity Highway Transportation,UPLOADED,/Users/dlev2617/Documents/Code/Agents/github-packages/UPLOADED/paper-1998-04-the-full-cost-of-intercity-highway-transportation,data/highway_full_cost_model/original_legacy/full_cost_project_c4/hwy92_original.xls,DUMMIES,column_8,,mixed_numeric_text,52,RURTOT | 22803.0 | 2005.0 | 13788.0 | 15048.0,,,xls,medium,Some headers were missing; generated column_N names. Sampled first 56 non-empty rows from worksheet.
paper-1998-04,The Full Cost Of Intercity Highway Transportation,UPLOADED,/Users/dlev2617/Documents/Code/Agents/github-packages/UPLOADED/paper-1998-04-the-full-cost-of-intercity-highway-transportation,data/highway_full_cost_model/original_legacy/full_cost_project_c4/hwy92_original.xls,DUMMIES,column_9,,mixed_numeric_text,52,URBTOT | 22959.0 | 1836.0 | 21259.0 | 8033.0,,,xls,medium,Some headers were missing; generated column_N names. Sampled first 56 non-empty rows from worksheet.
paper-1998-04,The Full Cost Of Intercity Highway Transportation,UPLOADED,/Users/dlev2617/Documents/Code/Agents/github-packages/UPLOADED/paper-1998-04-the-full-cost-of-intercity-highway-transportation,data/highway_full_cost_model/original_legacy/full_cost_project_c4/hwy92_original.xls,DUMMIES,RURAL,,mixed_numeric_text,54,INTERSTATE | RURINT | 4442.0 | 677.0 | 5110.0,,,xls,medium,Some headers were missing; generated column_N names. Sampled first 56 non-empty rows from worksheet.
paper-1998-04,The Full Cost Of Intercity Highway Transportation,UPLOADED,/Users/dlev2617/Documents/Code/Agents/github-packages/UPLOADED/paper-1998-04-the-full-cost-of-intercity-highway-transportation,data/highway_full_cost_model/original_legacy/full_cost_project_c4/hwy92_original.xls,DUMMIES,RURAL_2,,mixed_numeric_text,54,NON-INTERSTATE | RURLOC | 18361.0 | 1328.0 | 8678.0,,,xls,medium,Some headers were missing; generated column_N names. Sampled first 56 non-empty rows from worksheet.
paper-1998-04,The Full Cost Of Intercity Highway Transportation,UPLOADED,/Users/dlev2617/Documents/Code/Agents/github-packages/UPLOADED/paper-1998-04-the-full-cost-of-intercity-highway-transportation,data/highway_full_cost_model/original_legacy/full_cost_project_c4/hwy92_original.xls,DUMMIES,URBAN,,mixed_numeric_text,54,INTERSTATE + Other Freeways | URBINT | 4534.0 | 450.0 | 4347.0,,,xls,medium,Some headers were missing; generated column_N names. Sampled first 56 non-empty rows from worksheet.
paper-1998-04,The Full Cost Of Intercity Highway Transportation,UPLOADED,/Users/dlev2617/Documents/Code/Agents/github-packages/UPLOADED/paper-1998-04-the-full-cost-of-intercity-highway-transportation,data/highway_full_cost_model/original_legacy/full_cost_project_c4/hwy92_original.xls,DUMMIES,URBAN_2,,mixed_numeric_text,54,NON-INTERSTATE | URBLOC | 18425.0 | 1386.0 | 16912.0,,,xls,medium,Some headers were missing; generated column_N names. Sampled first 56 non-empty rows from worksheet.
paper-1998-04,The Full Cost Of Intercity Highway Transportation,UPLOADED,/Users/dlev2617/Documents/Code/Agents/github-packages/UPLOADED/paper-1998-04-the-full-cost-of-intercity-highway-transportation,data/highway_full_cost_model/original_legacy/full_cost_project_c4/hwy92_original.xls,DUMMIES,column_14,,mixed_numeric_text,52,INTTOT | 8976.0 | 1127.0 | 9457.0 | 5615.0,,,xls,medium,Some headers were missing; generated column_N names. Sampled first 56 non-empty rows from worksheet.
paper-1998-04,The Full Cost Of Intercity Highway Transportation,UPLOADED,/Users/dlev2617/Documents/Code/Agents/github-packages/UPLOADED/paper-1998-04-the-full-cost-of-intercity-highway-transportation,data/highway_full_cost_model/original_legacy/full_cost_project_c4/hwy92_original.xls,DUMMIES,column_15,,mixed_numeric_text,52,%URBINT | 0.5051247771836007 | 0.3992901508429459 | 0.45965951147298295 | 0.44078361531611754,,,xls,medium,Some headers were missing; generated column_N names. Sampled first 56 non-empty rows from worksheet.
paper-1998-04,The Full Cost Of Intercity Highway Transportation,UPLOADED,/Users/dlev2617/Documents/Code/Agents/github-packages/UPLOADED/paper-1998-04-the-full-cost-of-intercity-highway-transportation,data/highway_full_cost_model/original_legacy/full_cost_project_c4/hwy92_original.xls,DUMMIES,column_16,,mixed_numeric_text,52,LOCTOT | 36786.0 | 2714.0 | 25590.0 | 17466.0,,,xls,medium,Some headers were missing; generated column_N names. Sampled first 56 non-empty rows from worksheet.
paper-1998-04,The Full Cost Of Intercity Highway Transportation,UPLOADED,/Users/dlev2617/Documents/Code/Agents/github-packages/UPLOADED/paper-1998-04-the-full-cost-of-intercity-highway-transportation,data/highway_full_cost_model/original_legacy/full_cost_project_c4/hwy92_original.xls,DUMMIES,column_17,,mixed_numeric_text,52,%URBLOC | 0.5008698961561464 | 0.5106853352984525 | 0.660883157483392 | 0.31821825260506126,,,xls,medium,Some headers were missing; generated column_N names. Sampled first 56 non-empty rows from worksheet.
paper-1998-04,The Full Cost Of Intercity Highway Transportation,UPLOADED,/Users/dlev2617/Documents/Code/Agents/github-packages/UPLOADED/paper-1998-04-the-full-cost-of-intercity-highway-transportation,data/highway_full_cost_model/original_legacy/full_cost_project_c4/hwy92_original.xls,DUMMIES,column_18,,mixed_numeric_text,52,TOTVMT | 45762.0 | 3841.0 | 35047.0 | 23081.0,,,xls,medium,Some headers were missing; generated column_N names. Sampled first 56 non-empty rows from worksheet.
paper-1998-04,The Full Cost Of Intercity Highway Transportation,UPLOADED,/Users/dlev2617/Documents/Code/Agents/github-packages/UPLOADED/paper-1998-04-the-full-cost-of-intercity-highway-transportation,data/highway_full_cost_model/original_legacy/full_cost_project_c4/hwy92_original.xls,DUMMIES,TOTAL,,mixed_numeric_text,55,OPS & MAINT | OPSTOT | 434361.0 | 156897.0 | 164064.0,,,xls,medium,Some headers were missing; generated column_N names. Sampled first 56 non-empty rows from worksheet.
paper-1998-04,The Full Cost Of Intercity Highway Transportation,UPLOADED,/Users/dlev2617/Documents/Code/Agents/github-packages/UPLOADED/paper-1998-04-the-full-cost-of-intercity-highway-transportation,data/highway_full_cost_model/original_legacy/full_cost_project_c4/hwy92_original.xls,DUMMIES,column_20,,mixed_numeric_text,52,TOT%URB | 0.5017044709584372 | 0.47800052069773497 | 0.6065854424059121 | 0.3480351804514536,,,xls,medium,Some headers were missing; generated column_N names. Sampled first 56 non-empty rows from worksheet.
paper-1998-04,The Full Cost Of Intercity Highway Transportation,UPLOADED,/Users/dlev2617/Documents/Code/Agents/github-packages/UPLOADED/paper-1998-04-the-full-cost-of-intercity-highway-transportation,data/highway_full_cost_model/original_legacy/full_cost_project_c4/hwy92_original.xls,VMT_92,column_1,,text,54,STATE | Alabama | Alaska | Arizona | Arkansas,,,xls,medium,Some headers were missing; generated column_N names. Sampled first 61 non-empty rows from worksheet.
paper-1998-04,The Full Cost Of Intercity Highway Transportation,UPLOADED,/Users/dlev2617/Documents/Code/Agents/github-packages/UPLOADED/paper-1998-04-the-full-cost-of-intercity-highway-transportation,data/highway_full_cost_model/original_legacy/full_cost_project_c4/hwy92_original.xls,VMT_92,"Source: Table VM2, pV-117 Annual Vehicle Miles of Travel 1992 Revised",,mixed_numeric_text,57,1993 Highway Statistics (FHWA PL-94-023) | VMT 1992 (millions) | RURAL | INTERSTATE | VMTRURINT,,,xls,medium,Some headers were missing; generated column_N names. Sampled first 61 non-empty rows from worksheet.
paper-1998-04,The Full Cost Of Intercity Highway Transportation,UPLOADED,/Users/dlev2617/Documents/Code/Agents/github-packages/UPLOADED/paper-1998-04-the-full-cost-of-intercity-highway-transportation,data/highway_full_cost_model/original_legacy/full_cost_project_c4/hwy92_original.xls,VMT_92,column_3,,mixed_numeric_text,55,RURAL | NON-INTERSTATE | VMTRURLOC | 18361.0 | 1328.0,,,xls,medium,Some headers were missing; generated column_N names. Sampled first 61 non-empty rows from worksheet.
paper-1998-04,The Full Cost Of Intercity Highway Transportation,UPLOADED,/Users/dlev2617/Documents/Code/Agents/github-packages/UPLOADED/paper-1998-04-the-full-cost-of-intercity-highway-transportation,data/highway_full_cost_model/original_legacy/full_cost_project_c4/hwy92_original.xls,VMT_92,column_4,,mixed_numeric_text,54,RURAL TOTAL | VMTRURTOT | 22803.0 | 2005.0 | 13788.0,,,xls,medium,Some headers were missing; generated column_N names. Sampled first 61 non-empty rows from worksheet.
paper-1998-04,The Full Cost Of Intercity Highway Transportation,UPLOADED,/Users/dlev2617/Documents/Code/Agents/github-packages/UPLOADED/paper-1998-04-the-full-cost-of-intercity-highway-transportation,data/highway_full_cost_model/original_legacy/full_cost_project_c4/hwy92_original.xls,VMT_92,column_5,,mixed_numeric_text,57,URBAN | INTERSTATE | VMTURBINT | 4208.0 | 450.0,,,xls,medium,Some headers were missing; generated column_N names. Sampled first 61 non-empty rows from worksheet.
paper-1998-04,The Full Cost Of Intercity Highway Transportation,UPLOADED,/Users/dlev2617/Documents/Code/Agents/github-packages/UPLOADED/paper-1998-04-the-full-cost-of-intercity-highway-transportation,data/highway_full_cost_model/original_legacy/full_cost_project_c4/hwy92_original.xls,VMT_92,column_6,,mixed_numeric_text,54,OTHER FWY | VMTURBFWY | 326.0 | 0.0 | 1344.0,,,xls,medium,Some headers were missing; generated column_N names. Sampled first 61 non-empty rows from worksheet.
paper-1998-04,The Full Cost Of Intercity Highway Transportation,UPLOADED,/Users/dlev2617/Documents/Code/Agents/github-packages/UPLOADED/paper-1998-04-the-full-cost-of-intercity-highway-transportation,data/highway_full_cost_model/original_legacy/full_cost_project_c4/hwy92_original.xls,VMT_92,column_7,,mixed_numeric_text,55,URBAN | NON-INTERSTATE | VMTURBLOC | 18425.0 | 1386.0,,,xls,medium,Some headers were missing; generated column_N names. Sampled first 61 non-empty rows from worksheet.
paper-1998-04,The Full Cost Of Intercity Highway Transportation,UPLOADED,/Users/dlev2617/Documents/Code/Agents/github-packages/UPLOADED/paper-1998-04-the-full-cost-of-intercity-highway-transportation,data/highway_full_cost_model/original_legacy/full_cost_project_c4/hwy92_original.xls,VMT_92,column_8,,mixed_numeric_text,55,URBAN | TOTAL | VMTURBTOT | 22959.0 | 1836.0,,,xls,medium,Some headers were missing; generated column_N names. Sampled first 61 non-empty rows from worksheet.
paper-1998-04,The Full Cost Of Intercity Highway Transportation,UPLOADED,/Users/dlev2617/Documents/Code/Agents/github-packages/UPLOADED/paper-1998-04-the-full-cost-of-intercity-highway-transportation,data/highway_full_cost_model/original_legacy/full_cost_project_c4/hwy92_original.xls,VMT_92,column_9,,numeric,1,0.0,0,0,xls,medium,Some headers were missing; generated column_N names. Sampled first 61 non-empty rows from worksheet.
paper-1998-04,The Full Cost Of Intercity Highway Transportation,UPLOADED,/Users/dlev2617/Documents/Code/Agents/github-packages/UPLOADED/paper-1998-04-the-full-cost-of-intercity-highway-transportation,data/highway_full_cost_model/original_legacy/full_cost_project_c4/hwy92_original.xls,ORIG,"TOTAL DISBURSEMENTS FOR HIGHWAYS, ALL UNITS OF GOVERNMENT - 1992 /1",,text,60,"COMPILED FROM REPORTS OF FEDERAL, | STATE AND LOCAL AUTHORITIES | STATE | Alabama | Alaska",,,xls,medium,Some headers were missing; generated column_N names. Sampled first 66 non-empty rows from worksheet.
paper-1998-04,The Full Cost Of Intercity Highway Transportation,UPLOADED,/Users/dlev2617/Documents/Code/Agents/github-packages/UPLOADED/paper-1998-04-the-full-cost-of-intercity-highway-transportation,data/highway_full_cost_model/original_legacy/full_cost_project_c4/hwy92_original.xls,ORIG,column_2,,mixed_numeric_text,58,CAPITAL OUTLAY | STATE | ADMINISTERED | HIGHWAYS | CSTADMHWY,,,xls,medium,Some headers were missing; generated column_N names. Sampled first 66 non-empty rows from worksheet.
paper-1998-04,The Full Cost Of Intercity Highway Transportation,UPLOADED,/Users/dlev2617/Documents/Code/Agents/github-packages/UPLOADED/paper-1998-04-the-full-cost-of-intercity-highway-transportation,data/highway_full_cost_model/original_legacy/full_cost_project_c4/hwy92_original.xls,ORIG,column_3,,mixed_numeric_text,58,(THOUSANDS OF DOLLARS) | LOCALLY | ADMINISTERED | ROADS | CLOCADMRD,,,xls,medium,Some headers were missing; generated column_N names. Sampled first 66 non-empty rows from worksheet.
paper-1998-04,The Full Cost Of Intercity Highway Transportation,UPLOADED,/Users/dlev2617/Documents/Code/Agents/github-packages/UPLOADED/paper-1998-04-the-full-cost-of-intercity-highway-transportation,data/highway_full_cost_model/original_legacy/full_cost_project_c4/hwy92_original.xls,ORIG,column_4,,mixed_numeric_text,57,FEDERAL | ROADS AND | UNCLASSIFIED | CFEDROAD | 974.0,,,xls,medium,Some headers were missing; generated column_N names. Sampled first 66 non-empty rows from worksheet.
paper-1998-04,The Full Cost Of Intercity Highway Transportation,UPLOADED,/Users/dlev2617/Documents/Code/Agents/github-packages/UPLOADED/paper-1998-04-the-full-cost-of-intercity-highway-transportation,data/highway_full_cost_model/original_legacy/full_cost_project_c4/hwy92_original.xls,ORIG,column_5,,mixed_numeric_text,55,TOTAL /2 | CTOTAL | 416331.0 | 278830.0 | 712556.0,,,xls,medium,Some headers were missing; generated column_N names. Sampled first 66 non-empty rows from worksheet.
paper-1998-04,The Full Cost Of Intercity Highway Transportation,UPLOADED,/Users/dlev2617/Documents/Code/Agents/github-packages/UPLOADED/paper-1998-04-the-full-cost-of-intercity-highway-transportation,data/highway_full_cost_model/original_legacy/full_cost_project_c4/hwy92_original.xls,ORIG,column_6,,mixed_numeric_text,58,MAINTENANCE AND SERVICES | STATE | ADMINISTERED | HIGHWAYS | MSTADMHWY,,,xls,medium,Some headers were missing; generated column_N names. Sampled first 66 non-empty rows from worksheet.
paper-1998-04,The Full Cost Of Intercity Highway Transportation,UPLOADED,/Users/dlev2617/Documents/Code/Agents/github-packages/UPLOADED/paper-1998-04-the-full-cost-of-intercity-highway-transportation,data/highway_full_cost_model/original_legacy/full_cost_project_c4/hwy92_original.xls,ORIG,column_7,,mixed_numeric_text,57,LOCALLY | ADMINISTERED | ROADS | MLOCADMRD | 299897.0,,,xls,medium,Some headers were missing; generated column_N names. Sampled first 66 non-empty rows from worksheet.
paper-1998-04,The Full Cost Of Intercity Highway Transportation,UPLOADED,/Users/dlev2617/Documents/Code/Agents/github-packages/UPLOADED/paper-1998-04-the-full-cost-of-intercity-highway-transportation,data/highway_full_cost_model/original_legacy/full_cost_project_c4/hwy92_original.xls,ORIG,column_8,,mixed_numeric_text,59,FEDERAL | ROADS AND | UNCLASSIFIED | MREDROAD | 14.0,,,xls,medium,Some headers were missing; generated column_N names. Sampled first 66 non-empty rows from worksheet.
paper-1998-04,The Full Cost Of Intercity Highway Transportation,UPLOADED,/Users/dlev2617/Documents/Code/Agents/github-packages/UPLOADED/paper-1998-04-the-full-cost-of-intercity-highway-transportation,data/highway_full_cost_model/original_legacy/full_cost_project_c4/hwy92_original.xls,ORIG,column_9,,mixed_numeric_text,55,TOTAL | MTOTAL | 434361.0 | 156897.0 | 164064.0,,,xls,medium,Some headers were missing; generated column_N names. Sampled first 66 non-empty rows from worksheet.
paper-1998-04,The Full Cost Of Intercity Highway Transportation,UPLOADED,/Users/dlev2617/Documents/Code/Agents/github-packages/UPLOADED/paper-1998-04-the-full-cost-of-intercity-highway-transportation,data/highway_full_cost_model/original_legacy/full_cost_project_c4/hwy92_original.xls,ORIG,column_10,,mixed_numeric_text,59,ADMIN- | ISTRATION | AND | MISCEL- | LANEOUS,,,xls,medium,Some headers were missing; generated column_N names. Sampled first 66 non-empty rows from worksheet.
paper-1998-04,The Full Cost Of Intercity Highway Transportation,UPLOADED,/Users/dlev2617/Documents/Code/Agents/github-packages/UPLOADED/paper-1998-04-the-full-cost-of-intercity-highway-transportation,data/highway_full_cost_model/original_legacy/full_cost_project_c4/hwy92_original.xls,ORIG,column_11,,mixed_numeric_text,59,HIGHWAY | LAW | ENFORCEMENT | AND | SAFETY,,,xls,medium,Some headers were missing; generated column_N names. Sampled first 66 non-empty rows from worksheet.
paper-1998-04,The Full Cost Of Intercity Highway Transportation,UPLOADED,/Users/dlev2617/Documents/Code/Agents/github-packages/UPLOADED/paper-1998-04-the-full-cost-of-intercity-highway-transportation,data/highway_full_cost_model/original_legacy/full_cost_project_c4/hwy92_original.xls,ORIG,column_12,,mixed_numeric_text,55,INTEREST | 11128.0 | 13411.0 | 154305.0 | 661.0,,,xls,medium,Some headers were missing; generated column_N names. Sampled first 66 non-empty rows from worksheet.
paper-1998-04,The Full Cost Of Intercity Highway Transportation,UPLOADED,/Users/dlev2617/Documents/Code/Agents/github-packages/UPLOADED/paper-1998-04-the-full-cost-of-intercity-highway-transportation,data/highway_full_cost_model/original_legacy/full_cost_project_c4/hwy92_original.xls,ORIG,column_13,,mixed_numeric_text,56,BOND | RETIREMENT /3 | BONDRETIRE | 20436.0 | 21623.0,,,xls,medium,Some headers were missing; generated column_N names. Sampled first 66 non-empty rows from worksheet.
paper-1998-04,The Full Cost Of Intercity Highway Transportation,UPLOADED,/Users/dlev2617/Documents/Code/Agents/github-packages/UPLOADED/paper-1998-04-the-full-cost-of-intercity-highway-transportation,data/highway_full_cost_model/original_legacy/full_cost_project_c4/hwy92_original.xls,ORIG,column_14,,mixed_numeric_text,58,"""TABLE HF-2 | ""SEPTEMBER 1994 | TOTAL | DISBURSEMENTS | TOTALDISB",,,xls,medium,Some headers were missing; generated column_N names. Sampled first 66 non-empty rows from worksheet.
