OBS,STATE,STATE2,UN,YEAR,CLTCB,HYTCB,NGTCB,PATCB,TETCB,SMINING,SCONSTR,SDURABL,SNONDUR,STRANS,SWHOLE,SRETAIL,SFINANC,SSERVICE,SNAPROD,TOTIND,GSP,DURAB,NONDUR,PRIMARY,MINING,UTILIT,TOTPUB,HIGHWAY,OTHPK,PVTCAP,AGCAP,MFGCAP,NFNMCAP,NAEMPL,CITIES,AREA,CPI,PPI,ROWAY,TCAPO,TMANT,HPOLC,TDISB,IRFA4,IRTT,IUFA4,IUTT,PR2L,PRFA4,PR4TT,PRTT,PU2L,PUFA4,PU4TT,PUTT,REGAUTO,REGBUS,REGTRK,dt1,dt2,dt3,dt4,dt5,dt6,dt7,dt8,dt9,dt10,dt11,dt12,dt13,dt14,dt15,dt16,dt17,dt18,dt19,dt20
  ,,, ,,  ,,,,,  ,,,,,,  ,,,,,,  ,,,,,,  ,,,,,,  ,,,,,  ,,,,,,  ,,,,,,  ,,,,,,  ,,,,,,,,,,,,,,,,,,,,,
1,ALABAMA,501,0,1969,641.467,78.511,310.822,340.447,1293.31,786,2078,3994,3083,2377,1754,2665,2939,879,27894,86.9,28773,86.8,86.3,86.6,86.5,95.8,15032.68,7325.79,6051.2,35793.8,1687.63,9598.34,24507.83,1000.2,10,52423,36.7,38.2,23642000,175000000,75343000,8231000,309000000,526,762,45,177,4344,526,1015,5419,383,46,266,779,1470975,7683,378680,1,0,0,0,0,0,0,0,0,0,0,0,0,0,0,0,0,0,0,0
2,ALABAMA,501,4.7,1970,675.605,80.092,307.75,355.272,1344.84,832,1829,3762,2970,2415,1775,2721,2998,857,27561,80.8,28418,79.7,76.7,82.9,79.1,95.4,15501.94,7525.94,6254.98,37299.91,1749.75,9914.18,25635.98,1010.4,10,52423,38.8,40,16648000,190000000,87487000,9259000,335000000,535,751,66,198,4322,535,1048,5428,380,66,289,806,1559097,7807,399028,0,1,0,0,0,0,0,0,0,0,0,0,0,0,0,0,0,0,0,0
3,ALABAMA,501,5.2,1971,626.055,104.114,294.838,367.407,1334.06,742,1815,3816,3166,2490,1861,2892,3152,986,28389,79.2,29375,78.2,74.3,82.8,77.4,93.9,15972.41,7765.42,6442.23,38670.3,1812.37,10146.61,26711.32,1021.9,10,52423,40.5,41.4,11223000,206000000,91299000,8762000,361000000,564,774,74,203,4263,564,1109,5440,370,74,313,840,1656566,7849,428556,0,0,1,0,0,0,0,0,0,0,0,0,0,0,0,0,0,0,0,0
4,ALABAMA,501,4.7,1972,669.735,106.211,287.1,407.919,1423.83,781,1905,4091,3542,2775,2055,3172,3370,997,30306,84.3,31303,83.7,80.9,86.6,82.5,94.6,16406.26,7907.66,6756.19,40084.01,1746.87,10386.7,27950.44,1072.3,10,52423,41.8,42.3,14390000,215000000,89616000,8814000,367000000,572,728,87,202,4209,572,1057,5434,334,87,398,866,1746518,7893,472882,0,0,0,1,0,0,0,0,0,0,0,0,0,0,0,0,0,0,0,0
5,ALABAMA,501,4.5,1973,688.65,122.622,279.959,453.62,1474.26,818,2149,4461,3995,3058,2170,3378,3574,986,32444,88.4,33430,88.1,87.5,87.5,86.5,92.9,16762.67,8025.52,7002.29,42057.32,1847.31,10703.8,29506.21,1135.5,10,52423,44.4,43.7,11812000,202000000,93706000,9716000,366000000,595,736,91,179,4198,595,1094,5463,293,91,427,869,1828875,7960,516794,0,0,0,0,1,0,0,0,0,0,0,0,0,0,0,0,0,0,0,0
6,ALABAMA,501,5.5,1974,653.405,108.271,282.454,479.438,1495.4,929,2262,4309,3800,3153,2217,3297,3822,856,32893,84.2,33749,83.8,82.7,84,82.8,86.8,17316.26,8158.23,7405.76,43971.71,1943.06,11223.88,30804.77,1169.8,10,52423,49.3,50,18614000,232000000,106000000,10422000,406000000,590,736,91,162,4164,592,1123,5469,292,91,430,867,1854168,8212,547374,0,0,0,0,0,1,0,0,0,0,0,0,0,0,0,0,0,0,0,0
7,ALABAMA,501,7.7,1975,640.063,127.086,271.747,490.557,1462.13,1055,2213,3708,3710,3138,2302,3357,4019,993,32611,74.6,33604,73.2,70.2,76.4,73.5,84,17732.86,8228.19,7704.93,50221.57,2013.53,13840.43,34367.61,1155.4,10,52423,53.8,57.9,16161000,244000000,114000000,10090000,428000000,585,738,95,166,4138,586,1144,5492,285,95,430,848,1900295,8416,584074,0,0,0,0,0,0,1,0,0,0,0,0,0,0,0,0,0,0,0,0
8,ALABAMA,501,6.8,1976,632.096,98.111,232.758,535.999,1494.46,1137,2398,4024,4175,3339,2435,3646,4060,1115,34649,79.3,35764,78.5,75.4,81.8,77.8,84.8,18111.93,8365.67,7901.15,51085,1884.83,14193.97,35006.2,1207,10,52423,56.9,61.3,15165000,285000000,127000000,13151000,491000000,423,683,79,202,5526,423,1029,6780,316,80,432,878,1951914,7970,615993,0,0,0,0,0,0,0,1,0,0,0,0,0,0,0,0,0,0,0,0
9,ALABAMA,501,7.4,1977,629.412,108.046,248.715,577.63,1564.84,1251,2447,4443,4809,3857,2217,3589,4119,991,36849,83.3,37463,82.8,80.3,85.2,81.9,84.6,18479.74,8510.64,8008.59,52604.05,1968.21,14612.72,36023.12,1269.2,10,52423,60.6,65.2,6241000,283000000,144000000,14819000,508000000,460,676,96,199,5460,353,949,6635,314,67,402,848,2005209,8191,660157,0,0,0,0,0,0,0,0,1,0,0,0,0,0,0,0,0,0,0,0
10,ALABAMA,501,6.3,1978,577.58,81.781,244.969,582.714,1581.01,1364,2313,4817,4947,4121,2391,3747,4619,1098,39104,85.5,39964,85.1,83.5,86.2,84.3,84.8,18881.49,8640.61,8158.97,54525.86,2031.87,15181.32,37312.67,1336.5,10,52423,65.2,70.3,11569000,347000000,158000000,19466000,592000000,496,669,113,195,5394,282,869,6489,312,53,372,818,2054436,8413,713628,0,0,0,0,0,0,0,0,0,1,0,0,0,0,0,0,0,0,0,0
11,ALABAMA,501,7.1,1979,670.208,122.863,291.485,498.062,1592.14,1518,1965,5137,5121,4173,2520,3804,5023,1112,40367,86.2,40979,85.4,84.9,85.1,84.8,85.9,19012.35,8663.5,8210.33,56589.16,2110,15791.36,38687.8,1362,10,52423,72.6,76.7,11534000,338000000,166000000,19400000,595000000,533,662,130,192,5328,212,789,6344,309,40,343,788,2062319,8518,769878,0,0,0,0,0,0,0,0,0,0,1,0,0,0,0,0,0,0,0,0
12,ALABAMA,501,8.8,1980,661.023,97.733,278.394,457.653,1516.23,1575,1683,4869,4876,4278,2517,3605,4956,987,39849,82.1,40380,80.2,78.6,81.4,81.3,85.5,19118.53,8628.83,8270.79,56481.93,2039.41,16137.73,38304.79,1356.1,10,52423,82.4,86,25490000,346000000,200000000,29146000,652000000,569,656,146,189,5262,141,710,6199,307,27,313,759,2105546,8716,823846,0,0,0,0,0,0,0,0,0,0,0,1,0,0,0,0,0,0,0,0
13,ALABAMA,501,10.7,1981,629.956,63.113,281.046,469.346,1485.74,1592,1456,4809,5011,4294,2616,3571,5849,1318,40672,80.9,41105,78.8,76.6,81,79.1,82.8,19118.25,8645.14,8257.26,58021.69,2017.89,16651.22,39352.58,1347.6,10,52423,90.9,94.4,27330000,373000000,220000000,30663000,698000000,606,649,163,185,5196,71,630,6053,305,13,283,729,2149718,8731,852841,0,0,0,0,0,0,0,0,0,0,0,0,1,0,0,0,0,0,0,0
14,ALABAMA,501,14.4,1982,511.059,112.184,253.487,458.644,1369.82,1562,1233,4348,4967,4174,2634,3617,5391,1341,39261,75,40328,72.8,69,78,74.6,79.5,19122,8612.47,8278.63,58893.97,1951.44,16916.25,40026.28,1312.5,10,52423,96.5,100,22908000,339000000,261000000,38184000,778000000,642,642,180,182,5130,0,550,5908,303,0,253,699,2194794,8300,836366,0,0,0,0,0,0,0,0,0,0,0,0,0,1,0,0,0,0,0,0
15,ALABAMA,501,13.7,1983,532.596,117.458,230.003,430.629,1303.06,1585,1281,4720,5455,4499,2659,3857,5574,1242,41255,75.8,42245,74.9,70.5,81.1,74.9,80.3,19257.47,8655.94,8366.37,59446.86,1879.52,16828.92,40738.42,1328.8,10,52423,99.6,102.7,28858000,411000000,258000000,36606000,835000000,639,639,191,191,5184,0,518,5903,316,0,285,745,2271950,8503,864316,0,0,0,0,0,0,0,0,0,0,0,0,0,0,1,0,0,0,0,0
16,ALABAMA,501,11.1,1984,584.607,111.467,239.653,461.874,1422.68,1796,1326,5710,5638,4849,3057,4203,5807,1319,44214,81.1,45118,80.4,78.3,83.1,80.3,82.5,19433.36,8726.24,8454.09,60688.04,1804.38,16981.8,41901.86,1387.7,10,52423,103.9,105.1,31722000,449000000,280000000,39133000,912000000,626,626,231,231,5112,0,529,5871,320,0,327,803,2266571,8375,927109,0,0,0,0,0,0,0,0,0,0,0,0,0,0,0,1,0,0,0,0
17,ALABAMA,501,8.9,1985,662.89,71.192,227.795,452.897,1395.2,1863,1460,5968,5746,4799,3189,4446,6234,1370,46234,80.3,46849,79.5,77.8,81.9,79.4,83.5,19723.37,8813.24,8601.14,61628.88,1909.21,17073.7,42645.97,1427.1,10,52423,107.6,107.2,41581000,536000000,296000000,47635000,1120000000,625,625,240,240,5102,0,541,5869,322,1,338,821,2343261,8380,986190,0,0,0,0,0,0,0,0,0,0,0,0,0,0,0,0,1,0,0,0
18,ALABAMA,501,9.8,1986,660.517,53.877,210.229,508.483,1435.66,1761,1522,6155,6058,4910,3380,4826,6140,1489,47790,79.2,48409,79,76.1,83,78.2,80.2,19935.66,8859.45,8695.54,63004.57,1809.37,17206.72,43988.48,1463.3,10,52423,109.6,108.8,34526000,468000000,266000000,43563000,973000000,623,623,249,249,5091,0,554,5868,324,2,349,840,2522043,8361,926530,0,0,0,0,0,0,0,0,0,0,0,0,0,0,0,0,0,1,0,0
19,ALABAMA,501,7.8,1987,660.663,76.614,214.613,561.208,1539.71,1798,1521,6730,6538,5439,3327,4648,6167,1517,49693,81.4,51210,81.4,78.6,85.4,79.9,82.5,20004.15,8825.24,8710.24,64585.57,1713.18,17208.97,45663.43,1502.2,10,52423,113.6,110.4,25636000,390000000,259000000,44955000,881000000,622,622,258,258,5081,0,566,5866,326,3,360,858,2633403,8402,904778,0,0,0,0,0,0,0,0,0,0,0,0,0,0,0,0,0,0,1,0
20,ALABAMA,501,7.2,1988,652.696,55.096,243.209,574.279,1609.8,1992,1531,7514,6577,6221,3331,4935,6174,1573,51974,84,53547,83.9,82.5,86,82.3,84.2,20204.46,8905.74,8790.12,66008.17,1631.6,17339.73,47036.84,1549.7,10,52423,118.3,113.2,41714000,470000000,342000000,42145000,1000000000,631,631,250,250,5084,0,568,5873,321,4,369,865,2919814,8443,952724,0,0,0,0,0,0,0,0,0,0,0,0,0,0,0,0,0,0,0,1
21,ARKANSAS,505,0,1969,0,30.115,349.99,236.027,645.52,971,1263,1673,1604,1402,812,1616,1592,1217,14170,86.9,15387,86.8,86.3,86.6,86.5,95.8,7613.26,3647.74,3320.54,19749.63,2499.27,3268.7,13981.66,530.7,9,53182,36.7,38.2,3516000,93681000,49181000,4903000,167000000,379,449,56,59,3109,393,405,3530,188,75,96,350,656719,4202,289544,1,0,0,0,0,0,0,0,0,0,0,0,0,0,0,0,0,0,0,0
22,ARKANSAS,505,5,1970,0,22.668,383.478,245.487,673.69,1022,1037,1644,1586,1401,804,1621,1629,1420,13972,80.8,15392,79.7,76.7,82.9,79.1,95.4,7982.02,3686.95,3643.44,20636.47,2591.27,3584.42,14460.79,534.3,9,53182,38.8,40,3633000,84062000,51775000,5928000,161000000,398,445,59,61,3081,425,438,3533,200,76,101,376,728355,4227,310754,0,1,0,0,0,0,0,0,0,0,0,0,0,0,0,0,0,0,0,0
23,ARKANSAS,505,5.4,1971,0.051,18.897,334.979,271.732,669.09,961,1055,1836,1674,1466,861,1754,1789,1365,14812,79.2,16177,78.2,74.3,82.8,77.4,93.9,8309.01,3780.05,3860.47,21245.48,2684,3668.45,14893.02,549.2,9,53182,40.5,41.4,4489000,106000000,54771000,7554000,188000000,413,441,61,61,3067,440,453,3532,222,78,110,408,751368,4389,319616,0,0,1,0,0,0,0,0,0,0,0,0,0,0,0,0,0,0,0,0
24,ARKANSAS,505,4.6,1972,0.05,17.059,317.64,315.211,712.42,925,1185,2234,1804,1599,971,1938,2043,1422,16280,84.3,17702,83.7,80.9,86.6,82.5,94.6,8399.59,3894.77,3813.06,21654.03,2486.2,3755.26,15412.57,581.5,9,53182,41.8,42.3,3961000,99640000,56170000,6928000,183000000,438,438,64,64,3025,465,481,3519,235,81,112,428,732378,5377,332540,0,0,0,1,0,0,0,0,0,0,0,0,0,0,0,0,0,0,0,0
25,ARKANSAS,505,4.3,1973,2.262,44.172,327.475,357.412,788.41,842,1208,2577,1987,1762,1015,2086,2140,1511,17314,88.4,18825,88.1,87.5,87.5,86.5,92.9,8512.06,3985.99,3799.44,22635.84,2629.14,3869.9,16136.8,614.5,9,53182,44.4,43.7,4587000,104000000,63328000,10223000,200000000,440,441,67,67,3078,482,499,3591,239,84,122,447,805023,7412,372988,0,0,0,0,1,0,0,0,0,0,0,0,0,0,0,0,0,0,0,0
26,ARKANSAS,505,5.2,1974,2.665,44.6,290.102,358.96,767.54,810,1235,2505,1907,1822,1025,2072,2323,1656,17631,84.2,19287,83.8,82.7,84,82.8,86.8,8651.26,4051.66,3857.1,23519.27,2765.42,4057.93,16695.92,640.7,9,53182,49.3,50,16003000,131000000,85347000,12116000,252000000,429,429,85,85,3042,465,482,3540,252,107,152,502,847981,7345,390217,0,0,0,0,0,1,0,0,0,0,0,0,0,0,0,0,0,0,0,0
27,ARKANSAS,505,9.5,1975,0.862,35.719,257.445,345.62,755,718,1216,2139,1831,1812,1170,2035,2312,1655,17369,74.6,19024,73.2,70.2,76.4,73.5,84,8921.91,4185.39,3975.13,26158.59,2865.71,5433.02,17859.86,623.8,9,53182,53.8,57.9,11358000,198000000,101000000,11276000,340000000,428,429,92,92,3026,467,485,3529,241,117,165,513,864803,7413,411105,0,0,0,0,0,0,1,0,0,0,0,0,0,0,0,0,0,0,0,0
28,ARKANSAS,505,7.1,1976,3.578,20.975,248.194,385.87,806.53,740,1326,2490,2103,1876,1216,2222,2426,1484,18793,79.3,20277,78.5,75.4,81.8,77.8,84.8,9234.85,4316.52,4124.79,26716.93,3048.89,5571.8,18096.24,660,9,53182,56.9,61.3,6411000,172000000,100000000,13381000,312000000,431,431,90,90,4645,486,513,5173,226,118,173,512,902070,6876,440101,0,0,0,0,0,0,0,1,0,0,0,0,0,0,0,0,0,0,0,0
29,ARKANSAS,505,6.6,1977,5.244,18.684,234.379,431.837,844.55,886,1354,2985,2310,2052,1104,2182,2525,1545,20091,83.3,21410,82.8,80.3,85.2,81.9,84.6,9374.54,4405.68,4147.86,27428.46,3183.77,5736.18,18508.51,695.6,9,53182,60.6,65.2,4899000,174000000,125000000,14323000,341000000,431,431,93,93,4641,499,546,5206,227,122,179,522,945489,6885,470435,0,0,0,0,0,0,0,0,1,0,0,0,0,0,0,0,0,0,0,0
30,ARKANSAS,505,6.3,1978,22.833,25.086,220.898,428.737,844.72,866,1455,3209,2570,2171,1217,2292,2737,1760,21454,85.5,23063,85.1,83.5,86.2,84.3,84.8,9554.83,4483.21,4212.4,28394.22,3286.75,5959.38,19148.09,732.7,9,53182,65.2,70.3,5886000,204000000,134000000,19000000,385000000,423,431,71,93,4656,491,526,5211,255,103,156,523,974123,6319,478102,0,0,0,0,0,0,0,0,0,1,0,0,0,0,0,0,0,0,0,0
31,ARKANSAS,505,6.2,1979,31.728,34.94,255.01,370.14,840.34,807,1480,3309,2695,2300,1300,2310,2858,1612,22173,86.2,23501,85.4,84.9,85.1,84.8,85.9,9705.24,4531.36,4283.48,29476.51,3413.13,6198.85,19864.53,749.4,9,53182,72.6,76.7,5560000,229000000,129000000,19135000,413000000,429,430,101,101,4632,497,545,5206,224,127,188,527,996625,5988,508212,0,0,0,0,0,0,0,0,0,0,1,0,0,0,0,0,0,0,0,0
32,ARKANSAS,505,7.6,1980,36.648,17.606,273.994,311.959,821.74,829,1423,3176,2639,2382,1288,2212,2984,1340,22165,82.1,23210,80.2,78.6,81.4,81.3,85.5,9872.87,4608.72,4347.47,31235.95,3504.81,6863.9,20867.24,742.3,9,53182,82.4,86,8237000,295000000,149000000,23319000,506000000,411,429,101,103,4572,258,284,4920,219,85,153,507,1036456,5536,531726,0,0,0,0,0,0,0,0,0,0,0,1,0,0,0,0,0,0,0,0
33,ARKANSAS,505,9.1,1981,101.935,12.913,265.051,298.329,779.09,830,1262,3187,2792,2513,1311,2220,3151,1848,22448,80.9,24134,78.8,76.6,81,79.1,82.8,9919.35,4681.5,4331.93,32008.74,3467.83,7082.31,21458.6,740.1,9,53182,90.9,94.4,10481000,233000000,127000000,21452000,425000000,392,428,100,104,4511,18,23,4633,213,42,117,487,1092943,5481,562370,0,0,0,0,0,0,0,0,0,0,0,0,1,0,0,0,0,0,0,0
34,ARKANSAS,505,9.8,1982,125.193,22.019,227.395,288.371,746.47,750,1113,2823,2947,2342,1303,2237,3486,1627,22085,75,23462,72.8,69,78,74.6,79.5,9861.76,4662.68,4264.94,32385.63,3353.63,7195.03,21836.96,720.1,9,53182,96.5,100,9520000,220000000,136000000,22051000,432000000,425,425,115,115,1550,24,40,1688,206,40,112,464,965330,5863,510173,0,0,0,0,0,0,0,0,0,0,0,0,0,1,0,0,0,0,0,0
35,ARKANSAS,505,10.1,1983,177.458,34.872,211.726,290.164,744.98,766,1102,3160,3192,2533,1333,2430,3292,1385,22980,75.8,24415,74.9,70.5,81.1,74.9,80.3,9754.55,4654.37,4165.58,32625.51,3230.03,7157.89,22237.59,741.3,9,53182,99.6,102.7,5041000,216000000,143000000,25326000,448000000,419,419,122,122,4560,24,107,4710,198,37,98,448,941393,3720,500358,0,0,0,0,0,0,0,0,0,0,0,0,0,0,1,0,0,0,0,0
36,ARKANSAS,505,8.9,1984,163.879,28.11,214.432,300.773,776.57,815,1210,3728,3340,2876,1547,2705,3360,1725,24989,81.1,26512,80.4,78.3,83.1,80.3,82.5,9675.47,4639.3,4089.13,33229.46,3100.9,7222.92,22905.64,780.2,9,53182,103.9,105.1,6941000,219000000,133000000,23256000,433000000,419,419,122,122,4542,24,96,4698,197,34,98,458,981174,4734,517154,0,0,0,0,0,0,0,0,0,0,0,0,0,0,0,1,0,0,0,0
37,ARKANSAS,505,8.7,1985,219.791,45.844,199.35,302.787,770.09,814,1251,3752,3320,2962,1593,2813,3454,1771,25523,80.3,27159,79.5,77.8,81.9,79.4,83.5,9787.2,4652.71,4173.84,32889.3,2850.61,7338.48,22700.21,797.1,9,53182,107.6,107.2,8553000,326000000,187000000,33236000,577000000,419,419,123,123,4517,19,89,4671,214,45,106,459,900065,5000,478634,0,0,0,0,0,0,0,0,0,0,0,0,0,0,0,0,1,0,0,0
38,ARKANSAS,505,8.7,1986,224.546,28.869,202.982,313.156,751.19,638,1330,3893,3462,3102,1702,2913,3398,1822,26104,79.2,28168,79,76.1,83,78.2,80.2,10059.51,4720.8,4374.41,33499.73,2701.53,7395.66,23402.54,813.8,9,53182,109.6,108.8,6064000,362000000,196000000,33163000,619000000,419,419,123,123,4548,81,95,4714,220,50,108,472,929254,5170,491823,0,0,0,0,0,0,0,0,0,0,0,0,0,0,0,0,0,1,0,0
39,ARKANSAS,505,8.1,1987,211.011,24.68,172.34,294.106,710.79,644,1202,4302,3687,3454,1671,2763,3336,1964,26737,81.4,28701,81.4,78.6,85.4,79.9,82.5,10320.55,4791.67,4535.59,34200.63,2557.91,7396.63,24246.09,834.5,9,53182,113.6,110.4,12388000,315000000,203000000,31006000,583000000,419,419,123,123,4568,84,99,4737,220,50,113,476,935599,5257,504135,0,0,0,0,0,0,0,0,0,0,0,0,0,0,0,0,0,0,1,0
40,ARKANSAS,505,7.7,1988,218.821,28.506,218.787,305.095,785.18,632,1167,4764,3720,3733,1672,2960,3351,2068,27734,84,29802,83.9,82.5,86,82.3,84.2,10411.96,4829.36,4544.12,34924.26,2436.11,7452.83,25035.32,859.9,9,53182,118.3,113.2,11366000,307000000,197000000,32216000,573000000,419,419,123,123,4470,98,151,4736,220,54,112,477,844810,5258,576982,0,0,0,0,0,0,0,0,0,0,0,0,0,0,0,0,0,0,0,1
41,ARIZONA,604,0,1969,8.381,62.991,210.332,201.347,493.93,852,2046,1906,396,1515,942,1966,2635,759,17593,86.9,18352,86.8,86.3,86.6,86.5,95.8,10148.42,4556.81,3963.75,23585.99,1492.55,1806.86,20286.58,517.2,5,114006,36.7,38.2,11656000,124000000,30257000,9364000,179000000,563,1132,50,80,2191,563,740,3001,18,50,89,164,782386,2087,239820,1,0,0,0,0,0,0,0,0,0,0,0,0,0,0,0,0,0,0,0
42,ARIZONA,604,4.4,1970,8.623,64.041,204.383,213.266,516.22,841,2140,1894,409,1602,1022,2115,2962,703,18585,80.8,19288,79.7,76.7,82.9,79.1,95.4,10560.54,4701.97,4231.23,24924.82,1547.5,2134.77,21242.55,547.4,5,114006,38.8,40,12273000,138000000,34802000,10107000,199000000,636,1144,51,76,2172,636,814,3065,11,51,96,165,828766,2122,262424,0,1,0,0,0,0,0,0,0,0,0,0,0,0,0,0,0,0,0,0
43,ARIZONA,604,4.7,1971,8.876,68.976,225.898,221.182,549.97,994,2521,1932,449,1696,1114,2311,3253,771,20269,79.2,21040,78.2,74.3,82.8,77.4,93.9,10977.53,4847.84,4515.11,26058.65,1602.88,2184.82,22270.95,582.5,5,114006,40.5,41.4,17604000,147000000,36475000,14102000,219000000,672,1177,25,76,2146,672,863,3087,19,25,67,168,892793,2382,289797,0,0,1,0,0,0,0,0,0,0,0,0,0,0,0,0,0,0,0,0
44,ARIZONA,604,4.2,1972,7.523,69.031,241.355,261.043,612.38,1026,2962,2333,539,1847,1259,2535,3629,741,22548,84.3,23289,83.7,80.9,86.6,82.5,94.6,11598.26,4963.46,4986.92,27304.64,1700.77,2236.52,23367.35,646.3,5,114006,41.8,42.3,16680000,177000000,48623000,13348000,264000000,698,1133,26,69,2146,698,896,3126,17,26,61,167,971681,2368,327821,0,0,0,1,0,0,0,0,0,0,0,0,0,0,0,0,0,0,0,0
45,ARIZONA,604,5,1973,9.927,73.797,226.325,325.801,666.86,878,3167,2576,635,2144,1362,2864,3972,642,24602,88.4,25244,88.1,87.5,87.5,86.5,92.9,12129.07,5071.38,5379.69,28829.44,1798.55,2304.8,24726.09,714.5,5,114006,44.4,43.7,14615000,175000000,46087000,22222000,270000000,790,1138,49,66,2169,790,983,3248,17,26,63,173,1048527,2472,368453,0,0,0,0,1,0,0,0,0,0,0,0,0,0,0,0,0,0,0,0
46,ARIZONA,604,6.8,1974,48.359,77.045,204.955,325.713,672.88,970,2681,2596,616,2253,1385,2779,4184,889,24809,84.2,25698,83.8,82.7,84,82.8,86.8,12929.06,5163.41,6000.77,30243.29,1891.78,2416.79,25934.72,746,5,114006,49.3,50,9993000,195000000,54812000,24713000,305000000,791,1136,31,75,2138,791,995,3231,48,31,77,194,1081551,2789,389595,0,0,0,0,0,1,0,0,0,0,0,0,0,0,0,0,0,0,0,0
47,ARIZONA,604,12.1,1975,92.449,75.339,164.346,306.742,655.55,981,2092,2445,595,2269,1373,2785,4272,687,24228,74.6,24915,73.2,70.2,76.4,73.5,84,13603.89,5249.82,6443.63,29384.15,1960.39,3218.34,24205.42,729.1,5,114006,53.8,57.9,11699000,247000000,61081000,29520000,365000000,795,1107,46,97,2065,795,1008,3176,55,46,101,245,1064348,3119,392025,0,0,0,0,0,0,1,0,0,0,0,0,0,0,0,0,0,0,0,0
48,ARIZONA,604,9.8,1976,139.96,78.407,180.181,307.35,687.26,996,1940,2590,649,2400,1409,3042,4338,888,25153,79.3,26041,78.5,75.4,81.8,77.8,84.8,14175.42,5358.45,6843.5,30072.6,1963.3,3300.55,24808.75,758.7,5,114006,56.9,61.3,18161000,238000000,72934000,25560000,362000000,895,1109,50,96,3201,895,1026,4331,47,50,88,230,1070842,3153,405361,0,0,0,0,0,0,0,1,0,0,0,0,0,0,0,0,0,0,0,0
49,ARIZONA,604,8.2,1977,179.848,68.674,176.449,351.128,733.98,772,2308,3042,699,2832,1235,3217,4369,838,26912,83.3,28110,82.8,80.3,85.2,81.9,84.6,14812.04,5470,7303.73,31139.49,2050.15,3397.92,25691.42,809.3,5,114006,60.6,65.2,15819000,257000000,81991000,22451000,389000000,0,903,12,147,3078,78,1035,4198,88,63,141,305,1118651,3292,432251,0,0,0,0,0,0,0,0,1,0,0,0,0,0,0,0,0,0,0,0
50,ARIZONA,604,6.1,1978,159.98,72.369,186.366,357.327,742.85,691,3115,3341,767,3079,1463,3574,4757,893,29752,85.5,31062,85.1,83.5,86.2,84.3,84.8,15547.62,5603.12,7812.01,32377.41,2116.46,3530.14,26730.81,895.4,5,114006,65.2,70.3,14557000,304000000,99317000,29123000,460000000,0,997,0,151,3155,0,0,4276,164,0,0,309,1191340,3408,470220,0,0,0,0,0,0,0,0,0,1,0,0,0,0,0,0,0,0,0,0
51,ARIZONA,604,5.1,1979,246.23,74.713,180.58,345.708,780.43,670,3575,3887,866,3222,1610,3926,5430,922,32692,86.2,33943,85.4,84.9,85.1,84.8,85.9,16344.9,5720.38,8458.88,33769.92,2197.84,3672,27900.08,979.9,5,114006,72.6,76.7,14845000,348000000,127000000,23165000,538000000,1019,1019,86,160,3054,1019,1137,4279,77,86,157,317,1259643,3691,505276,0,0,0,0,0,0,0,0,0,0,1,0,0,0,0,0,0,0,0,0
52,ARIZONA,604,6.7,1980,244.994,101.75,173.977,301.248,739.31,598,3349,4179,911,3378,1648,3801,5234,1064,33001,82.1,34708,80.2,78.6,81.4,81.3,85.5,17088.3,5816.05,9006.84,36387.16,2453.12,5113.37,28820.66,1014,5,114006,82.4,86,17355000,415000000,128000000,25063000,638000000,1029,1029,107,107,3104,0,88,3325,62,10,48,154,1372742,3879,540132,0,0,0,0,0,0,0,0,0,0,0,1,0,0,0,0,0,0,0,0
53,ARIZONA,604,6.1,1981,319.438,71.003,192.208,284.337,770.43,771,3239,4343,939,3540,1783,3849,5260,1094,33871,80.9,35244,78.8,76.6,81,79.1,82.8,17650.57,5918.5,9354.87,37332.1,2427.24,5276.07,29628.78,1040.8,5,114006,90.9,94.4,23015000,364000000,101000000,36720000,571000000,1029,1029,107,107,3105,0,107,3328,58,10,59,148,1507320,4127,590376,0,0,0,0,0,0,0,0,0,0,0,0,1,0,0,0,0,0,0,0
54,ARIZONA,604,9.9,1982,336.245,73.262,142.323,278.321,728.15,610,2887,3724,943,2973,1809,3859,5246,1017,32531,75,33603,72.8,69,78,74.6,79.5,18108.24,6019.86,9574.99,37829.83,2347.31,5360.05,30122.47,1029.8,5,114006,96.5,100,23985000,338000000,113000000,27011000,535000000,1028,1028,115,115,3010,0,83,3316,55,18,71,166,1582896,4540,628113,0,0,0,0,0,0,0,0,0,0,0,0,0,1,0,0,0,0,0,0
55,ARIZONA,604,9.1,1983,295.442,152.344,120.418,288.98,738.35,605,3484,4101,991,3306,1904,4134,5698,883,35134,75.8,35963,74.9,70.5,81.1,74.9,80.3,18792.09,6101.45,10115.86,38330.02,2260.8,5332.38,30736.84,1077.8,5,114006,99.6,102.7,25469000,407000000,115000000,32278000,650000000,1021,1021,123,123,3156,0,58,3316,53,12,81,172,1634258,4509,650709,0,0,0,0,0,0,0,0,0,0,0,0,0,0,1,0,0,0,0,0
56,ARIZONA,604,5,1984,324.862,161.845,126.844,314.616,784.41,642,4194,4888,1038,3558,2288,4833,6321,1055,39314,81.1,40010,80.4,78.3,83.1,80.3,82.5,19414.85,6282.51,10394.98,39246.83,2170.42,5380.82,31695.59,1181.9,5,114006,103.9,105.1,51079000,585000000,116000000,78993000,873000000,1021,1021,119,119,3153,0,58,3312,60,13,90,193,1504204,4044,602631,0,0,0,0,0,0,0,0,0,0,0,0,0,0,0,1,0,0,0,0
57,ARIZONA,604,6.5,1985,342.013,144.612,137.32,317.64,824.23,647,4726,5322,1086,3818,2554,5311,7143,1111,42908,80.3,43350,79.5,77.8,81.9,79.4,83.5,20212.42,6553.4,10735.88,44189.19,2392.8,4     6086.9,6     35709.3,1278.6,5,114006,107.6,107.2,121000000,655000000,114000000,61236000,968000000,1055,1055,111,111,3385,0,44,3525,53,12,82,171,1582722,4047,648252,0,0,0,0,0,0,0,0,0,0,0,0,0,0,0,0,1,0,0,0
58,ARIZONA,604,6.9,1986,295.886,148.369,105.2,336.16,836.24,741,4887,5796,1209,4120,2727,5696,7535,1301,45807,79.2,46058,79,76.1,83,78.2,80.2,21317.17,6885.8,11280.16,45585.85,2267.7,1     6134.3,8     37183.7,1337.8,5,114006,109.6,108.8,190000000,828000000,129000000,62294000,1180000000,1044,1044,117,117,3536,0,56,3685,75,16,130,265,1647879,4162,693480,0,0,0,0,0,0,0,0,0,0,0,0,0,0,0,0,0,1,0,0
59,ARIZONA,604,6.2,1987,282.882,103.894,121.41,343.8,858.44,823,4213,6394,1302,4696,2859,5662,7816,1580,47446,81.4,49026,81.4,78.6,85.4,79.9,82.5,22509.78,7448.13,11784.39,47251.17,2147.1,5     6135.1,8     38968.8,1383.7,5,114006,113.6,110.4,194000000,907000000,137000000,75950000,1310000000,1044,1044,117,117,3109,0,65,3266,42,4,120,214,1712441,4203,700413,0,0,0,0,0,0,0,0,0,0,0,0,0,0,0,0,0,0,1,0
60,ARIZONA,604,6.3,1988,309.042,79.673,128.59,348.89,895.11,869,3721,7012,1395,5064,2796,6026,7867,1496,49134,84,50630,83.9,82.5,86,82.3,84.2,23693.97,7955.02,12366.51,48932.84,2044.9,0     6181.8,0     40706.1,1410.6,5,114006,118.3,113.2,216000000,1070000000,199000000,77825000,1550000000,1039,1039,121,123,3041,0,115,3270,64,19,133,230,1927503,4236,773133,0,0,0,0,0,0,0,0,0,0,0,0,0,0,0,0,0,0,0,1
61,CALIFORNIA,804,0,1969,60.032,422.244,2189.88,2482.47,5266.61,7674,19524,31883,16392,21060,16348,25345,39493,6901,257720,86.9,264621,86.8,86.3,86.6,86.5,95.8,128545.4,42961.31,67746.8,172791.9,9671.4,1    34457.2,1    128663.3,6931.5,47,163707,36.7,38.2,209000000,1110000000,267000000,191000000,1720000000,1195,1695,542,650,5217,1714,2390,7708,149,1012,1333,1700,9686302,20734,1894444,1,0,0,0,0,0,0,0,0,0,0,0,0,0,0,0,0,0,0,0
62,CALIFORNIA,804,7.2,1970,61.813,399.515,2241.3,2522.8,5404.76,7878,17799,29081,16296,21144,16505,25438,41798,7101,256832,80.8,263933,79.7,76.7,82.9,79.1,95.4,132263.3,44768.37,69046.92,180864.3,10027.4,0    35940.1,8    134896.7,6947.7,47,163707,38.8,40,227000000,1250000000,289000000,189000000,1890000000,1355,1758,558,661,5081,1930,2586,7767,140,1055,1375,1726,9883790,20772,1996334,0,1,0,0,0,0,0,0,0,0,0,0,0,0,0,0,0,0,0,0
63,CALIFORNIA,804,8.8,1971,51.015,408.715,2265.32,2675.31,5651.44,7592,16441,28146,16724,21728,17470,26070,43601,7032,258568,79.2,265600,78.2,74.3,82.8,77.4,93.9,134451.5,46045.52,69592.17,187587.9,10386.2,6    36782.8,0    140418.8,6918.2,47,163707,40.5,41.4,209000000,1180000000,311000000,209000000,1870000000,1381,1716,638,716,4956,1975,2611,7668,156,1190,1518,1863,10234172,21192,2111817,0,0,1,0,0,0,0,0,0,0,0,0,0,0,0,0,0,0,0,0
64,CALIFORNIA,804,7.6,1972,47.452,329.587,2303.56,2753.35,5769.53,7827,16735,31738,17820,22713,18940,27782,46684,7584,273575,84.3,281159,83.7,80.9,86.6,82.5,94.6,135988.4,47064.46,69839.43,193535.8,8832.3,7    37653.1,5    147050.3,7209.6,47,163707,41.8,42.3,199000000,1080000000,325000000,199000000,1780000000,1282,1537,694,773,4783,1933,2470,7374,198,1414,1815,2144,10560142,21456,2270630,0,0,0,1,0,0,0,0,0,0,0,0,0,0,0,0,0,0,0,0
65,CALIFORNIA,804,7,1973,66.956,402.603,2154.05,3060.11,5938.88,8090,16939,33935,19246,24421,20096,29373,48711,6956,286779,88.4,293735,88.1,87.5,87.5,86.5,92.9,136827.3,47572.52,70162,204096.4,9340.1,6    38802.6,7    155953.6,7621.9,47,163707,44.4,43.7,135000000,988000000,353000000,234000000,1800000000,1376,1533,703,771,4616,2046,2566,7327,179,1380,1730,2027,10910604,23018,2479152,0,0,0,0,1,0,0,0,0,0,0,0,0,0,0,0,0,0,0,0
66,CALIFORNIA,804,7.3,1974,60.67,484.74,1937.14,2885.28,5703.67,7667,16245,33575,18570,25013,20174,28313,52516,8092,290316,84.2,298408,83.8,82.7,84,82.8,86.8,138487.4,47699.43,71133.44,213216.8,9824.3,1    40688.0,3    162704.5,7834.3,47,163707,49.3,50,112000000,993000000,375000000,256000000,1830000000,1417,1535,722,776,4532,2105,2628,7314,163,1400,1695,1964,11162119,23469,2498811,0,0,0,0,0,1,0,0,0,0,0,0,0,0,0,0,0,0,0,0
67,CALIFORNIA,804,9.9,1975,56.405,417.309,1937.32,2987.12,5922.95,7530,16100,32542,18637,24823,20833,29326,56709,7975,296543,74.6,304518,73.2,70.2,76.4,73.5,84,139514.2,47568.65,71598.89,221958.9,10180.5,9    40874.2,4    170904.1,7847.2,47,163707,53.8,57.9,93261000,1060000000,468000000,278000000,2010000000,1394,1496,756,806,4465,2067,2579,7201,189,1483,1768,2051,11226325,20948,2643397,0,0,0,0,0,0,1,0,0,0,0,0,0,0,0,0,0,0,0,0
68,CALIFORNIA,804,9.2,1976,66.63,240.579,1849.71,3251.19,6056.68,7671,17860,34557,19842,25459,22004,31335,59594,8384,311776,79.3,320160,78.5,75.4,81.8,77.8,84.8,139910.2,47137.99,71757.78,226544.3,10081.3,4    41918.3,3    174544.6,8154.2,47,163707,56.9,61.3,38338000,978000000,479000000,304000000,1980000000,1402,1500,767,815,8204,2138,2734,11019,182,1533,1717,1960,11478776,22323,2814744,0,0,0,0,0,0,0,1,0,0,0,0,0,0,0,0,0,0,0,0
69,CALIFORNIA,804,8.2,1977,75.109,148.707,1864.19,3619.15,6230.89,9164,18654,38204,20742,25909,19177,34083,56378,8740,321212,83.3,338040,82.8,80.3,85.2,81.9,84.6,139408.9,46472.4,71379.6,233936.4,10527.3,3    43155.0,0    180254.1,8599.7,47,163707,60.6,65.2,153000000,1010000000,518000000,353000000,2130000000,1281,1444,809,856,8135,1918,2432,10796,474,1551,1888,2469,11694053,22414,3241523,0,0,0,0,0,0,0,0,1,0,0,0,0,0,0,0,0,0,0,0
70,CALIFORNIA,804,7.1,1978,67.892,385.489,1646.33,3664.48,6336.47,8508,19613,41367,21892,27601,21783,36712,63092,8289,344998,85.5,359603,85.1,83.5,86.2,84.3,84.8,140217.3,46132.47,71787.54,243776.3,10867.8,4    44834.2,2    188074.2,9199.8,47,163707,65.2,70.3,96455000,958000000,597000000,359000000,2270000000,1310,1490,805,864,8418,1967,2505,11152,305,1558,1838,2242,12085836,22973,3468092,0,0,0,0,0,0,0,0,0,1,0,0,0,0,0,0,0,0,0,0
71,CALIFORNIA,804,6.2,1979,68.565,351.17,1900.36,3735.61,6576.18,8104,19924,45380,23017,28296,23534,37992,63259,9324,357058,86.2,374928,85.4,84.9,85.1,84.8,85.9,139777,45597.88,71253.16,255306,11285.7,3    46635.8,2    197384.4,9664.6,47,163707,72.6,76.7,93843000,1090000000,631000000,397000000,2390000000,1346,1516,831,891,8493,2021,2554,11281,306,1553,1834,2226,12466173,23466,3771658,0,0,0,0,0,0,0,0,0,0,1,0,0,0,0,0,0,0,0,0
72,CALIFORNIA,804,6.8,1980,66.17,424.541,1890.89,3498.59,6463.15,8351,17956,46617,22777,28942,24416,37725,64745,10807,361168,82.1,380221,80.2,78.6,81.4,81.3,85.5,139662.4,45042.91,71328.17,286402.6,14104.4,4    57889.1,1    214409.0,9848.8,47,163707,82.4,86,114000000,1290000000,672000000,460000000,2770000000,1384,1497,822,862,8292,1582,2253,10794,282,1245,1556,1944,13268006,24277,3580834,0,0,0,0,0,0,0,0,0,0,0,1,0,0,0,0,0,0,0,0
73,CALIFORNIA,804,7.4,1981,78.401,311.211,1947.37,3226.93,6239.59,9007,17555,47972,23283,29515,26003,38488,64409,10741,368904,80.9,378436,78.8,76.6,81,79.1,82.8,139232.4,44490.48,71239.48,297844,13955.6,2    59731.1,1    224157.3,9985.3,47,163707,90.9,94.4,130000000,1540000000,666000000,526000000,3180000000,1421,1478,813,833,8091,1143,1951,10306,258,938,1277,1663,13208593,24452,3557517,0,0,0,0,0,0,0,0,0,0,0,0,1,0,0,0,0,0,0,0
74,CALIFORNIA,804,9.9,1982,69.415,525.126,1765.17,2885.27,5981.35,8042,15246,46661,24528,29490,26348,38161,62130,10880,363206,75,372541,72.8,69,78,74.6,79.5,138535.7,44027.17,70679.82,305210.2,13496,8    60681.7,8    231032.3,9810.3,47,163707,96.5,100,136000000,1200000000,1070000000,513000000,3090000000,1459,1459,804,804,7890,704,1650,9819,234,630,999,1381,13420945,34111,3675347,0,0,0,0,0,0,0,0,0,0,0,0,0,1,0,0,0,0,0,0
75,CALIFORNIA,804,9.7,1983,32.022,598.716,1601.04,2998.4,5987.92,8636,15501,51552,26411,31963,27448,40973,64237,10553,382141,75.8,390528,74.9,70.5,81.1,74.9,80.3,138101.6,43826.52,70433.71,312008.6,12998.6,5    60368.5,2    238641.4,9965.8,47,163707,99.6,102.7,167000000,1260000000,1120000000,515000000,3240000000,1443,1443,938,938,8174,689,1325,9746,262,600,919,1332,13935390,33443,3797926,0,0,0,0,0,0,0,0,0,0,0,0,0,0,1,0,0,0,0,0
76,CALIFORNIA,804,7.8,1984,37.243,446.182,1739.83,3203.84,6383.73,9310,17973,58955,28804,33440,32681,44748,67623,10655,415070,81.1,420525,80.4,78.3,83.1,80.3,82.5,138170.9,43566.26,70483.33,324335.2,12479,0    60916.9,5    250939.2,10573.8,47,163707,103.9,105.1,208000000,1560000000,1220000000,618000000,3780000000,1425,1425,955,955,8089,688,1314,9648,465,527,820,1428,14095912,33804,3835287,0,0,0,0,0,0,0,0,0,0,0,0,0,0,0,1,0,0,0,0
77,CALIFORNIA,804,7.2,1985,45.264,369.843,1925.46,3101.36,6444.8,8949,19399,62534,29489,34247,34837,47623,71820,12577,436702,80.3,444082,79.5,77.8,81.9,79.4,83.5,139042.7,43350.54,71099.8,363779.7,11964.5,9    66007.7,1    285807.4,10979.1,47,163707,107.6,107.2,271000000,1770000000,1290000000,758000000,4240000000,1417,1417,971,971,8158,696,1305,9627,487,536,836,1449,14723189,34435,4141597,0,0,0,0,0,0,0,0,0,0,0,0,0,0,0,0,1,0,0,0
78,CALIFORNIA,804,6.7,1986,42.518,464.197,1591.05,3242.73,6459.7,7998,21066,65941,30825,36134,37592,50493,74758,14287,459071,79.2,464550,79,76.1,83,78.2,80.2,140693.7,42954.01,72439.95,374934.6,11338.8,9    66521.9,7    297073.7,11258.1,47,163707,109.6,108.8,292000000,1810000000,1340000000,741000000,4350000000,1416,1416,973,973,8147,681,1260,9576,499,548,855,1492,15364800,35812,4359648,0,0,0,0,0,0,0,0,0,0,0,0,0,0,0,0,0,1,0,0
79,CALIFORNIA,804,5.8,1987,44.951,331.254,1992.96,3324.58,6828.82,8320,22423,72758,33153,38768,37285,49824,80330,15608,484335,81.4,499943,81.4,78.6,85.4,79.9,82.5,142805.5,42883.84,73812.49,387763.6,10736,9    66530.6,9    310496.8,11657.7,47,163707,113.6,110.4,246000000,2230000000,1520000000,805000000,5050000000,1416,1416,973,973,8189,651,1222,9557,405,582,980,1519,15714903,36986,4542095,0,0,0,0,0,0,0,0,0,0,0,0,0,0,0,0,0,0,1,0
80,CALIFORNIA,804,5.3,1988,50.823,314.829,1860.39,3495.04,6984.62,8899,22920,79754,35293,40495,38841,53760,86216,14677,513997,84,528674,83.9,82.5,86,82.3,84.2,145321.6,42835.42,75276.83,400653.1,10224.8,5    67036.2,2    323392.0,12075.1,47,163707,118.3,113.2,244000000,2220000000,1560000000,931000000,5290000000,1412,1412,978,978,8149,580,1109,9530,383,607,1035,1556,16496522,37533,4802909,0,0,0,0,0,0,0,0,0,0,0,0,0,0,0,0,0,0,0,1
81,COLORADO,7?,0,1969,104.488,10.37,268.89,265.27,642.49,1454,2115,1722,1235,2283,1591,2375,3367,992,23646,86.9,24638,86.8,86.3,86.6,86.5,95.8,11402.52,4403.21,4834.28,23709.75,2062.7,5     2550.3,5     19096.6,713.2,8,104100,36.7,38.2,6686000,108000000,50134000,13213000,188000000,526,861,93,93,3257,544,684,3970,93,129,269,476,1049329,2586,320635,1,0,0,0,0,0,0,0,0,0,0,0,0,0,0,0,0,0,0,0
82,COLORADO,7?,4.4,1970,115.689,12.965,274.99,273.9,669.93,1630,2098,1722,1246,2332,1650,2469,3607,1129,24560,80.8,25689,79.7,76.7,82.9,79.1,95.4,11682.06,4535.52,4980.33,25186.8,2138.6,8     3212.5,2     19835.6,742.7,8,104100,38.8,40,662000,134000000,56097000,16745000,225000000,575,858,94,94,3211,581,733,3976,88,123,274,477,1099568,3775,339135,0,1,0,0,0,0,0,0,0,0,0,0,0,0,0,0,0,0,0,0
83,COLORADO,7?,4,1971,105.682,16.612,281.85,287.94,683.63,1627,2348,1746,1359,2454,1876,2722,3880,1189,26152,79.2,27341,78.2,74.3,82.8,77.4,93.9,12010.92,4757.59,5119.84,26010.17,2215.2,2     3287.8,4     20507.1,779.7,8,104100,40.5,41.4,6384000,156000000,60487000,19608000,255000000,627,855,97,98,3194,634,778,4012,84,127,279,484,1177372,3802,366424,0,0,1,0,0,0,0,0,0,0,0,0,0,0,0,0,0,0,0,0
84,COLORADO,7?,3.6,1972,119.006,12.903,301.65,311.59,747.26,1659,2715,1980,1523,2678,1978,3065,4318,1132,28492,84.3,29624,83.7,80.9,86.6,82.5,94.6,12473.28,4982.21,5284.64,27387.44,2729.1,1     3365.6,4     21292.6,869.4,8,104100,41.8,42.3,6554000,149000000,67229000,19600000,254000000,650,857,96,98,3174,657,815,4032,78,126,284,482,1271366,4034,404302,0,0,0,1,0,0,0,0,0,0,0,0,0,0,0,0,0,0,0,0
85,COLORADO,7?,4.1,1973,140.487,13.313,311.69,328.88,793.86,1819,2968,2327,1665,2942,2116,3393,4935,1048,31369,88.4,32417,88.1,87.5,87.5,86.5,92.9,12964.14,5143.73,5507.92,28763.31,2886,2     3468.3,9     22408.9,936,8,104100,44.4,43.7,9111000,134000000,78647000,21608000,258000000,667,847,89,98,3164,674,843,4055,79,125,283,484,1354147,5098,443922,0,0,0,0,1,0,0,0,0,0,0,0,0,0,0,0,0,0,0,0
86,COLORADO,7?,4.1,1974,138.303,14.774,302.73,323.86,779.59,1654,2752,2392,1591,3046,2133,3288,5255,1212,31827,84.2,33039,83.8,82.7,84,82.8,86.8,13483.92,5223.11,5796.53,29939.43,3035.6,2     3636.9,1     23266.9,959.7,8,104100,49.3,50,9495000,168000000,92468000,26870000,315000000,700,853,91,92,3134,719,912,4107,44,115,254,420,1394559,4860,462708,0,0,0,0,0,1,0,0,0,0,0,0,0,0,0,0,0,0,0,0
87,COLORADO,7?,6.9,1975,159.333,15.678,281,328.17,777.78,1951,2304,2398,1604,3033,2261,3331,5520,1222,32371,74.6,33593,73.2,70.2,76.4,73.5,84,14090.24,5318.1,6154.52,34680.9,3145.7,0     4693.9,8     26841.2,963.5,8,104100,53.8,57.9,8238000,181000000,100000000,28544000,340000000,725,854,95,95,3088,744,948,4102,51,119,261,433,1439779,5050,480369,0,0,0,0,0,0,1,0,0,0,0,0,0,0,0,0,0,0,0,0
88,COLORADO,7?,5.9,1976,185.147,13.36,276.29,347.43,812.08,2016,2522,2663,1695,3182,2406,3622,5681,1059,34164,79.3,35223,78.5,75.4,81.8,77.8,84.8,14736.89,5463.79,6525.79,35116.03,2937.3,4     4813.8,8     27364.8,1003.4,8,104100,56.9,61.3,7986000,208000000,105000000,33066000,378000000,722,838,109,121,3762,740,966,4807,46,135,265,397,1512098,5270,509920,0,0,0,0,0,0,0,1,0,0,0,0,0,0,0,0,0,0,0,0
89,COLORADO,7?,6.2,1977,223.762,11.187,253.99,356.66,825.76,2556,2654,3202,1730,3280,1971,4005,5548,1001,35924,83.3,37429,82.8,80.3,85.2,81.9,84.6,15240.49,5598.49,6754.09,36213.59,3067.2,9     4955.9,0     28190.4,1058.1,8,104100,60.6,65.2,9420000,202000000,120000000,34751000,390000000,689,824,105,111,3576,707,944,4790,53,130,257,393,1613657,5576,543692,0,0,0,0,0,0,0,0,1,0,0,0,0,0,0,0,0,0,0,0
90,COLORADO,7?,5.5,1978,218.619,13.918,234.6,377.47,838.84,2637,3008,3494,1868,3726,2275,4334,6142,868,39012,85.5,40522,85.1,83.5,86.2,84.3,84.8,15711.11,5705.99,6926.75,37674.72,3166.5,0     5148.7,4     29359.4,1150,8,104100,65.2,70.3,7296000,217000000,137000000,38918000,428000000,713,827,107,110,3546,731,970,4796,53,132,262,397,1905613,5335,623161,0,0,0,0,0,0,0,0,0,1,0,0,0,0,0,0,0,0,0,0
91,COLORADO,7?,4.8,1979,238.041,16.685,260.82,344.55,845.3,2251,3115,3789,1968,4132,2575,4616,6841,984,41371,86.2,42917,85.4,84.9,85.1,84.8,85.9,16272.57,5766.89,7231.19,39349.98,3288.2,6     5355.6,3     30706.0,1218,8,104100,72.6,76.7,14080000,283000000,171000000,43253000,534000000,737,830,109,109,3516,755,995,4801,52,134,266,401,1729090,5657,620009,0,0,0,0,0,0,0,0,0,0,1,0,0,0,0,0,0,0,0,0
92,COLORADO,7?,5.9,1980,247.615,17.834,254.57,329.94,840.1,2198,2907,3757,1906,4417,2748,4499,6837,1182,41796,82.1,43888,80.2,78.6,81.4,81.3,85.5,16692.71,5820.52,7307.84,45660.95,3586.5,6     6529.5,1     35544.8,1251.1,8,104100,82.4,86,24876000,286000000,212000000,56470000,595000000,755,814,110,110,3495,385,660,4406,51,83,233,348,1739718,5709,596866,0,0,0,0,0,0,0,0,0,0,0,1,0,0,0,0,0,0,0,0
93,COLORADO,7?,5.5,1981,278.732,14.621,210.51,303,815.31,2213,2977,3894,1998,4802,2982,4655,6896,1252,43410,80.9,44695,78.8,76.6,81,79.1,82.8,17027.52,5846.02,7462.46,47010.56,3548.7,2     6737.2,8     36724.5,1295.2,8,104100,90.9,94.4,19151000,238000000,212000000,55361000,545000000,773,797,110,110,3473,14,325,4010,49,32,199,295,1836984,5872,636461,0,0,0,0,0,0,0,0,0,0,0,0,1,0,0,0,0,0,0,0
94,COLORADO,7?,7.7,1982,276.433,17.249,224.99,309.72,831.15,2092,3133,3736,2062,4640,3128,4819,7039,1418,43896,75,45252,72.8,69,78,74.6,79.5,17388.99,5877.85,7612.28,47724.11,3431.8,6     6844.5,1     37447.7,1316.6,8,104100,96.5,100,33365000,283000000,232000000,60900000,636000000,806,806,110,110,3470,13,303,3993,56,35,219,322,1843399,5197,653131,0,0,0,0,0,0,0,0,0,0,0,0,0,1,0,0,0,0,0,0
95,COLORADO,7?,6.6,1983,254.698,19.686,215.09,320.57,827.39,2105,3203,3935,2179,5002,3080,5165,7378,1433,45630,75.8,46523,74.9,70.5,81.1,74.9,80.3,17785.25,5942.8,7842.15,48372.92,3305.3,7     6809.1,7     38258.3,1327.2,8,104100,99.6,102.7,33868000,342000000,247000000,57969000,748000000,788,788,158,158,3824,15,333,4399,97,61,383,561,1939178,5666,704024,0,0,0,0,0,0,0,0,0,0,0,0,0,0,1,0,0,0,0,0
96,COLORADO,7?,5.6,1984,286.888,22.394,230.11,336.68,874.11,2227,3311,4585,2305,5293,3536,5633,7566,1374,48431,81.1,49332,80.4,78.3,83.1,80.3,82.5,18327.12,6057.5,8116.55,49793.31,3305.3,7     6871.0,3     39616.9,1402.3,8,104100,103.9,105.1,25645000,391000000,270000000,63304000,805000000,763,767,159,159,3430,8,240,3869,66,36,353,458,2007519,5648,741140,0,0,0,0,0,0,0,0,0,0,0,0,0,0,0,1,0,0,0,0
97,COLORADO,7?,5.9,1985,299.07,24.374,218.72,331.18,869.14,2181,3118,4722,2376,5422,3623,5763,7645,1605,49264,80.3,50820,79.5,77.8,81.9,79.4,83.5,18889.54,6148.8,8400.5,47485.05,3151.4,1     7219.6,2     37114.0,1418.7,8,104100,107.6,107.2,26715000,452000000,290000000,71035000,886000000,760,761,163,163,3396,11,242,3845,69,31,334,447,2016522,5714,736642,0,0,0,0,0,0,0,0,0,0,0,0,0,0,0,0,1,0,0,0
98,COLORADO,7?,7.4,1986,295.376,23.226,198.44,342.1,859.39,2052,2870,4982,2413,5485,3652,5914,7270,1655,49403,79.2,51781,79,76.1,83,78.2,80.2,19350.74,6271.6,8610.35,48603.54,2986.6,0     7275.8,7     38341.0,1408.3,8,104100,109.6,108.8,34392000,472000000,293000000,77423000,949000000,759,760,164,164,3365,12,257,3877,61,28,350,439,2015917,5575,741460,0,0,0,0,0,0,0,0,0,0,0,0,0,0,0,0,0,1,0,0
99,COLORADO,7?,7.7,1987,296.539,18.645,210.15,337.09,870.5,1854,2416,5501,2549,5955,3595,5547,7181,1631,49618,81.4,51249,81.4,78.6,85.4,79.9,82.5,20112.45,6397.72,8992.9,49893.94,2827.8,3     7276.8,2     39789.3,1400.2,8,104100,113.6,110.4,25691000,453000000,297000000,82763000,930000000,790,790,152,152,3287,10,259,3844,58,43,369,450,2220941,5579,806834,0,0,0,0,0,0,0,0,0,0,0,0,0,0,0,0,0,0,1,0
100,COLORADO,7?,6.4,1988,311.366,17.864,228.95,339.66,902.39,1832,2065,6062,2630,6292,3497,5711,7020,1606,50511,84,52117,83.9,82.5,86,82.3,84.2,20639.31,6574.39,9288.62,51304.57,2693.1,7     7332.1,1     41279.2,1425.5,8,104100,118.3,113.2,34119000,536000000,312000000,81833000,1060000000,770,789,152,152,3242,12,287,3836,54,33,351,445,2121998,5519,795954,0,0,0,0,0,0,0,0,0,0,0,0,0,0,0,0,0,0,0,1
101,CONNECTICUT,1?,0,1969,59.211,4.439,58.4,553.55,679.58,30,3136,10248,2471,2363,1929,3386,6448,342,39085,86.9,39427,86.8,86.3,86.6,86.5,95.8,15865.66,7237.13,6420.42,24082.38,293.2,1     8925.9,4     14863.2,1194.1,14,5544,36.7,38.2,23172000,108000000,75327000,11261000,298000000,105,144,167,176,518,179,185,713,157,227,280,534,1489579,6190,181304,1,0,0,0,0,0,0,0,0,0,0,0,0,0,0,0,0,0,0,0
102,CONNECTICUT,1?,5.6,1970,48.577,3.456,61.54,587.38,706.72,37,3062,9301,2399,2481,2061,3464,6627,360,38520,80.8,38880,79.7,76.7,82.9,79.1,95.4,16559.99,7312.24,6840.91,25147.44,304,0     9092.5,0     15750.9,1197.5,14,5544,38.8,40,30418000,127000000,80136000,13341000,338000000,105,144,167,177,520,178,183,713,154,231,285,535,1534804,6484,191321,0,1,0,0,0,0,0,0,0,0,0,0,0,0,0,0,0,0,0,0
103,CONNECTICUT,1?,8.9,1971,36.411,4.098,62.42,546.56,669.05,34,2867,8204,2452,2624,2173,3568,6890,354,38161,79.2,38515,78.2,74.3,82.8,77.4,93.9,17346.79,7407.46,7296.8,26191.58,314.8,8     9305.6,7     16571.0,1164.3,14,5544,40.5,41.4,40737000,151000000,83557000,14189000,358000000,107,145,173,178,523,186,191,724,158,240,291,539,1626602,6726,157683,0,0,1,0,0,0,0,0,0,0,0,0,0,0,0,0,0,0,0,0
104,CONNECTICUT,1?,8.2,1972,4.249,5.584,65.03,607.56,703.84,37,2836,8455,2746,2822,2372,3739,6952,325,39712,84.3,40037,83.7,80.9,86.6,82.5,94.6,17803.12,7492.12,7569.84,27301.99,271.9,3     9525.8,6     17504.2,1190.4,14,5544,41.8,42.3,29430000,140000000,84097000,14880000,377000000,107,145,172,178,518,195,199,728,152,243,294,542,1695458,7007,157920,0,0,0,1,0,0,0,0,0,0,0,0,0,0,0,0,0,0,0,0
105,CONNECTICUT,1?,6.3,1973,2.625,4.644,63.55,629.97,730.08,39,2763,9524,2983,3084,2566,3878,7171,278,41879,88.4,42157,88.1,87.5,87.5,86.5,92.9,18225.2,7550.75,7793.45,28832.92,287.5,7     9816.6,8     18728.6,1238.7,14,5544,44.4,43.7,37738000,140000000,86323000,16300000,383000000,108,142,178,181,504,199,204,719,154,251,302,550,1723326,7134,160172,0,0,0,0,1,0,0,0,0,0,0,0,0,0,0,0,0,0,0,0
106,CONNECTICUT,1?,6.1,1974,6.522,4.47,67.14,576.97,700.32,38,2365,9769,2775,3116,2648,3624,7138,275,41552,84.2,41827,83.8,82.7,84,82.8,86.8,18686.78,7585.56,8073.9,30306.1,302.4,7    10293.6,5     19709.9,1264,14,5544,49.3,50,28854000,161000000,95405000,18763000,422000000,108,142,178,181,504,199,204,719,153,250,301,550,1828790,7689,154918,0,0,0,0,0,1,0,0,0,0,0,0,0,0,0,0,0,0,0,0
107,CONNECTICUT,1?,9.1,1975,1.272,5.135,64.33,535.84,675.85,31,1980,8663,2614,3122,2661,3653,6897,259,39611,74.6,39870,73.2,70.2,76.4,73.5,84,18871.06,7587.34,8179.59,27628.42,313.4,4     8730.4,1     18584.5,1223.4,14,5544,53.8,57.9,17272000,152000000,96383000,18560000,412000000,82,115,212,223,437,165,168,613,269,293,336,690,1793158,7482,148599,0,0,0,0,0,0,1,0,0,0,0,0,0,0,0,0,0,0,0,0
108,CONNECTICUT,1?,9.5,1976,1.152,3.976,66.38,559.99,727.85,32,1808,9013,2778,3120,2809,3775,7368,274,41052,79.3,41326,78.5,75.4,81.8,77.8,84.8,18798.54,7501.72,8129.91,28268.33,284.6,9     8953.4,2     19030.2,1239.7,14,5544,56.9,61.3,11584000,104000000,104000000,19443000,343000000,81,115,197,221,675,186,192,878,258,317,354,697,1919975,8011,159135,0,0,0,0,0,0,0,1,0,0,0,0,0,0,0,0,0,0,0,0
109,CONNECTICUT,1?,7,1977,1.167,4.497,64.71,556.34,735.89,43,1771,9600,3439,3395,2376,3822,7804,298,43140,83.3,42976,82.8,80.3,85.2,81.9,84.6,18566.24,7352.08,8020.13,29207.04,297.2,9     9217.5,6     19692.1,1282.3,14,5544,60.6,65.2,9523000,103000000,110000000,16202000,357000000,81,115,200,220,878,172,178,878,697,286,323,697,1922327,8086,159239,0,0,0,0,0,0,0,0,1,0,0,0,0,0,0,0,0,0,0,0
110,CONNECTICUT,1?,5.2,1978,0.807,3.723,66.04,569.83,754.32,38,1834,9881,3604,3450,2695,3997,7949,289,44754,85.5,44844,85.1,83.5,86.2,84.3,84.8,18487.06,7274.07,7918.05,30449.45,306.9,0     9576.2,3     20566.3,1346.1,14,5544,65.2,70.3,6029000,114000000,137000000,16820000,409000000,81,115,203,221,877,158,163,877,698,255,292,698,2006252,8439,166080,0,0,0,0,0,0,0,0,0,1,0,0,0,0,0,0,0,0,0,0
111,CONNECTICUT,1?,5.1,1979,1.07,4.777,68.75,541.36,741.17,43,1830,10402,3690,3492,2937,4138,8095,277,46225,86.2,46008,85.4,84.9,85.1,84.8,85.9,18385.98,7192,7806.72,31844.08,318.7,0     9961.0,4     21564.3,1398,14,5544,72.6,76.7,12659000,137000000,131000000,23525000,429000000,80,115,206,222,876,143,149,876,698,223,262,698,2029647,8541,168014,0,0,0,0,0,0,0,0,0,0,1,0,0,0,0,0,0,0,0,0
112,CONNECTICUT,1?,5.9,1980,0.364,2.659,74.18,511.04,698.2,75,1657,10588,3204,3568,3066,4112,7987,299,46196,82.1,45949,80.2,78.6,81.4,81.3,85.5,18271.34,7103.85,7770.67,31895.65,283.4,1     9918.6,1     21693.6,1426.8,14,5544,82.4,86,12726000,170000000,144000000,25381000,498000000,80,93,209,218,765,129,134,825,490,192,231,614,1984064,8293,155138,0,0,0,0,0,0,0,0,0,0,0,1,0,0,0,0,0,0,0,0
113,CONNECTICUT,1?,6.2,1981,0.904,2.7168,78.75,447.25,671.13,62,1687,10556,3362,3534,3289,4215,8289,304,46982,80.9,47397,78.8,76.6,81,79.1,82.8,18030.08,7017.05,7641.11,32967.44,280.42,10234.2,22452.82,1438.7,14,5544,90.9,94.4,4979000,165000000,131000000,28585000,476000000,80,80,213,213,653,115,120,773,282,161,200,530,1952134,8561,145821,0,0,0,0,0,0,0,0,0,0,0,0,1,0,0,0,0,0,0,0
114,CONNECTICUT,1?,6.9,1982,0.763,3.877,80.359,442.93,670.99,37,1678,9769,3655,3535,3425,4262,8115,371,46501,75,47241,72.8,69,78,74.6,79.5,17739.88,6959.31,7447.65,33668.53,271.18,10397.1,23000.25,1429.8,14,5544,96.5,100,3532000,148000000,159000000,29152000,504000000,80,80,213,213,653,115,120,773,287,163,203,538,2099377,9214,149384,0,0,0,0,0,0,0,0,0,0,0,0,0,1,0,0,0,0,0,0
115,CONNECTICUT,1?,6,1983,0.712,3.9773,76.585,434.62,654.49,38,2053,10374,3889,3871,3467,4696,8806,384,49670,75.8,50594,74.9,70.5,81.1,74.9,80.3,17494.36,6890.73,7303.19,34439.31,261.19,10343.42,23834.7,1446.5,14,5544,99.6,102.7,7672000,203000000,178000000,35352000,580000000,108,108,229,229,596,93,93,689,327,170,212,576,2149351,8994,146757,0,0,0,0,0,0,0,0,0,0,0,0,0,0,1,0,0,0,0,0
116,CONNECTICUT,1?,4.6,1984,1.489,3.8968,83.491,453.14,668.09,45,2332,11766,3910,4204,3991,5212,9703,402,54307,81.1,55117,80.4,78.3,83.1,80.3,82.5,17317.13,6861.64,7142.44,35816.37,261.19,10437.38,25117.8,1520.5,14,5544,103.9,105.1,8693000,230000000,191000000,40454000,658000000,107,107,229,229,590,99,99,689,315,173,215,580,2207317,9309,148875,0,0,0,0,0,0,0,0,0,0,0,0,0,0,0,1,0,0,0,0
117,CONNECTICUT,1?,4.9,1985,21.317,3.1705,80.561,436.75,677.32,46,2476,11985,3997,4469,4433,5572,10206,462,57110,80.3,58263,79.5,77.8,81.9,79.4,83.5,17290.61,6878.14,7097.92,40413.22,410.44,11123.86,28878.92,1562.3,14,5544,107.6,107.2,9988000,315000000,207000000,57380000,718000000,108,108,231,231,581,103,103,689,309,171,218,580,2306432,8353,150065,0,0,0,0,0,0,0,0,0,0,0,0,0,0,0,0,1,0,0,0
118,CONNECTICUT,1?,3.8,1986,21.237,8.245,81.269,455.88,697.29,54,2707,12643,4205,4563,4807,6298,11012,569,60826,79.2,61750,79,76.1,83,78.2,80.2,17350.14,6934.84,7065.82,42119.46,388.98,11210.53,30519.95,1604.2,14,5544,109.6,108.8,15857000,410000000,211000000,59554000,859000000,108,108,232,232,586,96,96,689,308,162,220,582,2402332,8648,151369,0,0,0,0,0,0,0,0,0,0,0,0,0,0,0,0,0,1,0,0
119,CONNECTICUT,1?,3.3,1987,21.397,9.4132,94.69,448.82,725.65,63,3120,13513,4358,5179,4994,6550,12128,640,65287,81.4,65927,81.4,78.6,85.4,79.9,82.5,17597.19,7064.15,7188.26,44152.31,368.3,11212,32572.02,1639.3,14,5544,113.6,110.4,14943000,505000000,256000000,62397000,1020000000,109,109,233,233,587,95,95,688,304,169,226,579,2448501,8644,154904,0,0,0,0,0,0,0,0,0,0,0,0,0,0,0,0,0,0,1,0
120,CONNECTICUT,1?,3,1988,23.105,10.3189,90.95,480.95,754.45,80,3313,14422,4383,5477,5259,7152,13108,627,69498,84,70125,83.9,82.5,86,82.3,84.2,17871.09,7236.71,7309.64,46318.68,350.76,11297.19,34670.73,1673.9,14,5544,118.3,113.2,20418000,537000000,259000000,46308000,1030000000,109,109,233,233,583,98,98,688,297,167,230,577,2490237,8660,153030,0,0,0,0,0,0,0,0,0,0,0,0,0,0,0,0,0,0,0,1
121,DELAWARE,210,0,1969,41.72,0,26.949,137.83,205.15,2,655,599,1441,552,271,615,1079,176,6754,86.9,6930,86.8,86.3,86.6,86.5,95.8,4250.95,2078.95,1937.77,6108.14,207.31,2457.07,3443.76,210.3,1,2489,36.7,38.2,2425000,45204000,12306000,5706000,89745000,6,6,23,33,312,6,151,467,63,23,79,169,250433,1130,45092,1,0,0,0,0,0,0,0,0,0,0,0,0,0,0,0,0,0,0,0
122,DELAWARE,210,4.8,1970,37.238,0,26.949,149.05,207.84,3,666,483,1505,566,262,629,998,134,6729,80.8,6863,79.7,76.7,82.9,79.1,95.4,4405.92,2076.73,2098.67,6361.22,214.94,2512.22,3634.07,213.1,1,2489,38.8,40,6238000,31990000,11597000,4708000,76500000,6,6,23,33,312,6,151,467,63,23,79,169,263137,1171,48034,0,1,0,0,0,0,0,0,0,0,0,0,0,0,0,0,0,0,0,0
123,DELAWARE,210,5.7,1971,36.677,0,26.981,150.05,210.72,3,689,644,1642,627,282,664,1041,137,7262,79.2,7399,78.2,74.3,82.8,77.4,93.9,4560.71,2105.3,2221.82,6602.65,222.63,2571.12,3808.91,216.5,1,2489,40.5,41.4,4449000,33253000,12260000,5795000,81687000,0,0,30,30,280,0,133,414,74,0,74,156,264079,1286,51147,0,0,1,0,0,0,0,0,0,0,0,0,0,0,0,0,0,0,0,0
124,DELAWARE,210,4.7,1972,23.493,0,24.569,170.81,221.25,9,749,656,1787,677,342,717,961,147,7682,84.3,7829,83.7,80.9,86.6,82.5,94.6,4725.12,2125.88,2315.4,6892.09,248.06,2631.95,4012.08,232.4,1,2489,41.8,42.3,6629000,40635000,12131000,5902000,93175000,0,0,29,30,280,0,132,413,81,0,87,156,269676,1287,52008,0,0,0,1,0,0,0,0,0,0,0,0,0,0,0,0,0,0,0,0
125,DELAWARE,210,5.1,1973,21.047,0,23.408,192.16,236.03,27,766,734,2201,755,364,763,982,173,8431,88.4,8604,88.1,87.5,87.5,86.5,92.9,4927.52,2195.49,2407.71,7263.84,262.32,2712.31,4289.21,239.4,1,2489,44.4,43.7,8757000,55522000,13062000,10343000,113000000,0,0,29,30,279,0,132,413,52,30,96,156,277262,1307,54568,0,0,0,0,1,0,0,0,0,0,0,0,0,0,0,0,0,0,0,0
126,DELAWARE,210,6.7,1974,21.254,0,20.772,187.64,218.74,50,701,593,1628,752,389,687,931,159,7618,84.2,7777,83.8,82.7,84,82.8,86.8,4988.37,2197.46,2441.23,7624.03,275.92,2844.09,4504.02,233.1,1,2489,49.3,50,3636000,46833000,12576000,16202000,115000000,9,9,20,21,281,8,160,443,39,19,72,117,284832,1325,57675,0,0,0,0,0,1,0,0,0,0,0,0,0,0,0,0,0,0,0,0
127,DELAWARE,210,9.8,1975,22.938,0,18.975,171.13,207.93,58,632,506,1730,757,388,704,842,186,7439,74.6,7625,73.2,70.2,76.4,73.5,84,4959.87,2161.42,2439.86,7706.19,285.93,2648.96,4771.3,229.9,1,2489,53.8,57.9,2091000,36597000,12747000,13741000,97060000,7,7,24,24,282,7,170,453,32,24,68,106,289164,1404,60424,0,0,0,0,0,0,1,0,0,0,0,0,0,0,0,0,0,0,0,0
128,DELAWARE,210,8.9,1976,20.186,0,19.662,184.74,219.14,76,630,573,1887,802,374,730,924,176,7885,79.3,8061,78.5,75.4,81.8,77.8,84.8,4958.47,2158.95,2399.41,7845.75,250.96,2716.62,4878.17,236.7,1,2489,56.9,61.3,2990000,49948000,14393000,13817000,117000000,6,7,23,23,185,6,169,355,25,24,69,103,297453,1492,62638,0,0,0,0,0,0,0,1,0,0,0,0,0,0,0,0,0,0,0,0
129,DELAWARE,210,8.4,1977,17.713,0,16.261,191.15,219.44,112,558,614,1919,843,384,652,1102,142,8139,83.3,8313,82.8,80.3,85.2,81.9,84.6,4954.21,2134.89,2378.38,8100.95,262.07,2796.77,5042.12,238.8,1,2489,60.6,65.2,2590000,40692000,15723000,15438000,135000000,6,7,26,27,184,6,170,355,27,27,69,105,307683,1482,64740,0,0,0,0,0,0,0,0,1,0,0,0,0,0,0,0,0,0,0,0
130,DELAWARE,210,7.6,1978,21.812,0,21.263,183.45,218.41,78,550,702,1911,830,426,675,1062,136,8252,85.5,8390,85.1,83.5,86.2,84.3,84.8,4936.91,2103.91,2350.9,8435.96,270.54,2905.6,5259.82,247.8,1,2489,65.2,70.3,2983000,55613000,19011000,16718000,138000000,7,7,29,30,182,7,170,356,29,29,68,107,314871,1517,69401,0,0,0,0,0,0,0,0,0,1,0,0,0,0,0,0,0,0,0,0
131,DELAWARE,210,8,1979,23.914,0,25.758,196.07,240.72,23,510,717,1957,797,450,688,1066,124,8253,86.2,8360,85.4,84.9,85.1,84.8,85.9,4868.74,2071.23,2309.14,8811.38,280.95,3022.35,5508.08,256.7,1,2489,72.6,76.7,2306000,43261000,19882000,17493000,129000000,7,7,32,34,181,7,171,356,31,32,68,109,319310,1565,72225,0,0,0,0,0,0,0,0,0,0,1,0,0,0,0,0,0,0,0,0
132,DELAWARE,210,7.7,1980,28.063,0,30.84,190.12,245.81,5,474,754,1904,754,446,655,1029,89,8091,82.1,8200,80.2,78.6,81.4,81.3,85.5,4825.97,2050.14,2284.4,9049.53,295.6,2987.58,5766.35,259.2,1,2489,82.4,86,4737000,70174000,21970000,21199000,166000000,7,7,34,34,174,0,172,347,20,0,50,76,321644,1577,73906,0,0,0,0,0,0,0,0,0,0,0,1,0,0,0,0,0,0,0,0
133,DELAWARE,210,7.9,1981,50.618,0,31.716,144.64,200.08,2,389,723,1954,731,478,662,1058,126,8044,80.9,8344,78.8,76.6,81,79.1,82.8,4786.37,2038.78,2259.82,9327.72,292.48,3082.64,5952.61,259.2,1,2489,90.9,94.4,4455000,85021000,19346000,19559000,181000000,7,7,34,34,165,0,183,349,27,0,41,75,327035,1622,76099,0,0,0,0,0,0,0,0,0,0,0,0,1,0,0,0,0,0,0,0
134,DELAWARE,210,8.5,1982,47.947,0,28.752,125.57,187.73,-1,419,615,2097,659,502,671,1134,160,8137,75,8435,72.8,69,78,74.6,79.5,4768.17,2029.77,2255.93,9486.76,282.85,3131.7,6072.21,259.2,1,2489,96.5,100,5142000,72439000,23029000,20822000,180000000,7,7,34,34,159,0,189,349,28,0,42,75,333803,1634,79327,0,0,0,0,0,0,0,0,0,0,0,0,0,1,0,0,0,0,0,0
135,DELAWARE,210,8.1,1983,73.014,0,35.512,123.41,197.05,-1,429,763,2231,709,471,716,1210,182,8587,75.8,8883,74.9,70.5,81.1,74.9,80.3,4743.86,2037.26,2223.3,9630.61,272.42,3115.54,6242.66,266.1,1,2489,99.6,102.7,5245000,86574000,29115000,21111000,203000000,0,0,41,41,153,0,179,332,29,0,59,96,342205,1602,82996,0,0,0,0,0,0,0,0,0,0,0,0,0,0,1,0,0,0,0,0
136,DELAWARE,210,6.2,1984,72.797,0,43.865,125.79,215.14,-2,425,799,2327,733,533,771,1328,215,9018,81.1,9347,80.4,78.3,83.1,80.3,82.5,4731.49,2043.62,2197.2,9921.23,272.42,3143.84,6504.97,280,1,2489,103.9,105.1,4209000,101000000,29870000,24984000,224000000,0,0,41,41,166,0,166,332,32,0,59,97,366024,1609,91763,0,0,0,0,0,0,0,0,0,0,0,0,0,0,0,1,0,0,0,0
137,DELAWARE,210,5.3,1985,71.436,0,39.456,120.62,210.76,-3,432,858,2338,737,584,816,1431,221,9399,80.3,9699,79.5,77.8,81.9,79.4,83.5,4716.73,2052.16,2172.53,10655,285.15,2849.14,7520.72,293.4,1,2489,107.6,107.2,2003000,98746000,38290000,29550000,252000000,0,0,41,41,172,0,163,335,30,0,61,97,369407,1680,94004,0,0,0,0,0,0,0,0,0,0,0,0,0,0,0,0,1,0,0,0
138,DELAWARE,210,4.3,1986,66.423,0,33.604,126.14,213.6,-1,472,767,2446,784,600,889,1399,284,9668,79.2,10072,79,76.1,83,78.2,80.2,4682.39,2051.68,2137.66,11085.71,270.24,2871.33,7944.14,303.2,1,2489,109.6,108.8,2174000,102000000,38994000,31190000,257000000,0,0,41,41,160,0,174,334,35,0,58,98,378639,1762,99264,0,0,0,0,0,0,0,0,0,0,0,0,0,0,0,0,0,1,0,0
139,DELAWARE,210,3.2,1987,70.488,0,37.254,126.2,221.78,1,496,837,2623,917,650,909,1609,245,10506,81.4,10751,81.4,78.6,85.4,79.9,82.5,4654.77,2062.5,2095.7,11607.23,255.87,2871.71,8479.65,319.5,1,2489,113.6,110.4,5811000,115000000,39139000,37292000,278000000,0,0,41,41,161,0,173,334,30,0,61,98,383174,2805,14224,0,0,0,0,0,0,0,0,0,0,0,0,0,0,0,0,0,0,1,0
140,DELAWARE,210,3.2,1988,69.026,0,29.93,141.12,229.14,0,554,822,2736,1003,680,984,1733,274,11153,84,11427,83.9,82.5,86,82.3,84.2,4681.46,2112.78,2064.93,12209.28,243.69,2893.53,9072.06,330.2,1,2489,118.3,113.2,22363000,157000000,49904000,36131000,371000000,0,0,41,41,179,0,155,334,33,0,53,101,397286,1796,112858,0,0,0,0,0,0,0,0,0,0,0,0,0,0,0,0,0,0,0,1
141,FLORIDA,512,0,1969,104.1,2.8621,326.855,978.35,1409.04,506,7373,4101,3159,5789,4317,7624,11347,2487,64843,86.9,67330,86.8,86.3,86.6,86.5,95.8,29696.86,12622.3,12899.68,57178.05,2851.66,7355.56,46970.83,2069.9,32,65758,36.7,38.2,32185000,234000000,102000000,56694000,481000000,626,1144,109,287,2583,624,1570,4218,152,109,580,888,3379748,7621,507387,1,0,0,0,0,0,0,0,0,0,0,0,0,0,0,0,0,0,0,0
142,FLORIDA,512,4.4,1970,116.72,3.0611,350.626,1069.05,1533.6,566,7383,3860,3235,6135,4677,8087,11766,2399,67242,80.8,69641,79.7,76.7,82.9,79.1,95.4,30683.09,12873.62,13526.5,60238.01,2956.63,7793.83,49487.55,2152.1,32,65758,38.8,40,45625000,309000000,111000000,60480000,565000000,707,1198,102,263,2571,707,1694,4333,153,102,603,913,3556410,7743,556210,0,1,0,0,0,0,0,0,0,0,0,0,0,0,0,0,0,0,0,0
143,FLORIDA,512,4.9,1971,117.154,2.6505,350.527,1171.23,1631.07,670,7108,3782,3403,6455,5096,8740,12815,2633,70537,79.2,73170,78.2,74.3,82.8,77.4,93.9,32089.12,13424.21,14346.86,62873.97,3062.44,7976.56,51834.97,2249.2,32,65758,40.5,41.4,46992000,398000000,126000000,69706000,681000000,738,1185,105,266,2472,738,1805,4342,145,105,613,914,3917887,8132,608281,0,0,1,0,0,0,0,0,0,0,0,0,0,0,0,0,0,0,0,0
144,FLORIDA,512,4.5,1972,123.613,2.4724,311.235,1332,1758.42,792,8303,4406,3849,7166,5853,9850,14264,2717,78596,84.3,81313,83.7,80.9,86.6,82.5,94.6,33480.99,13999.7,15212.91,66432.27,3664.16,8165.3,54602.81,2513.1,32,65758,41.8,42.3,82908000,427000000,126000000,74066000,728000000,733,1150,165,312,2399,733,1793,4250,113,174,636,864,4132336,8359,695291,0,0,0,1,0,0,0,0,0,0,0,0,0,0,0,0,0,0,0,0
145,FLORIDA,512,4.3,1973,152.578,2.4306,324.892,1435.67,1950.31,1322,9965,5012,4330,8420,6569,11022,15877,2291,88606,88.4,90897,88.1,87.5,87.5,86.5,92.9,34650.29,14586.91,15781.65,70452.68,3874.82,8414.58,58163.28,2778.6,32,65758,44.4,43.7,90926000,487000000,145000000,89295000,797000000,701,1147,176,327,3105,0,1059,4229,331,10,468,920,4536840,8614,801791,0,0,0,0,1,0,0,0,0,0,0,0,0,0,0,0,0,0,0,0
146,FLORIDA,512,6.2,1974,146.604,2.6249,302.002,1351.17,1888.02,1961,9197,4810,4060,8817,6648,10673,16339,2313,89850,84.2,92163,83.8,82.7,84,82.8,86.8,36103.75,15075.13,16582.51,73809.64,4075.68,8823.43,60910.53,2863.8,32,65758,49.3,50,101000000,594000000,167000000,116000000,1010000000,810,1164,190,336,2271,796,1909,4255,129,212,587,805,4704754,14733,896583,0,0,0,0,0,1,0,0,0,0,0,0,0,0,0,0,0,0,0,0
147,FLORIDA,512,10.7,1975,133.463,2.4383,292.139,1381.59,1898.9,2174,6442,4248,4151,8879,6190,10591,16186,2742,86760,74.6,89502,73.2,70.2,76.4,73.5,84,37942.62,15538.54,17678.06,87196.5,4223.48,10143.18,72829.84,2746.4,32,65758,53.8,57.9,82038000,567000000,215000000,116000000,1010000000,812,1164,194,331,2255,799,1935,4255,124,214,595,806,4499154,17829,878389,0,0,0,0,0,0,1,0,0,0,0,0,0,0,0,0,0,0,0,0
148,FLORIDA,512,9,1976,141.836,2.6875,300.867,1481.95,2016.77,2022,5752,4423,4372,9355,6288,11127,16712,2803,88154,79.3,90957,78.5,75.4,81.8,77.8,84.8,39393.89,15790.7,18198.72,88699.63,3960.21,10402.28,74337.14,2784.3,32,65758,56.9,61.3,80182000,476000000,229000000,105000000,937000000,793,1078,297,464,4945,756,1842,6855,641,299,1118,1949,4835141,21648,991195,0,0,0,0,0,0,0,1,0,0,0,0,0,0,0,0,0,0,0,0
149,FLORIDA,512,8.2,1977,159.934,2.537,315.95,1507.92,2172.61,1271,5769,5201,4757,9664,5782,11015,16869,2916,90540,83.3,95449,82.8,80.3,85.2,81.9,84.6,40859.4,15985.09,18750.48,91517.52,4135.4,10709.17,76672.94,2933.2,32,65758,60.6,65.2,68768000,499000000,249000000,110000000,1000000000,787,1066,304,432,4899,744,1854,6871,614,306,1148,1954,5017459,22657,1055698,0,0,0,0,0,0,0,0,1,0,0,0,0,0,0,0,0,0,0,0
150,FLORIDA,512,6.6,1978,175.523,2.3628,333.306,1587.73,2278.47,1501,6705,6000,5174,10354,6556,11932,18060,3170,97976,85.5,103064,85.1,83.5,86.2,84.3,84.8,42107.13,16220.82,19260.59,95108.5,4269.17,11125.88,79713.45,3180.6,32,65758,65.2,70.3,69338000,590000000,291000000,126000000,1160000000,789,1063,310,444,4847,745,1903,6867,604,312,1159,1963,5738031,26065,1151844,0,0,0,0,0,0,0,0,0,1,0,0,0,0,0,0,0,0,0,0
151,FLORIDA,512,6,1979,202.252,2.4928,357.014,1639.09,2373.08,1631,7570,6670,5399,10973,7296,12664,18908,3193,104109,86.2,109121,85.4,84.9,85.1,84.8,85.9,43192.98,16457.76,19736.88,99248.64,4433.32,11572.95,83242.37,3381.2,32,65758,72.6,76.7,72933000,638000000,300000000,133000000,1240000000,775,1062,316,444,4840,746,1910,6868,609,320,1182,1986,6011033,28199,1259730,0,0,0,0,0,0,0,0,0,0,1,0,0,0,0,0,0,0,0,0
152,FLORIDA,512,5.9,1980,225.457,2.2295,329.568,1661.58,2444.05,1630,8288,7117,5391,11529,7709,12920,18152,3563,107147,82.1,113857,80.2,78.6,81.4,81.3,85.5,44311.68,16724.87,20156.15,108486.9,4563.43,14422.75,89500.68,3576.2,32,65758,82.4,86,111000000,988000000,340000000,136000000,1640000000,1007,1016,318,329,5167,0,1257,6453,523,24,996,1685,6196637,29260,1387642,0,0,0,0,0,0,0,0,0,0,0,1,0,0,0,0,0,0,0,0
153,FLORIDA,512,6.8,1981,236.471,1.8805,357.473,1639.61,2428.83,1564,9183,7483,5583,11641,8351,13652,19675,3441,113107,80.9,118145,78.8,76.6,81,79.1,82.8,45492,16952.95,20724.45,111868,4515.28,14881.67,92471.01,3736,32,65758,90.9,94.4,92399000,897000000,411000000,144000000,1630000000,922,922,335,335,4665,0,1158,6180,693,17,1473,2342,6484571,30380,1459147,0,0,0,0,0,0,0,0,0,0,0,0,1,0,0,0,0,0,0,0
154,FLORIDA,512,8.2,1982,240.179,2.7282,339.099,1427.57,2322.46,1736,8638,7421,5874,11673,8647,13954,19042,3805,113392,75,118301,72.8,69,78,74.6,79.5,47116.82,17282.36,21650.87,113951.6,4366.6,15118.53,94466.42,3761.9,32,65758,96.5,100,87572000,824000000,480000000,155000000,1630000000,930,930,322,322,4493,0,1315,6164,652,3,1431,2238,6753616,32178,1548800,0,0,0,0,0,0,0,0,0,0,0,0,0,1,0,0,0,0,0,0
155,FLORIDA,512,8.6,1983,318.946,2.3137,321.01,1426.31,2388.67,1840,9142,8349,6258,12889,9072,15377,19892,4189,121092,75.8,126322,74.9,70.5,81.1,74.9,80.3,48538.98,17597.76,22457.33,116417.2,4205.66,15040.48,97171.06,3905.4,32,65758,99.6,102.7,114000000,774000000,559000000,161000000,1670000000,927,927,318,318,4254,0,1484,6096,626,3,1466,2237,7113942,33276,1661268,0,0,0,0,0,0,0,0,0,0,0,0,0,0,1,0,0,0,0,0
156,FLORIDA,512,6.3,1984,378.652,2.1963,318.172,1305.98,2442.63,1959,10636,9919,6501,13550,10481,16936,20321,3921,130725,81.1,136572,80.4,78.3,83.1,80.3,82.5,50336.63,17888.08,23681.04,120719.7,4205.66,15177.12,101336.9,4204.2,32,65758,103.9,105.1,173000000,907000000,553000000,195000000,1860000000,895,895,407,407,4326,39,1458,5977,680,4,1543,2368,7552367,34406,1807402,0,0,0,0,0,0,0,0,0,0,0,0,0,0,0,1,0,0,0,0
157,FLORIDA,512,6,1985,472.352,2.5225,305.06,1299.04,2582.41,1909,11122,10823,6702,13841,11355,18446,21727,4592,138561,80.3,145171,79.5,77.8,81.9,79.4,83.5,52309.37,18290.06,24847.26,135673,4805.25,17085.87,113781.9,4410,32,65758,107.6,107.2,174000000,1280000000,574000000,209000000,2390000000,929,929,395,395,4333,60,1369,5939,749,38,1571,2456,7849144,35816,1979875,0,0,0,0,0,0,0,0,0,0,0,0,0,0,0,0,1,0,0,0
158,FLORIDA,512,5.7,1986,459.412,2.1783,298.929,1476.71,2658.35,1660,11651,11642,6939,14765,12319,20149,22344,5363,147185,79.2,152269,79,76.1,83,78.2,80.2,54562.53,18671.86,26069.53,141146.6,4553.95,17218.98,119373.7,4599.4,32,65758,109.6,108.8,213000000,1400000000,672000000,220000000,2700000000,912,912,417,417,4332,27,1325,5827,701,56,1742,2570,8263294,34208,2064010,0,0,0,0,0,0,0,0,0,0,0,0,0,0,0,0,0,1,0,0
159,FLORIDA,512,5.3,1987,586.62,2.2238,313.553,1437.21,2758.72,1548,11699,12928,7244,16126,12789,20556,24534,5706,155855,81.4,161561,81.4,78.6,85.4,79.9,82.5,57443.94,19165.37,27703.5,147630.8,4311.85,17221.24,126097.7,4852.5,32,65758,113.6,110.4,178000000,1620000000,708000000,238000000,2930000000,966,966,388,388,4287,0,1328,5758,565,27,1494,2183,8521630,34845,2127115,0,0,0,0,0,0,0,0,0,0,0,0,0,0,0,0,0,0,1,0
160,FLORIDA,512,5,1988,611.463,2.1422,305.758,1555.33,2924.91,1580,11706,14305,7518,16923,13400,22632,25258,5712,164501,84,170213,83.9,82.5,86,82.3,84.2,59950.37,19987.9,28853.34,154057.4,4106.53,17352.1,132598.7,5080.2,32,65758,118.3,113.2,247000000,1880000000,801000000,256000000,3250000000,991,993,396,396,4442,0,1287,5767,577,23,1577,2288,8713198,35543,2234913,0,0,0,0,0,0,0,0,0,0,0,0,0,0,0,0,0,0,0,1
161,GEORGIA,513,0,1969,202.716,32.5569,324.94,519.39,1154.07,223,3428,4280,4891,3922,3590,4262,4995,1352,42164,86.9,43516,86.8,86.3,86.6,86.5,95.8,18270.44,7999.19,8178.48,41597.8,2267.26,9256.69,30073.85,1531.7,9,59441,36.7,38.2,9205000,207000000,71395000,14764000,333000000,555,947,163,202,6727,579,810,7537,519,192,332,851,1997356,8253,481785,1,0,0,0,0,0,0,0,0,0,0,0,0,0,0,0,0,0,0,0
162,GEORGIA,513,4.1,1970,193.155,26.4301,342.834,552.36,1208.25,244,3051,3613,4934,4048,3714,4373,5223,1378,41727,80.8,43105,79.7,76.7,82.9,79.1,95.4,19275.63,8213.17,8914.03,43732.95,2350.72,9882.54,31499.69,1557.5,9,59441,38.8,40,12934000,225000000,78645000,18901000,364000000,577,944,162,204,6697,622,836,7533,525,206,337,862,2064569,8587,510886,0,1,0,0,0,0,0,0,0,0,0,0,0,0,0,0,0,0,0,0
163,GEORGIA,513,3.9,1971,219.607,34.5995,353.199,597.56,1276.3,253,3221,3911,5264,4251,4083,4657,5592,1550,43888,79.2,45438,78.2,74.3,82.8,77.4,93.9,20167.46,8433.38,9568.54,45402.82,2434.84,10114.23,32853.75,1602.9,9,59441,40.5,41.4,20866000,243000000,96279000,21133000,407000000,626,955,167,198,6676,671,895,7571,483,211,350,833,2194073,10494,548337,0,0,1,0,0,0,0,0,0,0,0,0,0,0,0,0,0,0,0,0
164,GEORGIA,513,4.1,1972,261.592,35.1407,341.408,654.98,1359.05,285,3757,4402,5942,4741,4454,5217,6227,1424,47978,84.3,49402,83.7,80.9,86.6,82.5,94.6,21015.05,8676.01,10071.47,47422.01,2665.3,10353.55,34403.16,1695.2,9,59441,41.8,42.3,11624000,288000000,109000000,19248000,465000000,725,931,158,196,6392,780,992,7617,288,197,318,875,2371746,10722,576986,0,0,0,1,0,0,0,0,0,0,0,0,0,0,0,0,0,0,0,0
165,GEORGIA,513,3.9,1973,271.501,43.9682,358.532,721.02,1477.76,313,3807,4764,6414,5309,4716,5668,6728,1463,51361,88.4,52824,88.1,87.5,87.5,86.5,92.9,21882.27,9004.14,10358.19,49969.83,2818.54,10669.64,36481.65,1802.5,9,59441,44.4,43.7,19405000,280000000,124000000,29107000,522000000,728,936,161,196,6406,776,995,7612,266,214,354,885,2527622,11528,631262,0,0,0,0,1,0,0,0,0,0,0,0,0,0,0,0,0,0,0,0
166,GEORGIA,513,5.2,1974,283.947,38.1534,339.589,695.97,1416.44,312,3481,4150,5952,5603,4838,5436,7040,1490,50900,84.2,52390,83.8,82.7,84,82.8,86.8,22713.54,9192.85,10723.22,52261.84,2964.64,11188.06,38109.14,1827.5,9,59441,49.3,50,33499000,364000000,137000000,38726000,603000000,742,927,167,198,6350,796,1012,7612,277,220,377,925,2534495,12401,696911,0,0,0,0,0,1,0,0,0,0,0,0,0,0,0,0,0,0,0,0
167,GEORGIA,513,8.6,1975,311.988,45.1029,335.376,656.85,1414.69,257,2851,3831,5624,5506,4817,5330,6944,1523,49377,74.6,50900,73.2,70.2,76.4,73.5,84,23556.37,9445.52,11081.48,56287.82,3072.15,13268.06,39947.61,1755.7,9,59441,53.8,57.9,27611000,381000000,162000000,51318000,669000000,778,972,189,225,6309,787,1001,7525,356,245,419,1032,2509519,13144,688310,0,0,0,0,0,0,1,0,0,0,0,0,0,0,0,0,0,0,0,0
168,GEORGIA,513,8.1,1976,347.552,45.9691,268.375,733.65,1472.09,276,2889,4763,6694,5884,5000,5638,7009,1560,52909,79.3,54469,78.5,75.4,81.8,77.8,84.8,24124.15,9623.51,11323.6,56992.14,2725.95,13606.97,40659.22,1839.1,9,59441,56.9,61.3,21330000,359000000,164000000,55878000,658000000,776,967,201,225,8729,800,1006,9873,669,234,471,1358,2599365,11027,721810,0,0,0,0,0,0,0,1,0,0,0,0,0,0,0,0,0,0,0,0
169,GEORGIA,513,6.9,1977,415.73,42.073,271.81,766.09,1547.18,360,2954,5515,8080,6281,4499,5835,7179,1227,56598,83.3,58085,82.8,80.3,85.2,81.9,84.6,24622.13,9745.86,11635.78,58642.67,2846.5,4    14008.4,1    41787.72,1926.4,9,59441,60.6,65.2,24325000,365000000,183000000,57123000,683000000,813,885,212,214,8727,844,1127,9895,709,272,650,1374,2740977,12336,742991,0,0,0,0,0,0,0,0,1,0,0,0,0,0,0,0,0,0,0,0
170,GEORGIA,513,5.7,1978,434.38,38.91,286.04,764.65,1597.92,404,3165,5657,8305,6827,5078,6266,7639,1410,59939,85.5,61607,85.1,83.5,86.2,84.3,84.8,25631.2,10054.77,12228.86,60866.47,2938.6,2    14553.4,9    43374.36,2050.1,9,59441,65.2,70.3,14941000,471000000,206000000,72425000,831000000,847,901,219,238,8703,878,1165,9909,781,286,675,1473,2864217,5737,785205,0,0,0,0,0,0,0,0,0,1,0,0,0,0,0,0,0,0,0,0
171,GEORGIA,513,5.1,1979,469.6,45.87,324.48,755.92,1644.14,388,3081,5749,8897,7078,5466,6421,8086,1425,62398,86.2,63825,85.4,84.9,85.1,84.8,85.9,26685.37,10289.71,12934.18,63341.08,3051.6,1    15138.3,1    45151.16,2127.5,9,59441,72.6,76.7,48902000,561000000,264000000,73579000,984000000,888,1039,222,239,8885,929,1187,10247,822,291,500,1564,2932920,6705,801451,0,0,0,0,0,0,0,0,0,0,1,0,0,0,0,0,0,0,0,0
172,GEORGIA,513,6.4,1980,521.52,45.942,325.29,706.36,1638.43,402,2994,5572,8700,7277,5647,6275,8307,1121,62942,82.1,64216,80.2,78.6,81.4,81.3,85.5,27546.85,10501.58,13470.89,67537.87,2738.8,8    16883.3,5    47915.64,2159.4,9,59441,82.4,86,59467000,658000000,214000000,86647000,1050000000,933,933,228,228,8388,85,416,8932,602,66,253,1246,2932464,12554,873420,0,0,0,0,0,0,0,0,0,0,0,1,0,0,0,0,0,0,0,0
173,GEORGIA,513,6.4,1981,552.11,24.339,325.16,667.23,1617.74,357,2991,5472,9017,7383,6052,6461,8722,1662,64782,80.9,66352,78.8,76.6,81,79.1,82.8,28209.03,10620.04,13919.41,69347.75,2709.9,9    17420.5,6    49217.21,2198.6,9,59441,90.9,94.4,37383000,761000000,222000000,84616000,1160000000,931,931,232,232,8360,84,400,8950,567,61,240,1246,2951022,12937,888508,0,0,0,0,0,0,0,0,0,0,0,0,1,0,0,0,0,0,0,0
174,GEORGIA,513,7.8,1982,535.44,38.173,303.49,653.36,1591.36,334,3040,5118,9018,7332,6405,6487,8923,1955,64838,75,66766,72.8,69,78,74.6,79.5,28996.86,10985.78,14202.38,70436.24,2620.7,5    17697.8,3    50117.66,2201.5,9,59441,96.5,100,34630000,565000000,247000000,51533000,986000000,931,931,231,232,8242,88,527,8950,592,76,301,1246,2995234,13819,906766,0,0,0,0,0,0,0,0,0,0,0,0,0,1,0,0,0,0,0,0
175,GEORGIA,513,7.5,1983,584.82,43.337,303.21,693.74,1657.87,402,3335,5825,9731,8247,6839,7098,9477,1809,69802,75.8,71485,74.9,70.5,81.1,74.9,80.3,29702.75,11236.24,14569.68,71624.33,2524.1,5    17606.4,7    51493.71,2279.5,9,59441,99.6,102.7,41911000,727000000,300000000,46680000,1200000000,886,886,296,296,8100,66,392,8665,592,114,360,1412,3132514,14177,1061017,0,0,0,0,0,0,0,0,0,0,0,0,0,0,1,0,0,0,0,0
176,GEORGIA,513,6,1984,681.53,42.709,315.32,729.56,1769.02,521,4111,7046,10163,9053,8185,8049,10288,2091,77318,81.1,78797,80.4,78.3,83.1,80.3,82.5,30068.26,11292.92,14848.38,73979.66,2524.1,5    17766.4,1    53689.10,2448.7,9,59441,103.9,105.1,46279000,598000000,313000000,74693000,1110000000,903,903,316,316,8088,11,388,8646,686,61,285,1420,2890291,13578,1556530,0,0,0,0,0,0,0,0,0,0,0,0,0,0,0,1,0,0,0,0
177,GEORGIA,513,6.5,1985,725.68,29.217,289.7,753.94,1808.56,521,4472,7658,10447,9420,8962,8858,11333,2122,82672,80.3,83461,79.5,77.8,81.9,79.4,83.5,30991.34,11563.64,15403.46,83458.28,2559.4,8    20127.2,7    60771.53,2569.8,9,59441,107.6,107.2,46095000,884000000,361000000,82625000,1440000000,890,890,335,335,8024,9,349,8598,734,84,318,1452,3358953,14768,1206299,0,0,0,0,0,0,0,0,0,0,0,0,0,0,0,0,1,0,0,0
178,GEORGIA,513,5.9,1986,692.51,22.073,286.62,757.03,1849.6,616,5036,8270,11354,10370,9467,9578,11685,2366,88800,79.2,88827,79,76.1,83,78.2,80.2,31932.68,11795.88,16010.77,86365.58,2425.6,3    20284.0,8    63655.87,2672.4,9,59441,109.6,108.8,74362000,694000000,463000000,87964000,1500000000,891,891,341,341,8039,16,342,8600,694,85,387,1470,3507096,15936,1317816,0,0,0,0,0,0,0,0,0,0,0,0,0,0,0,0,0,1,0,0
179,GEORGIA,513,5.5,1987,710.57,32.557,311.31,791.02,1951.76,617,4839,9111,11748,11592,9468,9663,12015,2250,92609,81.4,94859,81.4,78.6,85.4,79.9,82.5,33085.8,12075.55,16753.33,89789.25,2296.6,8    20286.7,4    67205.83,2763.3,9,59441,113.6,110.4,103000000,811000000,518000000,191000000,1710000000,884,884,359,359,8005,8,346,8573,677,86,385,1485,3597364,16938,1411918,0,0,0,0,0,0,0,0,0,0,0,0,0,0,0,0,0,0,1,0
180,GEORGIA,513,5.8,1988,698.99,21.138,331.11,828.39,2035.55,690,4593,9617,11668,12312,9900,10363,12968,2202,96857,84,99059,83.9,82.5,86,82.3,84.2,34290.46,12440.08,17417.7,93342.2,2187.3,1    20440.8,9    70714.00,2879.1,9,59441,118.3,113.2,77468000,741000000,530000000,165000000,1660000000,884,884,360,360,7635,12,357,8573,674,108,365,1519,3690981,17832,1487407,0,0,0,0,0,0,0,0,0,0,0,0,0,0,0,0,0,0,0,1
181,IOWA,419,0,1969,127.01,9.046,325.03,348.57,816.24,114,2301,3349,2306,2527,1631,2998,3797,4283,24813,86.9,29096,86.8,86.3,86.6,86.5,95.8,14728.51,8684.87,4666.14,33400.46,8021.7,5     5535.0,4    19843.67,878.6,9,56276,36.7,38.2,17359000,192000000,105000000,9631000,338000000,488,641,71,76,8548,488,597,9169,332,72,169,611,1367233,6997,379825,1,0,0,0,0,0,0,0,0,0,0,0,0,0,0,0,0,0,0,0
182,IOWA,419,3.7,1970,130.87,9.816,351.8,346.51,844.91,112,2092,3198,2323,2545,1645,3035,3959,4478,24695,80.8,29173,79.7,76.7,82.9,79.1,95.4,15311.03,8926.99,4932.67,34819.44,8317,3     6049.2,7    20453.15,882.8,9,56276,38.8,40,21646000,231000000,111000000,10415000,383000000,505,630,81,82,8467,505,611,9160,294,81,187,640,1387707,7228,395126,0,1,0,0,0,0,0,0,0,0,0,0,0,0,0,0,0,0,0,0
183,IOWA,419,4.2,1971,124.7,9.565,347.74,359.88,858.38,115,1943,3235,2494,2668,1733,3105,4047,4035,25277,79.2,29312,78.2,74.3,82.8,77.4,93.9,15657.48,9144.08,5005.33,35846.9,8614.6,7     6191.0,9    21041.14,889.1,9,56276,40.5,41.4,18771000,269000000,110000000,11170000,424000000,519,710,92,109,8432,531,644,9155,303,92,206,671,1423455,7640,410585,0,0,1,0,0,0,0,0,0,0,0,0,0,0,0,0,0,0,0,0
184,IOWA,419,3.6,1972,144.86,10.31,347.62,375.95,900.65,120,1840,3959,2667,2799,1873,3216,4251,4281,26878,84.3,31159,83.7,80.9,86.6,82.5,94.6,16006.47,9424.4,5073.62,37693.89,9627,7     6337.5,9    21729.23,912.3,9,56276,41.8,42.3,22186000,240000000,120000000,13289000,413000000,553,695,92,113,8419,565,686,9186,300,92,210,675,1449638,8137,459300,0,0,0,1,0,0,0,0,0,0,0,0,0,0,0,0,0,0,0,0
185,IOWA,419,2.1,1973,148.66,9.415,369.02,397.9,959.43,124,1897,4624,2928,3050,1980,3552,4706,4624,29174,88.4,33798,88.1,87.5,87.5,86.5,92.9,16159.2,9571.66,5069.54,39460.57,10180.5,5     6531.0,7    22748.95,961.3,9,56276,44.4,43.7,22104000,233000000,136000000,12721000,429000000,573,686,97,115,8395,585,707,9192,289,98,218,677,1480929,8665,489037,0,0,0,0,1,0,0,0,0,0,0,0,0,0,0,0,0,0,0,0
186,IOWA,419,2.2,1974,128.17,9.304,371.64,379.34,946.01,119,1979,4673,2815,3164,2020,3426,4989,3904,29687,84.2,33591,83.8,82.7,84,82.8,86.8,16414.33,9677.48,5169.08,41068.52,10708.2,6     6848.4,0    23511.86,999,9,56276,49.3,50,17470000,293000000,152000000,13122000,506000000,570,683,99,129,8361,589,733,9190,285,103,230,683,1506124,9231,518331,0,0,0,0,0,1,0,0,0,0,0,0,0,0,0,0,0,0,0,0
187,IOWA,419,4.2,1975,131.56,9.142,348.56,375.77,937.53,99,1988,4392,2821,3142,2549,3228,4912,4420,29958,74.6,34378,73.2,70.2,76.4,73.5,84,16766.53,9770.03,5314.33,43868.88,11096.6,0     8588.5,1    24183.77,998.7,9,56276,53.8,57.9,14594000,315000000,179000000,13817000,554000000,618,672,102,131,8348,636,805,9252,279,108,239,688,1542796,9165,547375,0,0,0,0,0,0,1,0,0,0,0,0,0,0,0,0,0,0,0,0
188,IOWA,419,4,1976,169.47,6.692,313.92,422.61,984.36,89,2198,4749,3167,3150,2673,3423,5125,3880,31872,79.3,35752,78.5,75.4,81.8,77.8,84.8,17166.76,9948.06,5395.98,46649.69,13390.5,4     8807.8,9    24451.26,1036.9,9,56276,56.9,61.3,17685000,298000000,167000000,18839000,545000000,609,661,117,143,7949,643,795,8829,335,130,268,776,1592789,9365,583598,0,0,0,0,0,0,0,1,0,0,0,0,0,0,0,0,0,0,0,0
189,IOWA,419,4,1977,185.14,8.136,281.37,432.52,988.47,99,2176,5623,3436,3439,2195,3501,5386,4086,33660,83.3,37277,82.8,80.3,85.2,81.9,84.6,17407.43,10038.99,5396.38,47977.54,13982.9,2     9067.7,4    24926.88,1079.2,9,56276,60.6,65.2,14870000,297000000,178000000,17633000,561000000,608,661,115,138,7947,641,794,8800,374,128,265,766,1641808,8584,571542,0,0,0,0,0,0,0,0,1,0,0,0,0,0,0,0,0,0,0,0
190,IOWA,419,4,1978,201.3,9.639,238.75,432.04,971.89,103,2159,5742,3627,3443,2345,3548,5885,4637,34785,85.5,39087,85.1,83.5,86.2,84.3,84.8,17722.68,10112.22,5495.97,49653.76,14435.2,1     9420.5,8    25797.97,1119.2,9,56276,65.2,70.3,20956000,344000000,205000000,18814000,645000000,610,661,115,138,8005,647,779,8847,387,128,257,778,1716928,8921,601390,0,0,0,0,0,0,0,0,0,1,0,0,0,0,0,0,0,0,0,0
191,IOWA,419,4.1,1979,219.45,9.296,292.19,447.48,1053.24,101,2079,6136,3830,3359,2586,3557,6386,4263,36127,86.2,39863,85.4,84.9,85.1,84.8,85.9,17928.92,10183.36,5597.4,51530.31,14990.2,7     9799.1,3    26740.91,1131.7,9,56276,72.6,76.7,34934000,414000000,237000000,18066000,757000000,607,661,116,139,8006,660,791,8861,373,133,268,777,1699269,8079,608268,0,0,0,0,0,0,0,0,0,0,1,0,0,0,0,0,0,0,0,0
192,IOWA,419,5.8,1980,234.43,9.828,270.39,373.35,960.75,88,1718,5870,3662,3278,2586,3340,6975,4016,35681,82.1,38919,80.2,78.6,81.4,81.3,85.5,18050.52,10188.72,5707.25,47985.77,13167.6,5     9822.1,6    24995.96,1109.9,9,56276,82.4,86,34005000,427000000,239000000,21662000,755000000,612,612,118,119,7922,54,200,8188,362,18,155,655,1678976,8038,642451,0,0,0,0,0,0,0,0,0,0,0,1,0,0,0,0,0,0,0,0
193,IOWA,419,6.9,1981,252.13,10.26,253.99,339.26,929.54,70,1535,5949,3833,3179,2608,3267,6781,5526,35251,80.9,40630,78.8,76.6,81,79.1,82.8,18141.76,10187.89,5821.07,48698.55,13028.7,2    10134.6,9    25535.14,1088.6,9,56276,90.9,94.4,20324000,286000000,246000000,21291000,650000000,656,656,126,127,7931,54,201,8202,364,22,159,669,1702819,8048,645916,0,0,0,0,0,0,0,0,0,0,0,0,1,0,0,0,0,0,0,0
194,IOWA,419,8.5,1982,243.88,9.599,238.99,347.27,923.76,63,1272,4801,3672,2950,2618,3131,6662,4918,32887,75,37634,72.8,69,78,74.6,79.5,18240.5,10187.06,5869.42,48731.5,12599.7,0    10296.0,0    25835.80,1041.9,9,56276,96.5,100,13798000,264000000,274000000,24286000,679000000,612,612,123,124,7907,68,215,8193,365,27,167,677,1667984,7907,669914,0,0,0,0,0,0,0,0,0,0,0,0,0,1,0,0,0,0,0,0
195,IOWA,419,8.1,1983,253.66,9.675,223.6,325.67,902.25,79,1181,4870,3755,3051,2552,3317,6202,2927,32654,75.8,35937,74.9,70.5,81.1,74.9,80.3,18203.49,10197.84,5753.11,48741.81,12135.3,1    10242.8,5    26363.65,1040.4,9,56276,99.6,102.7,14243000,281000000,293000000,23944000,745000000,614,614,122,123,7869,87,236,8177,371,27,167,686,1764651,7070,707397,0,0,0,0,0,0,0,0,0,0,0,0,0,0,1,0,0,0,0,0
196,IOWA,419,7,1984,251.55,9.48,238.37,337.59,900.03,99,1241,5658,3676,3217,2798,3441,6181,4243,34212,81.1,38704,80.4,78.3,83.1,80.3,82.5,18288.61,10286.39,5682.34,49781.83,12135.3,1    10335.8,9    27310.63,1074.7,9,56276,103.9,105.1,14872000,409000000,313000000,37443000,877000000,633,633,128,128,7844,87,237,8153,362,31,183,700,1743951,7791,691294,0,0,0,0,0,0,0,0,0,0,0,0,0,0,0,1,0,0,0,0
197,IOWA,419,8,1985,268.81,21.177,228.39,340.42,900.64,96,1177,5862,3629,3200,2763,3451,6044,4691,34121,80.3,39344,79.5,77.8,81.9,79.4,83.5,18436.18,10397.5,5644.84,43209.95,8038.9,5     9735.0,3    25435.97,1074.2,9,56276,107.6,107.2,19687000,420000000,337000000,38668000,973000000,653,653,129,129,7668,92,242,8144,288,34,188,707,1937601,9170,749021,0,0,0,0,0,0,0,0,0,0,0,0,0,0,0,0,1,0,0,0
198,IOWA,419,7,1986,262.13,9.776,208.97,341.01,884.95,100,1151,5838,3670,3285,2846,3539,5902,5026,34186,79.2,40425,79,76.1,83,78.2,80.2,18506.14,10417.9,5625.22,43905.19,7618.5,4     9810.8,8    26475.77,1073.8,9,56276,109.6,108.8,19758000,395000000,334000000,40989000,908000000,653,653,131,131,7660,92,242,8133,288,34,188,707,1894724,8241,735211,0,0,0,0,0,0,0,0,0,0,0,0,0,0,0,0,0,1,0,0
199,IOWA,419,5.5,1987,287.35,9.953,204.69,319.58,872.14,115,1163,6794,3927,3374,2787,3446,5869,4109,35317,81.4,39426,81.4,78.6,85.4,79.9,82.5,18516.71,10467.09,5573.52,44816.38,7213.5,2     9812.1,6    27790.70,1107.2,9,56276,113.6,110.4,28149000,470000000,338000000,43799000,1020000000,653,653,131,131,7604,97,266,8114,267,40,200,701,1936924,8398,754105,0,0,0,0,0,0,0,0,0,0,0,0,0,0,0,0,0,0,1,0
200,IOWA,419,4.5,1988,306.13,7.155,240.8,333.1,937.98,122,1216,7722,4042,3681,2846,3723,5921,3314,37232,84,40546,83.9,82.5,86,82.3,84.2,18590.01,10535.56,5520.69,45936.2,6870,2     9886.7,2    29179.46,1155.9,9,56276,118.3,113.2,14834000,451000000,357000000,56444000,1010000000,650,650,132,132,7716,91,269,8112,313,30,166,705,1817383,8395,741968,0,0,0,0,0,0,0,0,0,0,0,0,0,0,0,0,0,0,0,1
201,IDAHO,716,0,1969,9.85,65.599,42.39,105.87,276.17,138,616,610,376,747,328,773,807,902,6126,86.9,7028,86.8,86.3,86.6,86.5,95.8,3410.22,2193.99,948.67,9202.07,1587.2,1     1192.8,9     6421.98,201.4,1,83574,36.7,38.2,2404000,63606000,25803000,3651000,101000000,336,589,24,28,2784,337,354,3193,32,26,38,108,325907,2076,148654,1,0,0,0,0,0,0,0,0,0,0,0,0,0,0,0,0,0,0,0
202,IDAHO,716,5.8,1970,7.94,74.249,49.41,105.04,284.95,148,593,612,382,746,340,785,822,978,6197,80.8,7175,79.7,76.7,82.9,79.1,95.4,3579.67,2276.68,1046.52,9488.47,1645.6,3     1230.5,8     6612.27,207.8,1,83574,38.8,40,2567000,69424000,26549000,4248000,110000000,358,591,24,28,2781,359,370,3199,33,27,39,109,330446,2074,141353,0,1,0,0,0,0,0,0,0,0,0,0,0,0,0,0,0,0,0,0
203,IDAHO,716,6.3,1971,12.16,78.252,53.15,107.37,300.62,84,538,653,400,737,361,830,898,942,6313,79.2,7255,78.2,74.3,82.8,77.4,93.9,3676.23,2353.72,1074.64,9756.4,1704.5,3     1259.4,3     6792.45,217.1,1,83574,40.5,41.4,1367000,81141000,29196000,4340000,125000000,374,592,24,29,2708,375,391,3148,33,26,40,109,353799,2210,153194,0,0,1,0,0,0,0,0,0,0,0,0,0,0,0,0,0,0,0,0
204,IDAHO,716,6.2,1972,10.53,81.395,60.08,113.97,323.14,77,605,748,463,795,419,904,954,993,6905,84.3,7898,83.7,80.9,86.6,82.5,94.6,3737.66,2399.18,1101.51,10251.95,1958.6,6     1289.2,3     7004.06,236.5,1,83574,41.8,42.3,2383000,85462000,33210000,5645000,134000000,402,589,25,29,2654,405,425,3124,32,26,40,107,381854,2039,165941,0,0,0,1,0,0,0,0,0,0,0,0,0,0,0,0,0,0,0,0
205,IDAHO,716,4.8,1973,10.64,85.993,59.3,117.86,326.6,83,623,801,536,831,451,988,1091,936,7416,88.4,8352,88.1,87.5,87.5,86.5,92.9,3813.95,2467.04,1118.44,10725.66,2071.2,7     1328.5,9     7325.80,251.7,1,83574,44.4,43.7,3866000,73892000,36813000,5241000,131000000,440,587,26,28,2526,441,472,3061,23,29,42,106,409074,2534,178518,0,0,0,0,1,0,0,0,0,0,0,0,0,0,0,0,0,0,0,0
206,IDAHO,716,5.1,1974,11.36,101.126,55.28,120.18,338.31,102,719,795,509,864,449,988,1196,1205,7765,84.2,8970,83.8,82.7,84,82.8,86.8,3942.37,2531.4,1181.11,11134.59,2178.6,3     1393.1,4     7562.81,266.8,1,83574,49.3,50,2569000,78536000,43758000,6013000,141000000,445,579,36,36,2524,446,474,3036,18,39,45,85,404596,2648,225859,0,0,0,0,0,1,0,0,0,0,0,0,0,0,0,0,0,0,0,0
207,IDAHO,716,6.2,1975,13.42,106.908,63.78,125.46,348.28,106,765,764,530,851,584,949,1242,1020,8079,74.6,9099,73.2,70.2,76.4,73.5,84,4105.58,2563.07,1292.57,12401.79,2257.6,4     1970.1,9     8173.96,273,1,83574,53.8,57.9,2672000,92882000,48623000,6782000,163000000,451,576,37,39,2394,451,476,2899,17,38,46,84,406593,2739,238114,0,0,0,0,0,0,1,0,0,0,0,0,0,0,0,0,0,0,0,0
208,IDAHO,716,5.7,1976,15.16,107.589,49.84,130.3,349.08,120,927,856,581,886,606,1039,1261,1010,8699,79.3,9709,78.5,75.4,81.8,77.8,84.8,4255.84,2606.66,1377.31,12498.22,2226.4,1     2020.5,2     8251.30,291,1,83574,56.9,61.3,3294000,95620000,50985000,5950000,170000000,471,570,40,42,2643,471,493,3163,16,42,49,75,425645,2675,253267,0,0,0,0,0,0,0,1,0,0,0,0,0,0,0,0,0,0,0,0
209,IDAHO,716,5.9,1977,12.1,70.428,48.27,134.85,351.95,165,869,924,619,902,532,1069,1299,875,8992,83.3,9967,82.8,80.3,85.2,81.9,84.6,4398.05,2674.18,1434.7,12813.38,2324.9,0     2080.1,2     8408.36,307.4,1,83574,60.6,65.2,3703000,121000000,56554000,6381000,206000000,485,570,40,42,2629,485,502,3164,15,43,50,74,444311,2804,270500,0,0,0,0,0,0,0,0,1,0,0,0,0,0,0,0,0,0,0,0
210,IDAHO,716,5.7,1978,11.42,102.269,46.57,143.55,353.89,209,805,986,687,1001,578,1139,1646,907,9835,85.5,10828,85.1,83.5,86.2,84.3,84.8,4522.19,2724.98,1498.47,13264.09,2400.1,0     2161.0,7     8702.92,331.3,1,83574,65.2,70.3,5635000,113000000,65634000,7464000,205000000,482,567,43,45,2618,485,535,3153,14,43,51,74,471065,2796,289174,0,0,0,0,0,0,0,0,0,1,0,0,0,0,0,0,0,0,0,0
211,IDAHO,716,5.7,1979,11.86,94.885,56.79,135.4,366.44,162,676,1041,731,1069,640,1135,1710,839,10030,86.2,10924,85.4,84.9,85.1,84.8,85.9,4605.7,2740.64,1540.85,13771.17,2492.3,9     2247.9,0     9030.88,338,1,83574,72.6,76.7,5523000,109000000,62747000,9759000,216000000,390,568,25,45,2656,395,429,3153,31,26,34,77,470345,2829,308492,0,0,0,0,0,0,0,0,0,0,1,0,0,0,0,0,0,0,0,0
212,IDAHO,716,7.9,1980,9.61,98.76,51.65,112.7,334.4,187,518,990,702,1117,626,1057,1740,1136,9827,82.1,11002,80.2,78.6,81.4,81.3,85.5,4667.31,2753.26,1577,13808.97,2763.5,7     1847.9,0     9197.50,330,1,83574,82.4,86,7791000,115000000,73422000,11992000,240000000,447,560,38,48,2330,200,231,2860,27,13,22,58,513256,2805,318007,0,0,0,0,0,0,0,0,0,0,0,1,0,0,0,0,0,0,0,0
213,IDAHO,716,7.6,1981,9.8,99.374,48.11,98.61,347.92,220,393,926,732,1161,648,1036,1687,1185,9671,80.9,10959,78.8,76.6,81,79.1,82.8,4699.95,2749.25,1603.36,14020.3,2734.4,1     1906.7,0     9379.19,327.8,1,83574,90.9,94.4,3682000,111000000,64922000,10385000,224000000,503,551,51,51,2004,4,33,2567,23,0,9,39,526199,3070,327394,0,0,0,0,0,0,0,0,0,0,0,0,1,0,0,0,0,0,0,0
214,IDAHO,716,9.8,1982,10.36,121.178,42.85,96.01,336.28,168,313,783,788,1088,652,989,1616,1251,9125,75,10432,72.8,69,78,74.6,79.5,4710.03,2756.72,1593.63,14028.64,2644.3,7     1937.0,5     9447.22,312.2,1,83574,96.5,100,9092000,104000000,84633000,6545000,239000000,505,551,52,52,2009,4,34,2575,24,0,8,39,529194,2862,340580,0,0,0,0,0,0,0,0,0,0,0,0,0,1,0,0,0,0,0,0
215,IDAHO,716,9.8,1983,9.47,134.351,36.83,100.61,330.03,208,309,940,832,1183,684,1081,1566,1281,9563,75.8,10879,74.9,70.5,81.1,74.9,80.3,4769.76,2794.78,1598.95,14049.02,2546.9,0     1927.0,5     9575.07,317.9,1,83574,99.6,102.7,2992000,132000000,96662000,10466000,260000000,490,536,71,71,2509,0,60,2707,28,0,6,42,529018,2954,345348,0,0,0,0,0,0,0,0,0,0,0,0,0,0,1,0,0,0,0,0
216,IDAHO,716,7.2,1984,9.02,136.212,40.34,103.57,335.52,245,329,1062,938,1284,729,1169,1496,1140,10027,81.1,11262,80.4,78.3,83.1,80.3,82.5,4819.32,2838.03,1598.36,14290.67,2546.9,0     1944.5,5     9799.22,330.5,1,83574,103.9,105.1,2697000,135000000,105000000,16738000,279000000,491,534,72,72,2480,0,58,2595,22,0,18,51,546519,3127,390460,0,0,0,0,0,0,0,0,0,0,0,0,0,0,0,1,0,0,0,0
217,IDAHO,716,7.9,1985,8.87,112.893,41.11,105.92,343.07,229,325,1118,1008,1322,716,1186,1469,1280,10213,80.3,11815,79.5,77.8,81.9,79.4,83.5,4890.92,2886.07,1598.44,13612.17,2149.5,7     2264.2,2     9198.37,336,1,83574,107.6,107.2,5581000,150000000,113000000,16658000,306000000,487,534,71,71,2504,0,58,2619,22,0,14,46,531854,3199,318586,0,0,0,0,0,0,0,0,0,0,0,0,0,0,0,0,1,0,0,0
218,IDAHO,716,8.7,1986,8.61,124.698,35.45,106,327.46,192,306,1119,1002,1274,736,1229,1397,1269,10116,79.2,11672,79,76.1,83,78.2,80.2,4965.59,2931.17,1611.79,13771.55,2037.1,6     2281.8,6     9452.53,328.2,1,83574,109.6,108.8,3785000,136000000,107000000,18105000,287000000,479,534,71,71,2493,12,62,2619,19,1,16,46,535142,3315,318869,0,0,0,0,0,0,0,0,0,0,0,0,0,0,0,0,0,1,0,0
219,IDAHO,716,8,1987,8.86,83.521,37.78,109.22,336.05,166,274,1310,1036,1316,732,1184,1403,1516,10317,81.4,11833,81.4,78.6,85.4,79.9,82.5,5019.82,2972.24,1621.3,13959.74,1928.8,6     2282.1,6     9748.72,333.5,1,83574,113.6,110.4,11826000,137000000,103000000,18867000,285000000,491,534,71,71,2492,12,62,2618,19,1,16,47,579462,3366,364426,0,0,0,0,0,0,0,0,0,0,0,0,0,0,0,0,0,0,1,0
220,IDAHO,716,5.8,1988,9.71,70.065,41.55,111.57,353.66,194,269,1588,1067,1442,738,1283,1418,1445,10987,84,12432,83.9,82.5,86,82.3,84.2,5118.46,3010.18,1684.13,14216.9,1837,1     2299.5,0    10080.39,348.7,1,83574,118.3,113.2,5106000,186000000,116000000,18568000,351000000,491,534,71,71,2495,12,62,2622,20,0,15,47,594228,3484,342466,0,0,0,0,0,0,0,0,0,0,0,0,0,0,0,0,0,0,0,1
221,ILLINOIS,317,0,1969,1012.7,1.781,1121.21,1437.25,3602.16,2684,11512,25544,14303,13531,11293,12859,20955,3815,144737,86.9,148552,86.8,86.3,86.6,86.5,95.8,52197.5,23582.87,22252.68,114860.8,8792.9,6    34028.8,1    72039.06,4358.3,25,57918,36.7,38.2,29817000,426000000,208000000,46571000,817000000,786,1380,255,385,8182,822,1167,9435,836,304,584,2162,4507915,19336,635147,1,0,0,0,0,0,0,0,0,0,0,0,0,0,0,0,0,0,0,0
222,ILLINOIS,317,4.1,1970,920.3,1.747,1203.23,1492.46,3663.73,2534,10130,23931,14037,13450,11278,12813,21181,3571,142221,80.8,145792,79.7,76.7,82.9,79.1,95.4,53805.62,23841.66,23384.86,119783.1,9116.6,3    35082.9,8    75583.50,4328.6,25,57918,38.8,40,36066000,540000000,250000000,47151000,989000000,849,1339,299,423,8275,882,1225,9559,875,354,649,2297,4559069,18357,660450,0,1,0,0,0,0,0,0,0,0,0,0,0,0,0,0,0,0,0,0
223,ILLINOIS,317,5.1,1971,843.85,1.429,1260.01,1495.24,3689.04,2243,10097,23925,14276,13858,11793,13232,21836,3904,144599,79.2,148503,78.2,74.3,82.8,77.4,93.9,55540.36,24602.76,24261.85,124239.6,9442.8,9    35905.5,0    78891.20,4280.2,25,57918,40.5,41.4,46084000,718000000,268000000,71669000,1170000000,945,1330,307,426,8545,970,1329,9935,857,371,680,2329,4707141,18142,691738,0,0,1,0,0,0,0,0,0,0,0,0,0,0,0,0,0,0,0,0
224,ILLINOIS,317,5.1,1972,852.21,1.557,1237.47,1654.25,3905.13,2177,9824,26166,15021,14666,12509,13859,22503,3631,150782,84.3,154413,83.7,80.9,86.6,82.5,94.6,57288.3,25448.17,25032.14,129514.1,9981.1,1    36755.0,9    82777.90,4314.8,25,57918,41.8,42.3,48147000,620000000,279000000,69796000,1110000000,951,1324,317,425,8562,894,1246,9876,847,373,684,2320,4903960,18872,721021,0,0,0,1,0,0,0,0,0,0,0,0,0,0,0,0,0,0,0,0
225,ILLINOIS,317,4.1,1973,884.61,1.33885,1176.72,1714.49,3990.28,2090,9728,29140,16496,15763,12763,14612,23423,3768,159357,88.4,163125,88.1,87.5,87.5,86.5,92.9,58984.18,25806.09,26071.09,136292.4,10554.9,4    37877.2,0     87860.2,4466.9,25,57918,44.4,43.7,35726000,539000000,285000000,70523000,1040000000,992,1326,287,422,8483,1018,1353,9904,842,377,689,2320,5120721,19598,811629,0,0,0,0,1,0,0,0,0,0,0,0,0,0,0,0,0,0,0,0
226,ILLINOIS,317,4.5,1974,874.93,1.29957,1175.83,1652.83,3929.05,1859,9027,28307,15506,16208,12748,14050,24175,3901,157824,84.2,161725,83.8,82.7,84,82.8,86.8,60139.25,26068.87,26728.17,142558.6,11102,6    39717.5,9     91738.9,4545.7,25,57918,49.3,50,28115000,632000000,287000000,77374000,1150000000,1032,1347,319,406,8210,1071,1383,9841,742,411,786,2329,5258649,21536,893917,0,0,0,0,0,1,0,0,0,0,0,0,0,0,0,0,0,0,0,0
227,ILLINOIS,317,7.1,1975,845.57,1.27376,1123.59,1634.93,3836.14,1775,8409,24229,14635,15707,12874,13926,24305,5116,152250,74.6,157366,73.2,70.2,76.4,73.5,84,61104.4,26325.26,27256.29,140831.4,11504.6,8    38530.1,8     90796.5,4418.9,25,57918,53.8,57.9,40727000,858000000,331000000,78059000,1440000000,1072,1363,366,449,8180,1123,1419,9836,803,468,875,2489,5350375,24592,968908,0,0,0,0,0,0,1,0,0,0,0,0,0,0,0,0,0,0,0,0
228,ILLINOIS,317,6.5,1976,862.23,1.34535,1204.62,1686.28,3993.23,1817,8887,25688,15756,16253,13363,14762,25140,4436,158676,79.3,163112,78.5,75.4,81.8,77.8,84.8,62200.83,26835.53,27695.71,146285.6,14191.3,4    39514.3,9     92579.8,4565.7,25,57918,56.9,61.3,33541000,935000000,360000000,86279000,1580000000,1129,1331,379,452,7796,1235,1517,9543,694,484,862,2278,5515959,25433,1135191,0,0,0,0,0,0,0,1,0,0,0,0,0,0,0,0,0,0,0,0
229,ILLINOIS,317,6.2,1977,860.56,1.35114,1199.78,1730.14,4075.69,2079,8603,28384,15864,16351,11071,15573,25118,4677,161428,83.3,168627,82.8,80.3,85.2,81.9,84.6,63096.48,27300.22,27791.28,150855.5,14819.1,5    40680.1,4     95356.1,4655.5,25,57918,60.6,65.2,27261000,620000000,548000000,84955000,1470000000,1185,1298,391,455,7412,1346,1615,9250,584,499,848,2066,5712606,24147,1124313,0,0,0,0,0,0,0,0,1,0,0,0,0,0,0,0,0,0,0,0
230,ILLINOIS,317,6.1,1978,841.56,1.33182,1196.44,1804.15,4170.29,1923,8734,29351,16529,17092,12026,15944,25594,4048,166977,85.5,173767,85.1,83.5,86.2,84.3,84.8,63642.81,27247.22,27904.24,156752,15298.4,9    42263.0,6     99190.4,4788.8,25,57918,65.2,70.3,32378000,701000000,535000000,85262000,1530000000,1196,1303,396,457,7440,1366,1649,9296,579,504,863,2081,5883525,24170,1184958,0,0,0,0,0,0,0,0,0,1,0,0,0,0,0,0,0,0,0,0
231,ILLINOIS,317,5.5,1979,845.4,1.34483,1170.62,1699.96,4015.48,1862,8476,29057,16628,17260,12867,15976,25851,4304,168245,86.2,173817,85.4,84.9,85.1,84.8,85.9,64003.03,27237.54,27718.08,163355.5,15886.7,4    43961.3,4    103507.4,4880,25,57918,72.6,76.7,35040000,915000000,611000000,403000000,1860000000,1199,1307,408,427,7408,1375,1662,9283,569,519,895,2109,7522922,23036,1200817,0,0,0,0,0,0,0,0,0,0,1,0,0,0,0,0,0,0,0,0
232,ILLINOIS,317,8.3,1980,844.48,1.43845,1113.69,1466.88,3742.89,1910,7324,26393,15628,16859,12654,15018,26579,3286,162578,82.1,165722,80.2,78.6,81.4,81.3,85.5,64549.3,27406.33,27619.33,150688.9,12752,9    40205.0,7     97731.6,4850.3,25,57918,82.4,86,36599000,1150000000,595000000,128000000,2130000000,1247,1289,418,419,7399,209,532,7950,750,96,646,1713,6240460,23484,1212888,0,0,0,0,0,0,0,0,0,0,0,1,0,0,0,0,0,0,0,0
233,ILLINOIS,317,8.5,1981,796.6,1.39907,1083.2,1302.08,3529.52,1793,6688,25444,15337,16740,13482,14884,25352,4912,160514,80.9,166029,78.8,76.6,81,79.1,82.8,65064.2,27568.5,27277.69,154806.1,12617.5,5    41484.3,8    100704.2,4732.3,25,57918,90.9,94.4,30822000,922000000,594000000,147000000,1930000000,1288,1289,419,419,7232,220,606,7926,726,85,703,1741,6334050,24502,1238516,0,0,0,0,0,0,0,0,0,0,0,0,1,0,0,0,0,0,0,0
234,ILLINOIS,317,11.3,1982,778.51,1.29719,1016.05,1196.4,3347.02,1803,6251,21022,15779,16276,13646,14463,25308,4290,155170,75,159778,72.8,69,78,74.6,79.5,64751.99,27483,26832.94,157095.8,12202,6    42144.6,4    102749.1,4593.3,25,57918,96.5,100,27689000,899000000,644000000,170000000,200000000,1264,1265,446,446,7209,254,651,7901,802,97,664,1822,5855187,23304,1363491,0,0,0,0,0,0,0,0,0,0,0,0,0,1,0,0,0,0,0,0
235,ILLINOIS,317,11.4,1983,848.23,1.41367,976.81,1220.09,3405.34,2013,6289,20448,16596,17361,13529,15205,25581,2391,158334,75.8,160856,74.9,70.5,81.1,74.9,80.3,64460.25,27590.53,26383.99,159388,11752.3,3    41927.0,7    105708.6,4530.6,25,57918,99.6,102.7,26118000,1020000000,655000000,154000000,2130000000,1254,1255,456,456,7032,250,806,7838,809,106,731,1891,5929783,22005,1561330,0,0,0,0,0,0,0,0,0,0,0,0,0,0,1,0,0,0,0,0
236,ILLINOIS,317,9.1,1984,833.2,1.45194,1074.09,1150.6,3463.13,2157,7012,24093,17148,18747,15521,16391,26556,3868,170076,81.1,173602,80.4,78.3,83.1,80.3,82.5,64487.38,27811.57,26142.86,164794.5,11752.3,3    42307.9,7    110734.2,4672.3,25,57918,103.9,105.1,31291000,1250000000,697000000,159000000,2460000000,1251,1252,466,466,7127,266,722,7849,803,98,808,1900,6069551,20451,1508236,0,0,0,0,0,0,0,0,0,0,0,0,0,0,0,1,0,0,0,0
237,ILLINOIS,317,9,1985,811.11,1.40773,1000.52,1146.39,3401.84,2115,7315,24726,17307,19346,16159,17094,26623,4532,174270,80.3,178493,79.5,77.8,81.9,79.4,83.5,64726.05,28101.57,26046.72,161199,9356.8,7    40389.9,2    111452.2,4755.3,25,57918,107.6,107.2,34659000,1410000000,739000000,137000000,2580000000,1306,1307,481,481,7150,233,656,7806,844,95,695,1904,6104331,19929,1602478,0,0,0,0,0,0,0,0,0,0,0,0,0,0,0,0,1,0,0,0
238,ILLINOIS,317,8.1,1986,787.38,1.45057,943.69,1177.61,3366.96,2057,7737,24859,17903,20196,17040,18128,26314,4202,179526,79.2,183849,79,76.1,83,78.2,80.2,65114.5,28266.14,26224.27,166347.3,8867.5,4    40704.5,9    116775.2,4790.7,25,57918,109.6,108.8,37955000,1370000000,754000000,160000000,2650000000,1305,1306,487,487,7165,278,685,7850,840,103,782,1920,6060698,19218,1339619,0,0,0,0,0,0,0,0,0,0,0,0,0,0,0,0,0,1,0,0
239,ILLINOIS,317,7.4,1987,757.8,1.09821,886.54,1200.1,3372.69,2139,8208,26611,18841,21823,17100,17961,28134,3534,186808,81.4,190342,81.4,78.6,85.4,79.9,82.5,65649.66,28545.05,26367.77,172566.8,8396.1,2    40709.9,3    123460.7,4895.7,25,57918,113.6,110.4,94019000,1400000000,785000000,186000000,2760000000,1417,1418,516,516,7117,176,611,7744,837,71,774,1889,6242279,18660,1401383,0,0,0,0,0,0,0,0,0,0,0,0,0,0,0,0,0,0,1,0
240,ILLINOIS,317,6.8,1988,720.19,0.66534,982.77,1260.7,3597.99,2164,8339,30603,19697,22914,17346,19134,30608,3032,197842,84,200874,83.9,82.5,86,82.3,84.2,66247.07,28835.59,26693.54,179351,7996.3,0    41019.2,6    130335.3,5077.8,25,57918,118.3,113.2,45186000,1580000000,810000000,168000000,2950000000,1416,1417,522,522,7074,176,579,7739,800,72,749,1902,6403462,18030,1443443,0,0,0,0,0,0,0,0,0,0,0,0,0,0,0,0,0,0,0,1
241,INDIANA,318,0,1969,996.13,6.17009,531.51,718.49,2141.07,599,4909,16025,5328,5090,2932,5302,6412,2198,57098,86.9,59296,86.8,86.3,86.6,86.5,95.8,20813.65,8904.96,9093.83,63646.79,4374.6,9    26108.9,9     33163.1,1880.3,17,36420,36.7,38.2,29099000,201000000,95108000,12818000,352000000,763,971,115,168,3421,832,1272,4799,257,130,231,649,2254599,10453,541154,1,0,0,0,0,0,0,0,0,0,0,0,0,0,0,0,0,0,0,0
242,INDIANA,318,5,1970,1006.83,5.19894,548.64,739.01,2204.94,649,4072,14367,5341,5104,2969,5255,6588,1961,54808,80.8,56769,79.7,76.7,82.9,79.1,95.4,21665.6,9140.25,9605.74,65528.57,4535.7,2    26321.1,1     34671.7,1849,17,36420,38.8,40,17685000,209000000,112000000,17672000,394000000,793,972,129,171,3365,866,1336,4799,265,144,249,672,2299611,10503,505274,0,1,0,0,0,0,0,0,0,0,0,0,0,0,0,0,0,0,0,0
243,INDIANA,318,5.7,1971,942.26,4.51301,570.4,780.14,2225.3,604,3628,14805,5582,5249,3112,5356,6977,2476,56064,79.2,58540,78.2,74.3,82.8,77.4,93.9,22368.04,9391.3,10046.81,67722.97,4698,4    26938.2,1     36086.7,1841.1,17,36420,40.5,41.4,12804000,252000000,114000000,55958000,485000000,812,960,151,183,3288,894,1388,4769,274,162,320,751,2340025,10665,551832,0,0,1,0,0,0,0,0,0,0,0,0,0,0,0,0,0,0,0,0
244,INDIANA,318,4.5,1972,1050.88,3.99813,580.41,836.51,2423.66,634,3608,16687,5942,5531,3331,5643,7191,1968,59645,84.3,61613,83.7,80.9,86.6,82.5,94.6,23230.94,9696.29,10587.15,70189.83,4895,4    27575.6,2     37719.1,1921.9,17,36420,41.8,42.3,12145000,241000000,115000000,68783000,482000000,821,930,184,204,3254,904,1431,4779,257,202,336,727,2306789,10437,591317,0,0,0,1,0,0,0,0,0,0,0,0,0,0,0,0,0,0,0,0
245,INDIANA,318,4.3,1973,1097.88,4.98408,541.22,875.74,2464.41,595,3689,19061,6266,6029,3424,6146,7506,2381,64153,88.4,66534,88.1,87.5,87.5,86.5,92.9,23652.3,9913.98,10820.17,73448.9,5176.4,6    28417.4,8     39854.9,2028.1,17,36420,44.4,43.7,10810000,225000000,111000000,71180000,481000000,803,921,192,223,3181,856,1481,4715,319,210,371,815,2530000,10600,690400,0,0,0,0,1,0,0,0,0,0,0,0,0,0,0,0,0,0,0,0
246,INDIANA,318,5.2,1974,1038.07,4.64679,530.28,863.61,2420.02,551,3543,17675,5804,6243,3471,5870,7585,1951,62362,84.2,64313,83.8,82.7,84,82.8,86.8,23945.55,10038.12,10974.88,76823.26,5444.7,9    29798.2,4     41580.2,2031.4,17,36420,49.3,50,9540000,253000000,150000000,22914000,505000000,818,914,211,235,3149,872,1489,4693,327,229,385,824,2542222,13314,712980,0,0,0,0,0,1,0,0,0,0,0,0,0,0,0,0,0,0,0,0
247,INDIANA,318,8.6,1975,1061.17,4.62316,472.57,825.5,2364.25,475,3181,14942,5409,6131,3656,5836,7331,2592,58608,74.6,61200,73.2,70.2,76.4,73.5,84,24259.12,10178.36,11063.1,74736.16,5642.2,5    28009.8,5     41084.0,1941.7,17,36420,53.8,57.9,9377000,327000000,45863000,25722000,600000000,817,911,213,234,3037,866,1535,4623,343,229,435,890,2565270,14347,735754,0,0,0,0,0,0,1,0,0,0,0,0,0,0,0,0,0,0,0,0
248,INDIANA,318,6.1,1976,1062.94,4.9721,420.97,886.23,2391.06,466,3430,16873,5702,6590,3824,6287,7543,2751,62728,79.3,65479,78.5,75.4,81.8,77.8,84.8,24506.31,10409.08,11083.12,77477.95,6941.9,2    28725.3,3     41810.7,2023.8,17,36420,56.9,61.3,11107000,280000000,171000000,55497000,601000000,775,865,261,267,3512,826,1518,5093,318,278,493,929,2653168,14755,782612,0,0,0,0,0,0,0,1,0,0,0,0,0,0,0,0,0,0,0,0
249,INDIANA,318,5.7,1977,1109.95,3.89827,394.29,921.83,2466.69,457,3524,19139,6015,6994,3207,6807,8152,2451,67029,83.3,68832,82.8,80.3,85.2,81.9,84.6,24639.62,10518.94,11094.31,79763.07,7249,3    29572.7,8     42941.2,2114,17,36420,60.6,65.2,9416000,201000000,193000000,76990000,566000000,709,853,264,271,3924,732,1294,5326,444,273,533,1131,2739760,15562,830661,0,0,0,0,0,0,0,0,1,0,0,0,0,0,0,0,0,0,0,0
250,INDIANA,318,5.7,1978,1074.58,3.73738,436.15,940.33,2509.29,473,3812,19963,6202,7110,3532,7185,8486,2299,69896,85.5,71717,85.1,83.5,86.2,84.3,84.8,24744.99,10536,11126.23,82742.13,7483.5,0    30723.5,0     44535.1,2205.5,17,36420,65.2,70.3,7749000,226000000,238000000,82347000,638000000,809,839,259,263,3773,847,1397,5322,156,276,541,1147,2820510,17049,900966,0,0,0,0,0,0,0,0,0,1,0,0,0,0,0,0,0,0,0,0
251,INDIANA,318,6.4,1979,1171.64,4.53954,499.34,865.77,2558.97,491,3868,19626,6280,6980,3774,7257,8983,2219,70723,86.2,72047,85.4,84.9,85.1,84.8,85.9,24799.68,10574.03,11083.41,86012.22,7771.2,5    31958.0,8     46282.8,2236.3,17,36420,72.6,76.7,12636000,313000000,287000000,92683000,802000000,809,839,259,263,3788,847,1404,5344,450,276,540,1140,2841877,17020,929926,0,0,0,0,0,0,0,0,0,0,1,0,0,0,0,0,0,0,0,0
252,INDIANA,318,9.6,1980,1156.97,4.92798,483.87,755.13,2368.97,534,3326,17237,5724,6767,3673,6686,9076,2179,66684,82.1,67930,80.2,78.6,81.4,81.3,85.5,24976.64,10619.58,11146.9,80364.43,6378.5,0    29502.6,4     44483.2,2129.5,17,36420,82.4,86,22228000,261000000,330000000,110000000,844000000,832,847,259,261,3562,431,1136,4778,397,148,401,946,2872006,17308,936538,0,0,0,0,0,0,0,0,0,0,0,1,0,0,0,0,0,0,0,0
253,INDIANA,318,10.1,1981,1150.61,5.31727,492.87,708.56,2344.06,517,3166,17059,5684,6606,3757,6649,9223,2362,66302,80.9,68135,78.8,76.6,81,79.1,82.8,25108.79,10618.71,11192.69,82361.44,6311.2,0    30441.4,0     45608.8,2114.4,17,36420,90.9,94.4,35265000,277000000,338000000,45661000,860000000,855,855,259,259,3336,15,867,4212,343,19,262,752,2880098,18069,993130,0,0,0,0,0,0,0,0,0,0,0,0,1,0,0,0,0,0,0,0
254,INDIANA,318,11.9,1982,1007.16,4.47267,475.33,657.62,2152.91,554,2925,14061,5603,6127,3696,6464,9175,2491,61964,75,64042,72.8,69,78,74.6,79.5,24983.98,10558.11,11141.74,83359.59,6103.3,8    30925.9,0     46330.3,2028,17,36420,96.5,100,23725000,382000000,277000000,41376000,775000000,855,855,259,259,3274,15,907,4190,373,21,270,795,2874145,18417,991055,0,0,0,0,0,0,0,0,0,0,0,0,0,1,0,0,0,0,0,0
255,INDIANA,318,11.1,1983,1105.13,4.40116,429.33,651.34,2162.51,634,2894,14424,6123,6597,3758,6878,9201,1495,64054,75.8,65211,74.9,70.5,81.1,74.9,80.3,24835.6,10481.99,11042.58,83946.98,5878.4,3    30766.2,5     47302.3,2029.5,17,36420,99.6,102.7,34800000,392000000,250000000,41315000,750000000,854,854,259,259,3361,22,840,4209,358,28,275,782,2852382,18044,981326,0,0,0,0,0,0,0,0,0,0,0,0,0,0,1,0,0,0,0,0
256,INDIANA,318,8.6,1984,1209.5,4.49671,455.45,748.41,2256.37,707,2925,16937,6511,7031,4216,7405,9241,2376,68908,81.1,70975,80.4,78.3,83.1,80.3,82.5,24905.94,10532.65,10997.08,85849.71,5878.4,3    31045.7,5     48925.5,2122.3,17,36420,103.9,105.1,34017000,462000000,292000000,61703000,904000000,848,848,264,264,3384,0,862,4318,363,21,265,788,2933754,17959,998605,0,0,0,0,0,0,0,0,0,0,0,0,0,0,0,1,0,0,0,0
257,INDIANA,318,7.9,1985,1193.27,4.40485,436.42,746.87,2285.17,699,3141,17252,6701,7199,4366,7722,9497,2472,70925,80.3,73392,79.5,77.8,81.9,79.4,83.5,24924.85,10567.2,10980.47,87053.98,4964.4,6    30736.5,9     51352.9,2168.6,17,36420,107.6,107.2,32429000,479000000,372000000,68731000,1050000000,852,852,267,267,3508,0,656,4199,360,25,303,769,2988820,18705,1016507,0,0,0,0,0,0,0,0,0,0,0,0,0,0,0,0,1,0,0,0
258,INDIANA,318,6.7,1986,1149.17,5.19173,398.74,792.17,2262.23,677,3359,17380,6909,7629,4714,8162,9397,2457,73084,79.2,75924,79,76.1,83,78.2,80.2,25044.45,10587.09,11033.55,89077.49,4704.8,4    30976.0,5     53396.6,2221.8,17,36420,109.6,108.8,22576000,581000000,393000000,51088000,1100000000,851,851,267,267,3505,0,656,4196,360,20,303,769,3115437,18846,1039331,0,0,0,0,0,0,0,0,0,0,0,0,0,0,0,0,0,1,0,0
259,INDIANA,318,6.4,1987,1192.01,5.19533,416.3,822.83,2377.96,722,3515,18820,7632,8341,4693,8041,9752,2303,76817,81.4,79120,81.4,78.6,85.4,79.9,82.5,25107.14,10653.21,11032.41,91392.65,4454.7,2    30980.1,1     55957.8,2303.9,17,36420,113.6,110.4,15981000,446000000,358000000,94144000,1190000000,851,851,266,266,3475,0,660,4170,353,21,314,772,2748356,19268,940227,0,0,0,0,0,0,0,0,0,0,0,0,0,0,0,0,0,0,1,0
260,INDIANA,318,5.3,1988,1292.23,4.51396,463.67,801.35,2478.44,767,3671,20865,7769,8850,4762,8611,10039,1745,81173,84,82918,83.9,82.5,86,82.3,84.2,25296.76,10713.72,11146.16,93894.82,4242.5,9    31215.5,2     58436.7,2398.4,17,36420,118.3,113.2,15829000,538000000,413000000,82105000,1120000000,851,851,266,266,3158,0,980,4198,355,21,289,774,3069935,20750,1078561,0,0,0,0,0,0,0,0,0,0,0,0,0,0,0,0,0,0,0,1
261,KANSAS,420,0,1969,9.77,0.06658,540.66,308.67,839.83,3559,1692,2461,1679,2659,1270,2332,2961,1679,24492,86.9,26171,86.8,86.3,86.6,86.5,95.8,11115.57,5988.83,3677.32,33207.74,4786.4,4     3401.4,0     25019.9,684.3,6,82282,36.7,38.2,7704000,111000000,75279000,10921000,236000000,576,686,100,116,6563,584,687,7298,173,118,179,469,1109962,4940,400033,1,0,0,0,0,0,0,0,0,0,0,0,0,0,0,0,0,0,0,0
262,KANSAS,420,4.8,1970,10.7,0.07096,574.54,306.66,874.55,3631,1536,2155,1757,2689,1292,2340,2981,2066,24245,80.8,26311,79.7,76.7,82.9,79.1,95.4,11595.03,6098.1,3981.34,34117.09,4962.6,3     3555.7,4     25598.7,677,6,82282,38.8,40,8689000,138000000,86815000,15565000,279000000,595,686,99,115,6482,615,733,7266,173,114,185,478,1126811,5099,415733,0,1,0,0,0,0,0,0,0,0,0,0,0,0,0,0,0,0,0,0
263,KANSAS,420,5.5,1971,10.82,0.07536,605.78,311.13,909.55,3342,1474,2272,1897,2719,1373,2454,3098,2296,24654,79.2,26950,78.2,74.3,82.8,77.4,93.9,11854.06,6226.46,4099.8,34862.71,5140.2,3     3639.1,0     26083.3,676,6,82282,40.5,41.4,7650000,140000000,91139000,15585000,286000000,608,688,100,111,6441,652,777,7272,169,123,197,479,1155246,4930,438933,0,0,1,0,0,0,0,0,0,0,0,0,0,0,0,0,0,0,0,0
264,KANSAS,420,4,1972,12.42,0.04804,626.85,336.88,959.99,3122,1509,2674,1991,2910,1516,2648,3355,2547,25783,84.3,28330,83.7,80.9,86.6,82.5,94.6,12137.4,6368.52,4255.17,36179.12,5759.2,5     3725.2,1     26694.6,717.5,6,82282,41.8,42.3,11374000,141000000,91405000,15737000,293000000,631,683,103,114,5385,685,828,7267,168,126,203,484,1220430,5070,466001,0,0,0,1,0,0,0,0,0,0,0,0,0,0,0,0,0,0,0,0
265,KANSAS,420,3,1973,24.62,0.03188,597.21,353.47,962.09,2817,1512,3116,2243,3134,1627,2855,3529,2551,26935,88.4,29486,88.1,87.5,87.5,86.5,92.9,12412.46,6488.52,4381.43,37588.65,6090.3,6     3838.9,4     27659.3,763.3,6,82282,44.4,43.7,9809000,130000000,96701000,17826000,287000000,671,681,111,121,6327,736,877,7284,145,125,215,468,1267134,5009,505656,0,0,0,0,1,0,0,0,0,0,0,0,0,0,0,0,0,0,0,0
266,KANSAS,420,3.4,1974,39.11,0.06963,578.79,357.93,958.52,2681,1565,3086,2024,3187,1729,2778,3912,2296,27210,84.2,29506,83.8,82.7,84,82.8,86.8,12792.34,6542.8,4650.19,38828.22,6406,6     4025.4,7     28396.6,790,6,82282,49.3,50,15844000,164000000,116000000,11764000,343000000,672,681,111,123,6338,733,879,7297,143,126,217,468,1252391,4959,527887,0,0,0,0,0,1,0,0,0,0,0,0,0,0,0,0,0,0,0,0
267,KANSAS,420,4.6,1975,62.28,0.04837,490.75,384.91,920.78,2249,1561,2951,2129,3286,2075,2696,4006,2193,27337,74.6,29530,73.2,70.2,76.4,73.5,84,13023.89,6628.42,4762.47,41282.58,6638.3,8     4670.8,5     29973.3,801.2,6,82282,53.8,57.9,10561000,221000000,117000000,12637000,404000000,671,681,113,125,6332,736,882,7296,140,135,223,474,1241497,4755,559182,0,0,0,0,0,0,1,0,0,0,0,0,0,0,0,0,0,0,0,0
268,KANSAS,420,4.2,1976,73.38,0.05416,505.41,402.6,967.16,2143,1776,3081,2297,3319,2164,2874,4262,2022,28633,79.3,30655,78.5,75.4,81.8,77.8,84.8,13386.6,6753.55,4941.35,41246.04,6175.2,0     4790.1,6     30280.6,834.8,6,82282,56.9,61.3,8075000,221000000,130000000,14405000,438000000,660,669,129,139,7507,748,880,8472,121,144,231,457,1283647,4907,585020,0,0,0,0,0,0,0,1,0,0,0,0,0,0,0,0,0,0,0,0
269,KANSAS,420,4.1,1977,89.52,0.03257,497.28,409.13,976.01,2506,1769,3270,2645,3578,1786,2852,4068,1853,29620,83.3,31032,82.8,80.3,85.2,81.9,84.6,13726.24,6830.98,5137.97,42277.86,6448.3,8     4931.4,8     30898.0,871,6,82282,60.6,65.2,9132000,207000000,137000000,14822000,439000000,669,669,128,139,7494,763,893,8470,118,142,232,454,1313326,3618,575852,0,0,0,0,0,0,0,0,1,0,0,0,0,0,0,0,0,0,0,0
270,KANSAS,420,3.1,1978,136.85,0.0493,507.97,425.68,1033.68,2376,1805,3560,2800,3659,1986,3003,4289,1660,30835,85.5,32232,85.1,83.5,86.2,84.3,84.8,14157.68,6863.58,5455.9,43689.61,6656.9,6     5123.3,7     31909.2,912.5,6,82282,65.2,70.3,6430000,243000000,153000000,15614000,494000000,669,669,129,139,7489,769,906,8477,117,142,234,452,1344319,3712,586671,0,0,0,0,0,0,0,0,0,1,0,0,0,0,0,0,0,0,0,0
271,KANSAS,420,3.4,1979,147.48,0.03783,571.27,444.56,1131.48,2032,1782,3870,2984,3862,2150,3035,4673,2165,31921,86.2,33680,85.4,84.9,85.1,84.8,85.9,14479.94,6919.83,5670.68,45281.71,6912.9,3     5329.2,5     33039.5,946.8,6,82282,72.6,76.7,11042000,299000000,181000000,17361000,581000000,669,669,131,131,7489,761,901,8473,102,147,238,435,1367626,3812,845987,0,0,0,0,0,0,0,0,0,0,1,0,0,0,0,0,0,0,0,0
272,KANSAS,420,4.5,1980,191.57,0.08626,481.99,377.01,1019.66,1946,1584,3580,2814,3905,2183,2899,4838,1595,31536,82.1,32844,80.2,78.6,81.4,81.3,85.5,14855.02,7018.71,5883.27,47858.83,6896.7,9     6077.9,3     34884.1,944.7,6,82282,82.4,86,9324000,350000000,198000000,19137000,656000000,671,671,133,133,7474,441,558,8142,98,84,180,370,1387847,3915,615106,0,0,0,0,0,0,0,0,0,0,0,1,0,0,0,0,0,0,0,0
273,KANSAS,420,4.2,1981,212.93,0.07959,422.56,342.02,948.99,1832,1464,3495,2900,3878,2297,2954,4873,2000,31665,80.9,33707,78.8,76.6,81,79.1,82.8,15082.15,7104.16,5959.84,49569.38,6824,2     6721.3,3     36024.0,949.7,6,82282,90.9,94.4,14058000,296000000,210000000,20338000,625000000,672,672,134,134,7459,120,215,7810,93,20,122,305,1386872,3898,632638,0,0,0,0,0,0,0,0,0,0,0,0,1,0,0,0,0,0,0,0
274,KANSAS,420,6.3,1982,212.51,0.06839,400.52,343.42,943.76,1452,1338,3087,2924,3812,2354,2912,5185,2604,30945,75,33287,72.8,69,78,74.6,79.5,15062.89,7150.68,5858.35,49688.66,6599.3,1     6371.1,4     36718.2,921.4,6,82282,96.5,100,16976000,276000000,213000000,20652000,615000000,654,654,154,154,7420,123,218,7767,114,21,140,338,1392762,4030,664382,0,0,0,0,0,0,0,0,0,0,0,0,0,1,0,0,0,0,0,0
275,KANSAS,420,6.1,1983,231.16,0.05825,345.86,348.95,914.41,1459,1400,3448,3118,4168,2356,3037,5110,2007,31968,75.8,33638,74.9,70.5,81.1,74.9,80.3,15116.06,7177.68,5816.94,49959.27,6356,8     6338.2,5     37264.9,921.6,6,82282,99.6,102.7,10854000,208000000,235000000,25258000,589000000,654,654,154,154,7400,119,220,7762,113,20,133,338,1408358,3957,635216,0,0,0,0,0,0,0,0,0,0,0,0,0,0,1,0,0,0,0,0
276,KANSAS,420,5.2,1984,274.84,0.07684,360.76,417.5,1015.43,1702,1489,4058,3255,4613,2638,3209,4956,1985,34064,81.1,35582,80.4,78.3,83.1,80.3,82.5,15145.49,7222.85,5740.71,51037.85,6356,8     6395.8,3     38285.9,960.8,6,82282,103.9,105.1,9056000,352000000,217000000,24908000,674000000,654,654,157,157,7385,119,236,7764,125,21,135,341,1456286,3902,661605,0,0,0,0,0,0,0,0,0,0,0,0,0,0,0,1,0,0,0,0
277,KANSAS,420,5,1985,259.5,0.09243,354.76,396.7,1006.15,1621,1398,4082,3355,4531,2715,3360,5211,2761,34554,80.3,36560,79.5,77.8,81.9,79.4,83.5,15216.66,7310.79,5673.29,51347.26,5117.1,5     7200.9,0     39029.2,967.9,6,82282,107.6,107.2,6462000,343000000,288000000,35667000,754000000,656,656,160,160,7345,129,258,7733,123,19,133,338,1474205,3843,669875,0,0,0,0,0,0,0,0,0,0,0,0,0,0,0,0,1,0,0,0
278,KANSAS,420,5.4,1986,251.69,0.08515,307.99,402.94,968.65,1278,1502,4315,3519,4530,2823,3540,5016,2785,34965,79.2,37783,79,76.1,83,78.2,80.2,15305.8,7435.38,5633.9,51811.63,4849.5,4     7257.0,0     39705.0,984.8,6,82282,109.6,108.8,6218000,373000000,306000000,38280000,860000000,656,656,164,164,7316,111,268,7734,118,20,135,339,1496336,3820,675867,0,0,0,0,0,0,0,0,0,0,0,0,0,0,0,0,0,1,0,0
279,KANSAS,420,4.9,1987,267.41,0.09109,343.16,402.03,1007.2,1240,1530,4479,3716,4973,2723,3488,5179,2730,35834,81.4,38564,81.4,78.6,85.4,79.9,82.5,15397.04,7551.34,5621.8,52324.19,4591.7,3     7257.9,5     40474.5,999.6,6,82282,113.6,110.4,3911000,362000000,316000000,36298000,829000000,707,707,163,163,7313,114,261,7727,114,19,135,332,1501752,3832,682455,0,0,0,0,0,0,0,0,0,0,0,0,0,0,0,0,0,0,1,0
280,KANSAS,420,4.8,1988,269.29,0.11794,347.98,440.85,1060.09,1362,1360,4961,3765,5451,2703,3780,5221,2400,37240,84,39640,83.9,82.5,86,82.3,84.2,15429.52,7667.17,5562.16,52841.45,4373,7     7313.1,0     41155.2,1033.2,6,82282,118.3,113.2,5351000,324000000,334000000,37184000,833000000,711,711,159,159,7317,103,268,7724,154,24,115,329,1523226,3764,682923,0,0,0,0,0,0,0,0,0,0,0,0,0,0,0,0,0,0,0,1
281,KENTUCKY,521,0,1969,470.833,27.9736,240.05,355.85,1064.94,2087,2715,3837,5059,2520,1474,2822,2977,1450,30665,86.9,32115,86.8,86.3,86.6,86.5,95.8,16035.09,9021.31,5307.01,30525.64,2500.65,7106.41,20918.58,895.2,5,40411,36,.7     3,22298000,229000000,72857000,15736000,382000000,516,622,60,98,3277,534,638,3958,190,72,151,434,1342309,7405,363115,1,0,0,0,0,0,0,0,0,0,0,0,0,0,0,0,0,0,0,0
282,KENTUCKY,521,5,1970,527.049,33.3034,252.27,373.07,1096.88,2474,2263,3720,5113,2564,1568,2877,3087,1449,30733,80.8,32182,79.7,76.7,82.9,79.1,95.4,16706.92,9280.45,5715.17,31822.72,2592.7,7365.51,21864.51,910.1,5,40411,38,.8     4,37910000,189000000,76376000,17109000,354000000,512,620,49,98,3314,534,645,4001,214,66,146,447,1374340,7310,380867,0,1,0,0,0,0,0,0,0,0,0,0,0,0,0,0,0,0,0,0
283,KENTUCKY,521,5.5,1971,550.394,37.0528,248.51,376.62,1109.14,2416,2208,4048,5347,2616,1625,3021,3264,1531,31745,79.2,33276,78.2,74.3,82.8,77.4,93.9,17169.23,9606.59,5853.96,32994.5,2685.49,7538.19,22770.82,931.8,5,40411,40,.5     4,30068000,256000000,84575000,18978000,442000000,517,618,74,103,3302,538,644,3985,210,91,182,473,1444947,7527,407513,0,0,1,0,0,0,0,0,0,0,0,0,0,0,0,0,0,0,0,0
284,KENTUCKY,521,4.8,1972,583.807,39.1274,259.55,403.81,1193.16,2480,2240,4786,5707,2801,1797,3227,3495,1527,33824,84.3,35351,83.7,80.9,86.6,82.5,94.6,17697.13,10008.41,5965.55,34039.58,2495.82,7716.56,23827.2,988.3,5,40411,41,.8     4,25348000,344000000,82131000,19954000,533000000,505,606,85,115,3274,528,637,3951,215,109,210,518,1515550,7651,444419,0,0,0,1,0,0,0,0,0,0,0,0,0,0,0,0,0,0,0,0
285,KENTUCKY,521,3.7,1973,573.386,39.7185,250.14,433.96,1228.48,2557,2276,5497,6101,3056,1848,3498,3595,1177,36128,88.4,37305,88.1,87.5,87.5,86.5,92.9,18263.75,10372.71,6117.59,35741.89,2639.31,7952.14,25150.44,1038.6,5,40411,44,.4     4,25851000,305000000,93101000,25952000,489000000,531,613,80,106,3264,554,665,3963,211,111,219,516,1598695,7725,484328,0,0,0,0,1,0,0,0,0,0,0,0,0,0,0,0,0,0,0,0
286,KENTUCKY,521,4.5,1974,593.821,35.4824,231.42,425.5,1216.65,3037,2058,5158,5802,3120,1828,3372,3778,1388,36070,84.2,37458,83.8,82.7,84,82.8,86.8,18624.45,10505.77,6211.96,37366.28,2776.12,8338.52,26251.63,1065.9,5,40411,49,.3     5,20959000,251000000,101000000,22675000,488000000,529,617,55,103,3251,549,679,3969,237,85,195,516,1626177,6479,531404,0,0,0,0,0,1,0,0,0,0,0,0,0,0,0,0,0,0,0,0
287,KENTUCKY,521,7.3,1975,558.334,36.0353,209.2,429.97,1264.24,3130,1932,4349,5678,3037,2179,3314,3782,1288,35429,74.6,36717,73.2,70.2,76.4,73.5,84,18945.26,10588,6337.29,41587.55,2876.8,9309.32,29401.43,1057.6,5,40411,53,.8     5,22788000,306000000,119000000,26123000,571000000,536,592,109,125,3185,555,685,3911,241,139,272,610,1675990,6517,562631,0,0,0,0,0,0,1,0,0,0,0,0,0,0,0,0,0,0,0,0
288,KENTUCKY,521,5.6,1976,617.452,32.7664,248.67,464.57,1386.35,3025,2178,5036,5934,3250,2169,3618,4105,1487,37651,79.3,39138,78.5,75.4,81.8,77.8,84.8,19294.6,10701.7,6467.91,42985.92,3341.97,9547.11,30096.83,1103.1,5,40411,56,.9     6,29263000,299000000,124000000,28825000,574000000,529,585,118,130,2767,1060,1188,3987,174,185,281,524,1727456,6602,616088,0,0,0,0,0,0,0,1,0,0,0,0,0,0,0,0,0,0,0,0
289,KENTUCKY,521,4.7,1977,613.466,34.5717,221.94,501.3,1412.15,3017,2175,6009,6057,3485,1753,3662,4512,1708,39440,83.3,41137,82.8,80.3,85.2,81.9,84.6,19572.86,10809.85,6593.24,44402.66,3489.82,9828.77,31084.07,1148.3,5,40411,60,.6     6,32236000,329000000,135000000,32087000,622000000,535,596,123,131,2774,1055,1184,4009,168,192,284,536,1770046,7831,671841,0,0,0,0,0,0,0,0,1,0,0,0,0,0,0,0,0,0,0,0
290,KENTUCKY,521,5.2,1978,617.183,32.9643,215.02,523.52,1392.55,2966,2616,6372,6227,3687,1962,3905,4668,1548,41476,85.5,43098,85.1,83.5,86.2,84.3,84.8,19948.69,11017.87,6684.6,46082.95,3602.7,10211.22,32269.03,1209.9,5,40411,65,.2     7,43677000,424000000,157000000,36663000,745000000,541,607,127,132,2781,1050,1180,4030,161,199,286,547,1804146,7896,731848,0,0,0,0,0,0,0,0,0,1,0,0,0,0,0,0,0,0,0,0
291,KENTUCKY,521,5.6,1979,609.287,40.7937,220.85,535.51,1428.75,2934,2657,6194,6111,3770,2085,4019,5179,1615,42372,86.2,44188,85.4,84.9,85.1,84.8,85.9,20585.01,11367.36,6854.46,47878.44,3741.23,10621.54,33515.67,1245.4,5,40411,72,.6     7,43146000,532000000,177000000,42137000,942000000,549,607,130,134,2787,1077,1208,4064,163,186,273,536,1813235,8165,784097,0,0,0,0,0,0,0,0,0,0,1,0,0,0,0,0,0,0,0,0
292,KENTUCKY,521,8,1980,641.685,30.5382,204.1,517.31,1383.99,3270,2314,5306,5757,3799,2057,3734,5422,1740,41164,82.1,42637,80.2,78.6,81.4,81.3,85.5,21116.39,11721.16,6994.74,47983.96,3645.4,10685.16,33653.4,1210,5,40411,82,.4     8,23379000,576000000,176000000,50341000,982000000,597,597,140,140,2532,585,759,3305,144,52,173,373,1807358,8078,777278,0,0,0,0,0,0,0,0,0,0,0,1,0,0,0,0,0,0,0,0
293,KENTUCKY,521,8.4,1981,663.925,27.1604,202.24,444.28,1287.75,3433,2180,5471,5597,3800,2123,3722,5477,2236,41254,80.9,43595,78.8,76.6,81,79.1,82.8,21308.34,11933.89,6984.21,49141.96,3606.94,11025.16,34509.86,1196,5,40411,90,.9     9,26287000,440000000,175000000,51887000,844000000,597,597,140,140,2544,599,776,3335,153,56,183,387,1800574,8569,784304,0,0,0,0,0,0,0,0,0,0,0,0,1,0,0,0,0,0,0,0
294,KENTUCKY,521,10.6,1982,626.978,34.9436,191.18,438.54,1242.36,3422,2144,4685,5288,3568,2178,3754,5655,2304,40076,75,42286,72.8,69,78,74.6,79.5,21162.34,12008.09,6789.2,49720.78,3488.16,11200.64,35031.98,1160.7,5,40411,96,.5    10,31846000,406000000,180000000,56699000,789000000,596,596,141,141,2472,615,808,3294,167,57,202,429,1809711,8562,797068,0,0,0,0,0,0,0,0,0,0,0,0,0,1,0,0,0,0,0,0
295,KENTUCKY,521,11.7,1983,637.849,34.1227,177.79,456.71,1259.35,3394,1986,5111,5445,3706,2177,3943,5817,1639,41212,75.8,42668,74.9,70.5,81.1,74.9,80.3,21032.34,12056.3,6625.79,50066.78,3359.6,11142.82,35564.36,1152.3,5,40411,99,.6    10,38288000,437000000,187000000,59205000,874000000,579,579,159,159,2481,597,784,3279,181,63,227,457,1812875,8892,799057,0,0,0,0,0,0,0,0,0,0,0,0,0,0,1,0,0,0,0,0
296,KENTUCKY,521,9.3,1984,670.985,36.2726,193.42,469.98,1354.44,3678,2045,6255,5518,4003,2403,4180,6318,2101,44097,81.1,45998,80.4,78.3,83.1,80.3,82.5,21052.49,12171.63,6525.48,51135.28,3359.6,11244.04,36531.64,1213.8,5,40411,103,.9    10,28005000,487000000,189000000,61388000,902000000,579,579,159,159,2512,611,794,3315,180,64,230,459,1772287,8904,808863,0,0,0,0,0,0,0,0,0,0,0,0,0,0,0,1,0,0,0,0
297,KENTUCKY,521,9.5,1985,716.929,30.4096,177.69,462.78,1315.11,3644,2059,6505,5393,4094,2479,4361,6502,2165,44948,80.3,46753,79.5,77.8,81.9,79.4,83.5,20959.34,12139.07,6481.89,51911.38,3326.14,11248.91,37336.33,1250.3,5,40411,107,.6    10,27826000,536000000,198000000,62993000,1040000000,579,579,160,160,2508,611,795,3314,182,66,234,465,1773567,9569,831631,0,0,0,0,0,0,0,0,0,0,0,0,0,0,0,0,1,0,0,0
298,KENTUCKY,521,9.3,1986,749.904,28.0528,173.53,462.88,1285.17,3736,2214,6497,5640,4271,2522,4594,6616,2067,46323,79.2,47502,79,76.1,83,78.2,80.2,20873.39,12070.75,6417.42,52976.47,3152.19,11336.55,38487.73,1274.1,5,40411,109,.6    10,67690000,524000000,211000000,67388000,1090000000,579,579,163,163,2504,615,791,3305,181,73,243,473,1809057,9629,866576,0,0,0,0,0,0,0,0,0,0,0,0,0,0,0,0,0,1,0,0
299,KENTUCKY,521,8.8,1987,746.733,30.2227,178.27,486.32,1321,4144,2411,7099,5737,4574,2617,4510,6449,2075,48164,81.4,50239,81.4,78.6,85.4,79.9,82.5,20916.94,12101.01,6419.29,54329.91,2984.61,11338.03,40007.27,1312.7,5,40411,113,.6    11,39394000,578000000,215000000,71761000,1210000000,579,579,173,173,2485,629,814,3320,183,55,229,469,1811098,9712,899387,0,0,0,0,0,0,0,0,0,0,0,0,0,0,0,0,0,0,1,0
300,KENTUCKY,521,7.9,1988,821.802,24.7972,190.89,521.56,1400.22,4301,2380,7914,5745,5101,2624,4897,6542,1944,50444,84,52388,83.9,82.5,86,82.3,84.2,21031.07,12137.85,6473.65,55668.5,2842.49,11424.18,41401.83,1370.3,5,40411,118,.3    11,29127000,643000000,222000000,74643000,1140000000,579,579,184,184,2460,664,858,3349,183,55,223,468,1861754,9717,923606,0,0,0,0,0,0,0,0,0,0,0,0,0,0,0,0,0,0,0,1
301,LOUISIANA,522,0,1969,0,0,1784.11,756.58,2531.84,29478,3709,1867,3672,3684,2487,3194,3970,876,60529,86.9,61405,86.8,86.3,86.6,86.5,95.8,19638.31,9891.38,7086.12,97802.38,1933.29,12311.29,83557.8,1041,11,51843,36,.7     3,17328000,230000000,73189000,12867000,394000000,290,574,75,141,2079,291,543,2655,132,80,198,424,1388223,9460,349543,1,0,0,0,0,0,0,0,0,0,0,0,0,0,0,0,0,0,0,0
302,LOUISIANA,522,6.6,1970,0,0,1894.22,764.76,2660.08,30829,3186,1777,3889,3840,2491,3183,3925,1023,61643,80.8,62666,79.7,76.7,82.9,79.1,95.4,20066.64,10162.65,7169,99483.9,2004.46,12918.55,84560.89,1041.6,11,51843,38,.8     4,20546000,228000000,73246000,14793000,400000000,325,587,80,138,2051,325,566,2656,135,85,215,446,1367071,10052,365228,0,1,0,0,0,0,0,0,0,0,0,0,0,0,0,0,0,0,0,0
303,LOUISIANA,522,7,1971,0,0,1938.56,833.3,2767.54,31615,3004,1814,4288,4016,2698,3349,4285,1083,63768,79.2,64851,78.2,74.3,82.8,77.4,93.9,20887.68,10392.2,7725.31,100299.6,2076.19,13221.42,85001.98,1064.3,11,51843,40,.5     4,11286000,276000000,72619000,17774000,463000000,337,571,94,119,2030,340,589,2650,151,97,224,479,1434818,10908,386559,0,0,1,0,0,0,0,0,0,0,0,0,0,0,0,0,0,0,0,0
304,LOUISIANA,522,6.1,1972,0,0,1996.02,945.25,2944.61,32363,3082,1972,4539,4261,2918,3619,4662,1072,66367,84.3,67439,83.7,80.9,86.6,82.5,94.6,21408.2,10606.21,8068.78,101336.5,1896.16,13534.27,85906.02,1128.6,11,51843,41,.8     4,11501000,297000000,94121000,15839000,507000000,335,570,98,118,1801,338,602,2421,122,105,232,440,1518246,12158,411859,0,0,0,1,0,0,0,0,0,0,0,0,0,0,0,0,0,0,0,0
305,LOUISIANA,522,6.8,1973,0,0,2072.16,1097.88,3180.36,29874,3029,2175,5380,4674,2945,3901,4845,1040,66060,88.4,67100,88.1,87.5,87.5,86.5,92.9,21787.15,10805.89,8267.34,103761.9,2005.18,13947.46,87809.24,1176.1,11,51843,44,.4     4,11690000,287000000,119000000,22123000,563000000,377,560,101,121,1805,387,661,2485,121,105,230,442,1597623,13475,446181,0,0,0,0,1,0,0,0,0,0,0,0,0,0,0,0,0,0,0,0
306,LOUISIANA,522,7.1,1974,0,0,2068.61,1161.35,3268.55,26818,3257,2308,4837,4891,2906,3802,5273,1261,63658,84.2,64919,83.8,82.7,84,82.8,86.8,22175.86,10983.6,8470.76,106564.6,2109.12,14625.14,89830.3,1220.8,11,51843,49,.3     5,14668000,357000000,127000000,24605000,617000000,408,550,113,127,1763,417,686,2462,120,116,262,470,1615984,14637,503905,0,0,0,0,0,1,0,0,0,0,0,0,0,0,0,0,0,0,0,0
307,LOUISIANA,522,7.4,1975,0,0,1854.77,1124.75,2986.56,23974,3390,2369,5050,4929,2989,4032,5374,1008,62120,74.6,63128,73.2,70.2,76.4,73.5,84,22682.17,11273.56,8589.19,100358.5,2185.6,18924.07,79248.8,1249.5,11,51843,53,.8     5,16389000,424000000,156000000,26564000,721000000,466,546,119,132,1757,470,740,2513,98,126,277,467,1661389,15652,510480,0,0,0,0,0,0,1,0,0,0,0,0,0,0,0,0,0,0,0,0
308,LOUISIANA,522,6.8,1976,0,0,2121.37,1259.62,3373.66,23493,4164,2605,6213,5187,3121,4439,5666,1108,65230,79.3,66338,78.5,75.4,81.8,77.8,84.8,23389.41,11634.15,8818.04,102931.7,2454.47,19407.46,81069.8,1314.4,11,51843,56,.9     6,14595000,494000000,159000000,46943000,825000000,493,534,120,131,2385,500,810,3220,101,126,285,498,1691109,17087,634055,0,0,0,0,0,0,0,1,0,0,0,0,0,0,0,0,0,0,0,0
309,LOUISIANA,522,7,1977,1.774,0,2274.1,1460.03,3747.7,27108,4002,2906,7400,5476,2789,4590,7543,1074,72792,83.3,68209,82.8,80.3,85.2,81.9,84.6,24102.46,11981.51,9069.94,106575,2563.05,19980.02,84031.9,1364.6,11,51843,60,.6     6,13303000,383000000,179000000,51471000,738000000,512,539,119,124,2523,517,851,3398,109,126,281,502,1734255,17826,669460,0,0,0,0,0,0,0,0,1,0,0,0,0,0,0,0,0,0,0,0
310,LOUISIANA,522,7,1978,3.747,0,2349.71,1506.81,3881.98,26897,4551,3084,7337,5934,3223,4932,8406,1058,75991,85.5,72221,85.1,83.5,86.2,84.3,84.8,24446.12,12128.07,9209.56,111082.3,2645.96,20757.47,87678.87,1463.5,11,51843,65,.2     7,13043000,416000000,197000000,55541000,807000000,526,703,127,151,2496,533,884,3407,93,135,304,515,1834306,18420,712167,0,0,0,0,0,0,0,0,0,1,0,0,0,0,0,0,0,0,0,0
311,LOUISIANA,522,6.7,1979,2.518,0,2051.38,1649.5,3778.51,25517,4771,3210,7326,6274,3564,5081,9315,1179,77248,86.2,73681,85.4,84.9,85.1,84.8,85.9,24568.45,12107.67,9367.3,117127.4,2747.7,22591.58,91788.14,1517.4,11,51843,72,.6     7,30587000,465000000,226000000,58189000,926000000,528,706,127,155,2455,534,915,3397,91,135,304,517,1905028,18950,754491,0,0,0,0,0,0,0,0,0,0,1,0,0,0,0,0,0,0,0,0
312,LOUISIANA,522,6.7,1980,2.456,0,1862.18,1604.41,3594.31,24817,5026,3217,6588,6664,3704,5024,10318,1042,78412,82.1,75312,80.2,78.6,81.4,81.3,85.5,24789.76,12157.9,9564.78,117911.6,2898.88,23232.94,91779.73,1578.9,11,51843,82,.4     8,28971000,570000000,225000000,72765000,1060000000,517,536,126,126,2253,8,447,2720,73,8,210,359,1968041,19788,791628,0,0,0,0,0,0,0,0,0,0,0,1,0,0,0,0,0,0,0,0
313,LOUISIANA,522,8.4,1981,23.727,0,1847.64,1556.48,3614.75,24046,5381,3263,6543,6666,4106,5250,11023,1151,80007,80.9,77342,78.8,76.6,81,79.1,82.8,25087,12262.86,9721.23,124453.5,2868.29,23972.2,97613.05,1630.5,11,51843,90,.9     9,42946000,709000000,232000000,78851000,1230000000,504,536,125,126,2246,0,428,2736,96,18,185,360,1979204,20055,822917,0,0,0,0,0,0,0,0,0,0,0,0,1,0,0,0,0,0,0,0
314,LOUISIANA,522,10.3,1982,64.251,0,1629.19,1474.24,3368.82,21161,4837,2830,6471,6816,3996,5392,11286,1172,76814,75,75743,72.8,69,78,74.6,79.5,25422.96,12448.15,9850.82,128610.3,2773.84,24353.74,101482.7,1607,11,51843,96,.5    10,74788000,742000000,253000000,82555000,1290000000,553,553,134,134,2307,0,391,2734,104,16,190,377,2010151,18237,772039,0,0,0,0,0,0,0,0,0,0,0,0,0,1,0,0,0,0,0,0
315,LOUISIANA,522,11.8,1983,106.718,0,1472.33,1404.15,3208.83,20339,4653,2574,7198,7100,3766,5584,10153,1092,75365,75.8,72535,74.9,70.5,81.1,74.9,80.3,25932.73,12825.32,9962.6,130129.7,2671.6,24228.02,103230.1,1565.2,11,51843,99,.6    10,74942000,752000000,267000000,96102000,1430000000,519,519,167,167,2248,0,381,2664,137,21,250,496,2023957,19464,833200,0,0,0,0,0,0,0,0,0,0,0,0,0,0,1,0,0,0,0,0
316,LOUISIANA,522,10,1984,119.071,0,1661.31,1367.78,3414.13,20891,4527,2849,8162,7304,4064,6007,10679,1068,78507,81.1,75349,80.4,78.3,83.1,80.3,82.5,26477.79,13131.09,10133.22,133300.1,2671.6,24448.12,106180.4,1601.5,11,51843,103,.9    10,61399000,668000000,276000000,106000000,1360000000,524,524,169,169,2192,0,434,2664,150,14,216,472,2048123,19737,890307,0,0,0,0,0,0,0,0,0,0,0,0,0,0,0,1,0,0,0,0
317,LOUISIANA,522,11.5,1985,159.097,0,1441.82,1366.21,3211.89,21794,3877,2864,8031,7016,4227,6111,10171,1010,78062,80.3,73777,79.5,77.8,81.9,79.4,83.5,26617.47,13271.71,10070.74,134624.4,1907.16,24447.96,108269.3,1591.2,11,51843,107,.6    10,61836000,668000000,253000000,125000000,1310000000,513,513,173,173,2200,1,412,2649,160,11,253,507,2067013,19750,925327,0,0,0,0,0,0,0,0,0,0,0,0,0,0,0,0,1,0,0,0
318,LOUISIANA,522,13.1,1986,171.903,0,1496.11,1407.06,3291.55,17774,3198,2602,8448,6788,3988,5972,8919,1168,71382,79.2,68508,79,76.1,83,78.2,80.2,26927.41,13431.35,10099.87,133756.8,1807.42,24638.43,107310.9,1518.5,11,51843,109,.6    10,91207000,811000000,245000000,137000000,1490000000,532,532,179,179,2208,4,417,2661,142,10,250,485,1938267,19669,931722,0,0,0,0,0,0,0,0,0,0,0,0,0,0,0,0,0,1,0,0
319,LOUISIANA,522,12,1987,172.355,0,1560.71,1483.28,3456.27,16945,2785,2682,9112,7053,3745,5359,8405,1230,69452,81.4,70682,81.4,78.6,85.4,79.9,82.5,27079.62,13546.81,10041,132289,1711.33,24641.66,105936,1482.5,11,51843,113,.6    11,60668000,605000000,214000000,145000000,1270000000,532,532,177,177,2178,6,453,2660,137,12,266,488,1953327,19448,918459,0,0,0,0,0,0,0,0,0,0,0,0,0,0,0,0,0,0,1,0
320,LOUISIANA,522,10.9,1988,212.094,0,1506.42,1577.85,3497.04,17255,2806,3064,9192,7544,3771,5563,8026,1439,70666,84,72105,83.9,82.5,86,82.3,84.2,27147.89,13572.38,9977.38,129066.9,1629.84,24828.9,102608.1,1501.5,11,51843,118,.3    11,64882000,591000000,188000000,145000000,1230000000,571,571,180,180,2205,5,416,2646,148,12,277,498,1970360,19605,947584,0,0,0,0,0,0,0,0,0,0,0,0,0,0,0,0,0,0,0,1
321,MASSACHUSETTS,125,0,1969,60.429,9.2018,138.63,1137.53,1349.83,52,5235,9235,5751,4759,4382,6123,10473,425,64241,86.9,64666,86.8,86.3,86.6,86.5,95.8,21923.28,8541.89,11141.19,37917.57,240,10370.55,27307.02,2268.7,22,10555,36.7,38.2,18570000,187000000,120000000,20194000,455000000,232,238,200,214,551,359,406,1396,100,325,439,1013,2181975,6655,237466,1,0,0,0,0,0,0,0,0,0,0,0,0,0,0,0,0,0,0,0
322,MASSACHUSETTS,125,4.6,1970,21.393,7.9042,149.07,1243.14,1410.25,57,5067,8806,5410,4908,4419,6273,10555,447,63982,80.8,64429,79.7,76.7,82.9,79.1,95.4,23177.83,8871.26,11943.51,39727.03,248.84,10571,28907.19,2261.7,22,10555,38.8,40,14934000,209000000,126000000,25516000,485000000,230,234,201,216,550,359,406,1398,98,328,436,1010,2311948,7546,255344,0,1,0,0,0,0,0,0,0,0,0,0,0,0,0,0,0,0,0,0
323,MASSACHUSETTS,125,6.6,1971,13.054,7.3951,158.33,1254.01,1443.22,37,5014,8491,5470,5122,4539,6467,10862,433,64843,79.2,65276,78.2,74.3,82.8,77.4,93.9,24385.09,9022.56,12821.72,41461.37,257.74,10818.84,30384.79,2224.2,22,10555,40.5,41.4,13189000,175000000,131000000,30161000,485000000,232,237,202,217,533,370,417,1383,105,333,448,1091,2431500,7498,260795,0,0,1,0,0,0,0,0,0,0,0,0,0,0,0,0,0,0,0,0
324,MASSACHUSETTS,125,6.4,1972,7.677,8.9185,162.2,1310.36,1500.35,51,5040,9268,5903,5578,4889,6687,10769,418,67678,84.3,68096,83.7,80.9,86.6,82.5,94.6,25765.21,9033.16,13976.94,43388.76,234.26,11074.83,32079.67,2251.7,22,10555,41.8,42.3,14448000,157000000,138000000,31582000,494000000,199,202,242,252,504,336,370,1224,131,389,512,1267,2543189,7625,270597,0,0,0,1,0,0,0,0,0,0,0,0,0,0,0,0,0,0,0,0
325,MASSACHUSETTS,125,6.7,1973,5.151,5.8196,157.26,1313.42,1536.58,11,4672,10236,6268,6004,5129,6952,11026,369,70507,88.4,70876,88.1,87.5,87.5,86.5,92.9,27100.33,9074.66,15162.3,45943.04,247.73,11412.93,34282.38,2333.5,22,10555,44.4,43.7,13140000,189000000,130000000,39822000,513000000,193,196,246,258,537,324,349,1179,151,396,521,1306,2652950,8286,290559,0,0,0,0,1,0,0,0,0,0,0,0,0,0,0,0,0,0,0,0
326,MASSACHUSETTS,125,7.2,1974,26.447,4.4646,156.67,1165.06,1428.15,38,3944,10200,5685,6007,4818,6634,11173,353,68602,84.2,68955,83.8,82.7,84,82.8,86.8,28204.28,9114.56,16109.18,48221.47,260.57,11967.47,35993.43,2353.7,22,10555,49.3,50,12362000,174000000,137000000,41458000,512000000,193,202,231,251,527,249,274,1094,619,82,143,1320,2726002,8468,307482,0,0,0,0,0,1,0,0,0,0,0,0,0,0,0,0,0,0,0,0
327,MASSACHUSETTS,125,11.2,1975,24.484,4.3422,154.58,1127.73,1375.83,33,3118,9744,5182,5923,4727,6645,10840,363,66085,74.6,66448,73.2,70.2,76.4,73.5,84,28752.82,9101.4,16452.76,45024.55,270.02,11569.98,33184.55,2273.1,22,10555,53.8,57.9,11426000,216000000,133000000,60431000,581000000,84,179,147,343,624,38,237,1117,502,152,354,2708,2775670,9566,321815,0,0,0,0,0,0,1,0,0,0,0,0,0,0,0,0,0,0,0,0
328,MASSACHUSETTS,125,9.5,1976,3.953,5.0844,157.18,1220.57,1450.41,31,2820,10441,5540,6075,4787,6805,11282,390,68077,79.3,68467,78.5,75.4,81.8,77.8,84.8,29171.97,9098.1,16707.46,46061.69,254.36,11865.52,33941.81,2323.5,22,10555,56.9,61.3,14030000,244000000,155000000,67204000,646000000,108,182,120,329,815,40,217,1271,629,58,177,1446,2865383,9947,325173,0,0,0,0,0,0,0,1,0,0,0,0,0,0,0,0,0,0,0,0
329,MASSACHUSETTS,125,8.1,1977,4.008,4.4079,161.47,1200.9,1435.99,36,2519,11862,5630,6247,4216,6697,12623,434,70935,83.3,71258,82.8,80.3,85.2,81.9,84.6,29202.12,9123.65,16612.37,47564.53,265.61,12215.57,35083.35,2416,22,10555,60.6,65.2,20044000,240000000,155000000,68314000,650000000,104,179,323,332,991,108,209,1262,727,348,615,1467,3122419,11536,385687,0,0,0,0,0,0,0,0,1,0,0,0,0,0,0,0,0,0,0,0
330,MASSACHUSETTS,125,6.1,1978,3.163,2.2147,161.96,1178.13,1415.29,36,2565,12534,5845,6333,4516,6906,12387,501,73177,85.5,73575,85.1,83.5,86.2,84.3,84.8,29455.5,9169.85,16567.56,49564.81,274.2,12690.9,36599.71,2526.3,22,10555,65.2,70.3,10787000,144000000,157000000,79970000,566000000,180,179,325,332,907,277,288,1262,714,465,620,1462,3199821,11543,424500,0,0,0,0,0,0,0,0,0,1,0,0,0,0,0,0,0,0,0,0
331,MASSACHUSETTS,125,5.5,1979,4.632,4.5372,157.88,998.75,1249.48,36,2654,13212,5838,6365,4967,6923,12292,582,75003,86.2,75180,85.4,84.9,85.1,84.8,85.9,29999.21,9146.15,16837.63,51862.37,284.74,13200.86,38376.77,2603.5,22,10555,72.6,76.7,17395000,250000000,169000000,86355000,709000000,181,179,327,333,908,277,288,1263,720,483,626,1467,3259885,12003,449799,0,0,0,0,0,0,0,0,0,0,1,0,0,0,0,0,0,0,0,0
332,MASSACHUSETTS,125,5.6,1980,22.845,1.6422,185.51,918.35,1202.68,38,2577,13538,5717,6361,5146,6739,12386,534,75596,82.1,75289,80.2,78.6,81.4,81.3,85.5,30166.13,9094.17,16855.91,54146.23,272.49,14421.22,39452.52,2652.2,22,10555,82.4,86,15395000,346000000,158000000,122000000,840000000,182,181,336,340,949,167,173,1165,729,335,437,1292,3289836,11618,447789,0,0,0,0,0,0,0,0,0,0,0,1,0,0,0,0,0,0,0,0
333,MASSACHUSETTS,125,6.4,1981,26.645,4.4959,187.53,860.85,1184.87,35,2782,13938,5720,6213,5399,6976,12442,510,76767,80.9,77490,78.8,76.6,81,79.1,82.8,30190.87,9076.55,16836.47,55990.97,269.61,14880.09,40841.27,2668.3,22,10555,90.9,94.4,1560000,295000000,202000000,95990000,740000000,182,182,344,347,989,56,58,1066,737,186,248,1117,3293324,11883,452932,0,0,0,0,0,0,0,0,0,0,0,0,1,0,0,0,0,0,0,0
334,MASSACHUSETTS,125,7.9,1982,89.641,2.632,199.79,806.96,1200.52,34,2947,13246,5766,6052,5623,7079,12155,575,76295,75,77166,72.8,69,78,74.6,79.5,30221.77,9034.17,16866.96,57244.08,260.73,15116.92,41866.43,2638,22,10555,96.5,100,1517000,247000000,199000000,88698000,747000000,172,172,378,380,942,51,55,1015,877,172,232,1214,3296631,11142,441795,0,0,0,0,0,0,0,0,0,0,0,0,0,1,0,0,0,0,0,0
335,MASSACHUSETTS,125,6.9,1983,96.877,2.9196,196.61,757.35,1179.04,42,3275,14248,6002,6632,6055,7898,12601,665,81110,75.8,82489,74.9,70.5,81.1,74.9,80.3,30352.69,9031.48,16940.19,58684.77,251.12,15038.89,43394.76,2692.5,22,10555,99.6,102.7,11444000,204000000,284000000,91430000,850000000,172,172,388,390,942,51,55,1015,866,170,230,1200,3374962,10865,453880,0,0,0,0,0,0,0,0,0,0,0,0,0,0,1,0,0,0,0,0
336,MASSACHUSETTS,125,4.8,1984,116.021,3.0635,215.02,770.3,1207.86,53,3867,17224,6299,6832,7240,8791,13252,590,89274,81.1,90684,80.4,78.3,83.1,80.3,82.5,30497.51,9004.18,17041.79,61180.21,251.12,15175.5,45753.59,2851.8,22,10555,103.9,105.1,13764000,288000000,272000000,111000000,912000000,172,172,390,390,885,96,100,1015,894,174,233,1199,3321357,10689,456150,0,0,0,0,0,0,0,0,0,0,0,0,0,0,0,1,0,0,0,0
337,MASSACHUSETTS,125,3.9,1985,110.247,47.287,224.794,761.48,1229.24,57,4369,18246,6343,7020,7678,9680,14300,836,95061,80.3,96698,79.5,77.8,81.9,79.4,83.5,30795.56,8984.76,17251.86,69574.24,534.58,17208.24,51831.42,2926,22,10555,107.6,107.2,14244000,381000000,304000000,127000000,1050000000,172,172,390,390,939,56,63,1015,897,160,222,1200,3268503,11124,458423,0,0,0,0,0,0,0,0,0,0,0,0,0,0,0,0,1,0,0,0
338,MASSACHUSETTS,125,3.8,1986,99.755,41.246,191.195,851.25,1274.87,77,5100,18482,6436,7122,8488,10815,15224,1180,101031,79.2,102279,79,76.1,83,78.2,80.2,31182.24,8971.69,17526.92,72741.97,506.62,17342.3,54893.05,2984.8,22,10555,109.6,108.8,10315000,396000000,312000000,131000000,1090000000,172,172,390,390,940,44,61,1015,940,135,193,1199,3350007,10629,480341,0,0,0,0,0,0,0,0,0,0,0,0,0,0,0,0,0,1,0,0
339,MASSACHUSETTS,125,3.2,1987,117.626,52.8541,233.398,826.6,1319.02,69,5920,19812,6805,8013,9036,10837,16580,1141,107806,81.4,108947,81.4,78.6,85.4,79.9,82.5,31620.58,9055.06,17771.8,76533.44,479.69,17344.58,58709.17,3045.8,22,10555,113.6,110.4,20298000,471000000,371000000,169000000,1440000000,172,172,391,391,892,72,81,1013,906,128,210,1202,3392975,11131,482746,0,0,0,0,0,0,0,0,0,0,0,0,0,0,0,0,0,0,1,0
340,MASSACHUSETTS,125,3.3,1988,116.852,31.5634,217.305,847.95,1346.13,115,6116,21891,6907,8632,9471,11775,17672,1156,115367,84,116523,83.9,82.5,86,82.3,84.2,32265.09,9194.59,18078.7,80736.98,456.85,17476.37,62803.76,3119.6,22,10555,118.3,113.2,48478000,857000000,400000000,149000000,1830000000,170,170,394,394,901,45,67,1013,939,119,212,1201,3322044,10934,485334,0,0,0,0,0,0,0,0,0,0,0,0,0,0,0,0,0,0,0,1
341,MARYLAND,224,0,1969,355.401,14.1932,147.72,468.19,995.97,87,3666,4275,2958,3424,2283,4280,5891,603,42076,86.9,42679,86.8,86.3,86.6,86.5,95.8,19145.01,7466.91,7570.64,29115.59,1060.53,7922,20133.06,1276.1,5,12407,36.7,38.2,17133000,162000000,57798000,28984000,352000000,157,177,144,181,902,197,553,1500,139,182,385,588,1567510,8074,219679,1,0,0,0,0,0,0,0,0,0,0,0,0,0,0,0,0,0,0,0
342,MARYLAND,224,3.3,1970,311.295,20.0092,159.584,532.25,1039.86,89,3665,3844,2927,3458,2361,4450,6097,622,42349,80.8,42971,79.7,76.7,82.9,79.1,95.4,20023.61,7761.21,8110.78,30631.2,1099.56,8210.13,21321.51,1300.7,5,12407,38.8,40,13191000,214000000,66101000,36417000,417000000,158,177,144,181,897,203,565,1515,137,181,391,592,1625938,8392,237504,0,1,0,0,0,0,0,0,0,0,0,0,0,0,0,0,0,0,0,0
343,MARYLAND,224,4.2,1971,273.955,18.5765,164.69,585.88,1072.38,83,3710,3843,2968,3516,2651,4695,6375,569,43542,79.2,44111,78.2,74.3,82.8,77.4,93.9,21126.69,8191.56,8769.25,31964.23,1138.91,8402.62,22422.7,1315.9,5,12407,40.5,41.4,12166000,243000000,73768000,34004000,437000000,164,178,155,180,893,209,598,1544,130,202,403,602,1731387,8705,262884,0,0,1,0,0,0,0,0,0,0,0,0,0,0,0,0,0,0,0,0
344,MARYLAND,224,4.7,1972,226.422,23.6876,180.283,648.86,1089.41,99,3740,4267,3105,3586,2934,5058,6598,589,45532,84.3,46121,83.7,80.9,86.6,82.5,94.6,22060.79,8386.46,9377.71,33413.53,1131.21,8601.44,23680.88,1415,5,12407,41.8,42.3,16783000,250000000,80472000,30429000,450000000,151,178,153,174,875,201,600,1528,134,227,435,653,1831917,8887,289654,0,0,0,1,0,0,0,0,0,0,0,0,0,0,0,0,0,0,0,0
345,MARYLAND,224,4.1,1973,256.762,22.4898,177.629,692.64,1181.39,83,3936,4593,3324,3886,2993,5368,7019,563,48165,88.4,48728,88.1,87.5,87.5,86.5,92.9,23017.84,8733.95,9861.66,35364.63,1196.25,8864.04,25304.35,1471.5,5,12407,44.4,43.7,28005000,331000000,84717000,29765000,544000000,151,178,155,183,874,207,620,1543,142,226,443,644,1933464,10106,315202,0,0,0,0,1,0,0,0,0,0,0,0,0,0,0,0,0,0,0,0
346,MARYLAND,224,4.7,1974,217.511,20.5619,175.541,669.09,1090.51,83,3806,4316,3016,4022,2936,5142,7379,532,47982,84.2,48514,83.8,82.7,84,82.8,86.8,24189.5,9088.64,10463.09,37135.88,1258.25,9294.72,26582.9,1493.6,5,12407,49.3,50,13932000,291000000,85247000,41798000,535000000,151,178,155,182,867,215,629,1546,143,228,451,661,2000184,10707,335142,0,0,0,0,0,1,0,0,0,0,0,0,0,0,0,0,0,0,0,0
347,MARYLAND,224,6.9,1975,197.161,24.0489,141.854,591.33,1036.53,77,3227,3877,2860,3931,2877,5384,7646,604,47147,74.6,47751,73.2,70.2,76.4,73.5,84,25322.85,9328.2,11020.03,35089.36,1303.88,8237.08,25548.4,1479.3,5,12407,53.8,57.9,14594000,289000000,97107000,42926000,559000000,152,178,157,184,865,216,630,1546,145,231,454,662,2072302,11086,339336,0,0,0,0,0,0,1,0,0,0,0,0,0,0,0,0,0,0,0,0
348,MARYLAND,224,6.8,1976,245.318,21.6632,149.642,600.93,1108.65,69,3295,4087,3004,4108,2967,5616,7834,590,48638,79.3,49228,78.5,75.4,81.8,77.8,84.8,26238.15,9610.83,11438.16,35875.05,1288.31,8447.49,26139.25,1498.3,5,12407,56.9,61.3,11836000,335000000,110000000,45022000,643000000,165,201,175,197,1274,233,642,1968,117,232,440,610,2138357,11154,355551,0,0,0,0,0,0,0,1,0,0,0,0,0,0,0,0,0,0,0,0
349,MARYLAND,224,6.1,1977,189.728,21.0535,135.168,612.35,1088.61,63,3163,4402,3215,4632,2710,5435,7602,554,49285,83.3,50507,82.8,80.3,85.2,81.9,84.6,26910.22,9813.67,11829.94,37068.32,1345.31,8696.7,27026.31,1545.6,5,12407,60.6,65.2,7470000,273000000,115000000,46849000,582000000,125,210,179,199,1388,214,669,2102,115,245,441,607,2191603,11041,384514,0,0,0,0,0,0,0,0,1,0,0,0,0,0,0,0,0,0,0,0
350,MARYLAND,224,5.6,1978,209.72,17.9814,139.642,621.91,1110.65,70,3216,4529,3365,4738,2979,5707,7835,604,51005,85.5,52317,85.1,83.5,86.2,84.3,84.8,27644.44,9951.82,12237.64,38627.84,1388.82,9035.11,28203.91,1625.8,5,12407,65.2,70.3,22146000,279000000,131000000,45949000,577000000,165,208,193,199,1333,277,714,2089,98,265,456,617,2260337,10212,428043,0,0,0,0,0,0,0,0,0,1,0,0,0,0,0,0,0,0,0,0
351,MARYLAND,224,5.9,1979,240.709,22.6842,179.631,595.67,1173.38,76,2979,4680,3376,4754,3189,5717,7878,565,51736,86.2,52804,85.4,84.9,85.1,84.8,85.9,28081.96,10018,12506.75,40397.33,1442.22,9398.17,29556.94,1691.3,5,12407,72.6,76.7,24059000,385000000,162000000,56161000,748000000,165,208,198,203,1322,276,722,2088,93,270,467,620,2312762,9582,445117,0,0,0,0,0,0,0,0,0,0,1,0,0,0,0,0,0,0,0,0
352,MARYLAND,224,6.5,1980,235.71,13.1892,163.449,527.73,1122.6,92,2664,4340,3265,4680,3274,5593,7704,534,51163,82.1,52361,80.2,78.6,81.4,81.3,85.5,28715.84,10118.32,12884.49,40578.02,1301.45,8370.46,30906.11,1711.8,5,12407,82.4,86,35068000,396000000,154000000,61403000,743000000,183,205,187,192,1283,194,589,1929,80,173,363,494,2345047,10042,447807,0,0,0,0,0,0,0,0,0,0,0,1,0,0,0,0,0,0,0,0
353,MARYLAND,224,7.3,1981,210.368,14.9019,177.743,492.68,1111.97,98,2541,4502,3278,4524,3475,5694,8000,641,52076,80.9,53231,78.8,76.6,81,79.1,82.8,28850.43,10160.72,12901.82,41844.35,1287.72,8636.81,31919.82,1715.8,5,12407,90.9,94.4,25836000,466000000,194000000,59707000,835000000,201,201,175,180,1244,111,455,1770,67,75,259,368,2387198,10168,454215,0,0,0,0,0,0,0,0,0,0,0,0,1,0,0,0,0,0,0,0
354,MARYLAND,224,8.4,1982,217.256,14.0177,160.834,469.01,1066.94,94,2215,3940,3253,4620,3710,5717,8154,697,51528,75,52583,72.8,69,78,74.6,79.5,29101.83,10461.03,12863.92,42589.53,1245.31,8774.27,32569.95,1675.8,5,12407,96.5,100,25309000,569000000,198000000,62909000,968000000,201,201,180,180,1244,111,455,1750,67,75,259,368,2421184,10243,461998,0,0,0,0,0,0,0,0,0,0,0,0,0,1,0,0,0,0,0,0
355,MARYLAND,224,6.9,1983,232.6,18.5729,148.687,482.84,1089.35,102,2539,4054,3537,5016,3948,6232,8788,658,54583,75.8,55323,74.9,70.5,81.1,74.9,80.3,29214.12,10668.97,12861.42,43493.99,1199.42,8728.97,33565.6,1724.1,5,12407,99.6,102.7,39410000,489000000,253000000,76130000,986000000,191,191,184,186,1227,109,435,1694,107,73,284,437,2516084,10436,484589,0,0,0,0,0,0,0,0,0,0,0,0,0,0,1,0,0,0,0,0
356,MARYLAND,224,5.4,1984,270.158,20.8761,163.124,491.43,1133.21,116,2968,4606,3553,5176,4611,6852,9191,738,58259,81.1,58925,80.4,78.3,83.1,80.3,82.5,29451.52,10845.28,12660.18,45119.15,1199.42,8808.27,35111.46,1814,5,12407,103.9,105.1,45016000,624000000,253000000,85758000,1130000000,177,177,204,205,1201,98,443,1670,127,93,326,493,2668985,10669,513717,0,0,0,0,0,0,0,0,0,0,0,0,0,0,0,1,0,0,0,0
357,MARYLAND,224,4.6,1985,256.21,15.754,155.966,467.69,1111.77,110,3328,4893,3660,5367,4855,7462,9628,903,61516,80.3,62179,79.5,77.8,81.9,79.4,83.5,29577.46,10983.19,12701.94,49257.92,1381.1,9159.53,38717.3,1887.8,5,12407,107.6,107.2,54511000,699000000,252000000,119000000,1300000000,163,163,223,223,1174,87,451,1646,146,113,367,549,2720700,10917,544096,0,0,0,0,0,0,0,0,0,0,0,0,0,0,0,0,1,0,0,0
358,MARYLAND,224,4.5,1986,275.017,19.25,158.032,474.65,1143.69,120,3754,4831,3852,5569,5327,8186,10090,1072,65171,79.2,65408,79,76.1,83,78.2,80.2,29984.43,11168.39,12865.63,51256.62,1308.87,9230.89,40716.86,1952,5,12407,109.6,108.8,60169000,750000000,258000000,133000000,1540000000,164,165,223,224,1186,92,439,1650,144,122,369,544,2774029,10839,576433,0,0,0,0,0,0,0,0,0,0,0,0,0,0,0,0,0,1,0,0
359,MARYLAND,224,4.2,1987,288.892,16.5281,174.283,498.65,1211.27,152,4213,5114,3950,6318,5363,8411,10537,1103,68614,81.4,69717,81.4,78.6,85.4,79.9,82.5,30449.75,11417.36,13065.74,53665.03,1239.29,9232.1,43193.65,2017.6,5,12407,113.6,110.4,85874000,892000000,265000000,128000000,1670000000,168,169,223,225,1143,88,473,1640,130,135,399,558,2718947,10929,578745,0,0,0,0,0,0,0,0,0,0,0,0,0,0,0,0,0,0,1,0
360,MARYLAND,224,4.5,1988,301.231,13.587,178.433,516.26,1246.82,159,4425,5599,4059,6944,5580,8998,11113,1089,72582,84,73671,83.9,82.5,86,82.3,84.2,31062.85,11768.02,13415.98,56167.54,1180.28,9302.25,45685.01,2091.9,5,12407,118.3,113.2,105000000,1020000000,296000000,147000000,1700000000,168,169,223,224,1150,67,464,1639,114,143,416,564,2857979,10872,599396,0,0,0,0,0,0,0,0,0,0,0,0,0,0,0,0,0,0,0,1
361,MAINE,123,0,1969,4.272,33.6914,1.139,216.34,255.87,1,697,715,1237,733,502,959,1161,326,8443,86.9,8769,86.8,86.3,86.6,86.5,95.8,3868.87,2206.79,1179.39,9305.13,201.69,2967.06,6136.38,330,4,35387,36.7,38.2,3724000,45836000,45368000,3373000,114000000,167,288,19,34,1564,177,181,1782,169,19,22,183,398460,1670,95630,1,0,0,0,0,0,0,0,0,0,0,0,0,0,0,0,0,0,0,0
362,MAINE,123,5.7,1970,2.166,35.3556,1.315,231.31,273.31,7,726,709,1176,753,504,988,1173,352,8492,80.8,8844,79.7,76.7,82.9,79.1,95.4,3999.86,2256.43,1248.46,9582.6,209.11,2977.92,6395.57,332.2,4,35387,38.8,40,2919000,53257000,45103000,3859000,124000000,168,288,18,34,1561,172,188,1780,145,20,26,183,406650,1653,107189,0,1,0,0,0,0,0,0,0,0,0,0,0,0,0,0,0,0,0,0
363,MAINE,123,7.6,1971,2.301,38.6906,1.475,281.79,324.06,-2,696,698,1162,793,525,1042,1230,323,8635,79.2,8958,78.2,74.3,82.8,77.4,93.9,4167.61,2335.09,1326.92,9906.21,216.59,3047.73,6641.88,332.3,4,35387,40.5,41.4,3861000,71797000,50603000,4330000,149000000,186,288,20,34,1546,198,200,1780,148,24,29,184,431831,1776,103208,0,0,1,0,0,0,0,0,0,0,0,0,0,0,0,0,0,0,0,0
364,MAINE,123,7,1972,1.402,47.078,1.554,304.13,348.35,2,705,780,1256,854,562,1117,1225,310,9139,84.3,9449,83.7,80.9,86.6,82.5,94.6,4272.25,2427.57,1329.01,10255.45,210.38,3119.85,6925.22,343.7,4,35387,41.8,42.3,4370000,62233000,57233000,5053000,143000000,202,289,21,33,1484,213,215,1728,164,26,31,205,450861,2001,111920,0,0,0,1,0,0,0,0,0,0,0,0,0,0,0,0,0,0,0,0
365,MAINE,123,5.7,1973,1.418,61.2444,1.657,294.32,346.87,8,676,820,1394,928,578,1187,1261,358,9591,88.4,9949,88.1,87.5,87.5,86.5,92.9,4394.33,2485.16,1359.42,10747.95,222.48,3215.1,7310.38,354.8,4,35387,44.4,43.7,1649000,57342000,62282000,4978000,157000000,208,291,21,29,1481,219,221,1732,162,27,33,205,474321,2048,119976,0,0,0,0,1,0,0,0,0,0,0,0,0,0,0,0,0,0,0,0
366,MAINE,123,6.4,1974,1.957,55.8587,1.635,258.65,320.96,6,650,838,1335,956,572,1133,1339,417,9559,84.2,9976,83.8,82.7,84,82.8,86.8,4529.86,2515.26,1435.12,11224.5,234.01,3371.31,7619.18,361.5,4,35387,49.3,50,1340000,57504000,71476000,5814000,158000000,209,287,22,27,1479,219,221,1730,160,30,35,205,498118,1964,137073,0,0,0,0,0,1,0,0,0,0,0,0,0,0,0,0,0,0,0,0
367,MAINE,123,10.3,1975,1.311,42.6633,1.976,222.13,292.2,3,633,721,1249,940,599,1149,1331,283,9389,74.6,9672,73.2,70.2,76.4,73.5,84,4593.66,2518.41,1464.69,11017.15,242.5,3636.84,7137.81,356.9,4,35387,53.8,57.9,1477000,51344000,71479000,6980000,155000000,190,287,22,27,1486,217,219,1730,154,30,35,199,499474,2102,146555,0,0,0,0,0,0,1,0,0,0,0,0,0,0,0,0,0,0,0,0
368,MAINE,123,8.9,1976,1.05,56.4025,2.083,258.34,342.91,5,797,774,1484,984,625,1220,1366,416,10139,79.3,10555,78.5,75.4,81.8,77.8,84.8,4662.84,2521.78,1467.79,11201.57,225.53,3729.74,7246.3,375.3,4,35387,56.9,61.3,1061000,62034000,80312000,8220000,177000000,204,284,26,29,1874,218,218,2122,124,36,43,173,556400,2122,140574,0,0,0,0,0,0,0,1,0,0,0,0,0,0,0,0,0,0,0,0
369,MAINE,123,8.4,1977,0.603,67.7824,2.047,262.94,356.38,3,631,841,1672,993,593,1195,1698,404,10714,83.3,10916,82.8,80.3,85.2,81.9,84.6,4813.68,2531.39,1419.5,11494.06,235.51,3839.78,7418.78,387.8,4,35387,60.6,65.2,2466000,56721000,90964000,9288000,187000000,245,282,26,31,1831,258,258,2119,130,37,44,182,558515,2341,157798,0,0,0,0,0,0,0,0,1,0,0,0,0,0,0,0,0,0,0,0
370,MAINE,123,6.1,1978,0.719,51.5493,2.166,244.3,339.63,3,630,941,1760,1083,636,1247,1760,330,11258,85.5,11434,85.1,83.5,86.2,84.3,84.8,4931.13,2541.85,1405.36,11929.56,243.13,3989.19,7697.25,405.6,4,35387,65.2,70.3,1860000,78909000,95539000,9704000,210000000,63,283,14,28,1834,65,66,2120,137,17,18,184,533507,2395,172059,0,0,0,0,0,0,0,0,0,1,0,0,0,0,0,0,0,0,0,0
371,MAINE,123,7.2,1979,0.778,62.2192,2.162,222.98,316.2,4,626,1071,1776,1178,658,1254,1802,331,11629,86.2,11765,85.4,84.9,85.1,84.8,85.9,4991.87,2553.75,1414.64,12404.6,252.47,4149.49,8002.64,415.9,4,35387,72.6,76.7,4594000,87071000,103000000,10749000,226000000,69,283,14,31,1829,70,72,2125,136,17,18,186,524974,2554,186121,0,0,0,0,0,0,0,0,0,0,1,0,0,0,0,0,0,0,0,0
372,MAINE,123,7.8,1980,3.008,64.1598,2.322,198.32,286.49,5,654,1181,1743,1218,649,1203,1638,332,11603,82.1,11731,80.2,78.6,81.4,81.3,85.5,5009.05,2559.1,1409.24,11733.6,278.13,4987.6,6467.87,418.3,4,35387,82.4,86,3206000,78886000,101000000,14294000,221000000,280,280,30,30,1807,16,16,1842,106,10,21,162,518079,2556,202977,0,0,0,0,0,0,0,0,0,0,0,1,0,0,0,0,0,0,0,0
373,MAINE,123,7.2,1981,3.141,61.2976,2.384,194.6,281.77,5,601,1106,1771,1250,670,1222,1670,335,11618,80.9,12013,78.8,76.6,81,79.1,82.8,4976.6,2536.96,1406.72,12095.08,275.19,5146.3,6673.58,419.2,4,35387,90.9,94.4,2989000,79260000,106000000,13282000,227000000,280,280,30,30,1806,16,16,1839,103,10,21,158,530864,2536,195851,0,0,0,0,0,0,0,0,0,0,0,0,1,0,0,0,0,0,0,0
374,MAINE,123,8.6,1982,6.935,61.6219,2.758,230.35,331.43,5,588,1087,1823,1279,685,1242,1720,290,11762,75,12099,72.8,69,78,74.6,79.5,4952.99,2540.19,1389.35,12308.54,266.13,5228.21,6814.2,415.5,4,35387,96.5,100,3611000,85875000,113000000,9743000,240000000,282,282,31,31,1801,12,12,1834,94,11,23,159,541222,2448,199187,0,0,0,0,0,0,0,0,0,0,0,0,0,1,0,0,0,0,0,0
375,MAINE,123,9,1983,5.895,84.2954,2.487,177.69,283.57,6,604,1216,1926,1339,720,1370,1773,389,12366,75.8,12813,74.9,70.5,81.1,74.9,80.3,4941.74,2536.66,1387.53,12475.82,256.32,5201.22,7018.28,425,4,35387,99.6,102.7,3100000,77318000,96179000,11329000,214000000,282,282,31,31,1801,12,12,1834,94,11,23,159,561947,2464,201370,0,0,0,0,0,0,0,0,0,0,0,0,0,0,1,0,0,0,0,0
376,MAINE,123,6.1,1984,4.951,89.4615,2.528,186.88,290.88,7,745,1429,1911,1376,831,1500,1927,329,13261,81.1,13652,80.4,78.3,83.1,80.3,82.5,4942.55,2526.87,1378.61,12817.15,256.32,5248.47,7312.35,445.7,4,35387,103.9,105.1,3611000,97931000,127000000,14645000,276000000,275,275,37,37,1789,14,14,1824,103,10,29,181,584018,2465,213271,0,0,0,0,0,0,0,0,0,0,0,0,0,0,0,1,0,0,0,0
377,MAINE,123,5.4,1985,5.093,34.9336,2.62,192.52,300.69,6,839,1428,1856,1408,905,1622,2097,489,13823,80.3,14238,79.5,77.8,81.9,79.4,83.5,4939.7,2535.26,1359.97,13919.23,354.76,5595.18,7969.3,458.4,4,35387,107.6,107.2,2697000,131000000,152000000,17279000,336000000,275,275,37,37,1782,13,13,1825,110,7,27,182,620473,2548,216990,0,0,0,0,0,0,0,0,0,0,0,0,0,0,0,0,1,0,0,0
378,MAINE,123,5.3,1986,9.293,57.2729,2.549,219.2,328.06,5,1019,1548,1866,1320,1015,1826,2353,618,14768,79.2,15056,79,76.1,83,78.2,80.2,4964.7,2542.41,1373.31,14340.59,336.21,5638.77,8365.61,477.4,4,35387,109.6,108.8,2418000,118000000,169000000,33321000,356000000,276,276,39,39,1791,10,10,1825,115,8,28,183,645316,2632,224482,0,0,0,0,0,0,0,0,0,0,0,0,0,0,0,0,0,1,0,0
379,MAINE,123,4.4,1987,6.849,65.8379,2.747,216.42,328.57,6,1253,1772,1917,1520,1064,1900,2573,585,16063,81.4,16648,81.4,78.6,85.4,79.9,82.5,5025.26,2542.09,1432.54,14804.7,318.33,5639.51,8846.86,501,4,35387,113.6,110.4,2920000,115000000,164000000,32835000,351000000,313,313,53,53,1782,10,10,1824,116,9,27,184,694596,2721,230498,0,0,0,0,0,0,0,0,0,0,0,0,0,0,0,0,0,0,1,0
380,MAINE,123,3.8,1988,6.907,60.6945,3.283,256.79,371.35,15,1283,2034,1948,1701,1108,2125,2776,570,17326,84,17896,83.9,82.5,86,82.3,84.2,5147.52,2547.35,1498.29,15292.81,303.17,5682.36,9307.28,520.5,4,35387,118.3,113.2,2722000,117000000,176000000,25575000,378000000,313,313,53,53,1771,16,16,1823,115,8,27,185,709075,5789,226409,0,0,0,0,0,0,0,0,0,0,0,0,0,0,0,0,0,0,0,1
381,MICHIGAN,326,0,1969,908.865,15.3533,788.222,966.58,2722.86,694,8155,35821,6328,7588,6351,9540,12200,1501,108116,86.9,109617,86.8,86.3,86.6,86.5,95.8,44684.82,17924.92,18379.42,84755.95,2487.18,31955.97,50312.8,3085.1,18,96810,36.7,38.2,40624000,318000000,151000000,68204000,662000000,682,787,261,358,4051,1019,1254,5587,130,381,648,1200,3873379,12946,602138,1,0,0,0,0,0,0,0,0,0,0,0,0,0,0,0,0,0,0,0
382,MICHIGAN,326,6.7,1970,828.885,13.6787,821.261,981.61,2692.6,691,6856,28958,6156,7564,6559,9451,12527,1579,100593,80.8,102172,79.7,76.7,82.9,79.1,95.4,45993.77,18238.74,19190.33,87827.03,2578.73,32394.25,52854.05,3004.9,18,96810,38.8,40,33689000,343000000,162000000,83345000,691000000,692,786,280,353,4023,1029,1260,5567,123,395,662,1197,3918113,13551,637655,0,1,0,0,0,0,0,0,0,0,0,0,0,0,0,0,0,0,0,0
383,MICHIGAN,326,7.6,1971,837.643,23.9946,863.32,1011.81,2783.93,680,6645,31411,6518,7760,7142,9812,13246,1522,105594,79.2,107116,78.2,74.3,82.8,77.4,93.9,46772.91,18423.57,19402.02,91039.26,2671.02,33153.74,55214.5,2997.2,18,96810,40.5,41.4,25088000,409000000,185000000,90617000,792000000,677,768,313,375,3978,1009,1235,5490,130,454,730,1283,4052218,13513,673908,0,0,1,0,0,0,0,0,0,0,0,0,0,0,0,0,0,0,0,0
384,MICHIGAN,326,7,1972,843.679,44.5979,877.742,1097.45,2958.12,739,6814,33879,7122,8252,7654,10453,13854,1610,112227,84.3,113837,83.7,80.9,86.6,82.5,94.6,47923.55,18834.46,19532.75,94302.49,2427.06,33938.22,57937.21,3118.9,18,96810,41.8,42.3,28573000,410000000,193000000,103000000,815000000,669,726,346,412,3901,984,1171,5317,162,511,813,1392,4265042,13739,731756,0,0,0,1,0,0,0,0,0,0,0,0,0,0,0,0,0,0,0,0
385,MICHIGAN,326,5.9,1973,791.285,48.0094,929.555,1149.05,3055.33,936,6589,39879,7916,9131,7670,11144,13783,1381,121610,88.4,122991,88.1,87.5,87.5,86.5,92.9,48793.43,19160.95,19745.17,99072.42,2566.6,34974.32,61531.5,3284.3,18,96810,44.4,43.7,24206000,429000000,211000000,102000000,896000000,696,754,345,410,3890,1027,1210,5350,167,510,816,1403,4435673,13689,790430,0,0,0,0,1,0,0,0,0,0,0,0,0,0,0,0,0,0,0,0
386,MICHIGAN,326,8.5,1974,709.963,50.4274,942.595,1108.67,2909.26,1081,5991,34380,6919,9162,7411,10430,13687,1592,114204,84.2,115796,83.8,82.7,84,82.8,86.8,49789.59,19397.17,20311.41,103711.2,2699.64,36673.67,64337.92,3277.6,18,96810,49.3,50,26492000,527000000,227000000,121000000,985000000,706,730,369,420,4546,333,489,5299,573,171,424,1380,4536177,14133,850594,0,0,0,0,0,1,0,0,0,0,0,0,0,0,0,0,0,0,0,0
387,MICHIGAN,326,12.5,1975,750.984,14.8786,894.795,1099.18,2855.39,1321,4977,29818,6638,9115,6849,10464,13293,1598,107619,74.6,109217,73.2,70.2,76.4,73.5,84,50687.49,19591.79,20861.88,104330.8,2797.54,35117.42,66415.87,3136.6,18,96810,53.8,57.9,20630000,504000000,262000000,135000000,1010000000,708,738,368,432,3898,1052,1215,5327,195,537,781,1271,4627816,14485,903159,0,0,0,0,0,0,1,0,0,0,0,0,0,0,0,0,0,0,0,0
388,MICHIGAN,326,9.4,1976,717.683,39.7093,895.14,1174.64,2977.31,1438,5243,37812,7405,9658,6632,10989,13428,1559,118370,79.3,119929,78.5,75.4,81.8,77.8,84.8,51302.35,19800.72,21132.41,106687.1,2847.9,36014.45,67824.73,3283,18,96810,56.9,61.3,19282000,470000000,283000000,143000000,1020000000,705,727,386,424,5473,1072,1234,7053,577,180,351,1235,4726259,13780,961333,0,0,0,0,0,0,0,1,0,0,0,0,0,0,0,0,0,0,0,0
389,MICHIGAN,326,8.2,1977,692.982,73.4845,745.743,1208.82,2872.03,1676,5507,44978,7894,10303,5742,11463,14844,1784,129715,83.3,129279,82.8,80.3,85.2,81.9,84.6,51494.34,19980.26,21163.79,109995.7,2973.89,37076.95,69944.84,3442.3,18,96810,60.6,65.2,19244000,455000000,299000000,160000000,1050000000,716,738,403,426,5447,1082,1242,7074,159,589,766,1280,4954235,14746,1017109,0,0,0,0,0,0,0,0,1,0,0,0,0,0,0,0,0,0,0,0
390,MICHIGAN,326,6.9,1978,671.257,80.9394,793.936,1258.06,2936.49,1619,5934,45307,8165,10716,6407,11957,16136,1629,134685,85.5,135247,85.1,83.5,86.2,84.3,84.8,51707.36,20002.83,21218.27,114436.7,3070.08,38519.66,72846.95,3609.4,18,96810,65.2,70.3,7709000,452000000,338000000,174000000,1110000000,716,738,403,426,5438,1088,1244,7073,227,589,785,1281,5123926,15738,1105516,0,0,0,0,0,0,0,0,0,1,0,0,0,0,0,0,0,0,0,0
391,MICHIGAN,326,7.8,1979,758.929,13.6006,880.367,1092.93,2924.3,1505,5652,41622,8167,10642,6943,11989,17235,1673,132981,86.2,132845,85.4,84.9,85.1,84.8,85.9,51922.35,19996.38,21281.74,119398.1,3188.13,40067.52,76142.43,3637.1,18,96810,72.6,76.7,5773000,513000000,371000000,183000000,1210000000,716,738,414,437,6317,382,517,7232,1050,190,366,1757,5093121,17247,1230393,0,0,0,0,0,0,0,0,0,0,1,0,0,0,0,0,0,0,0,0
392,MICHIGAN,326,12.4,1980,759.026,71.5173,874.654,965.18,2799.34,1398,4353,33164,7299,10129,6552,11038,17252,1899,120561,82.1,121360,80.2,78.6,81.4,81.3,85.5,52276.4,20024.11,21352.04,112346.2,3462.62,38982.34,69901.24,3442.8,18,96810,82.4,86,20574000,567000000,377000000,216000000,1310000000,702,702,385,385,4137,343,459,4674,247,234,638,1246,5246057,18871,1223142,0,0,0,0,0,0,0,0,0,0,0,1,0,0,0,0,0,0,0,0
393,MICHIGAN,326,12.3,1981,757.492,59.3988,814.488,851.797,2623.99,1525,4020,30615,7214,9492,6713,10849,17690,1988,116656,80.9,118356,78.8,76.6,81,79.1,82.8,51955.88,19881.31,21316.04,115911.3,3426.09,40222.73,72262.52,3364.4,18,96810,90.9,94.4,10611000,522000000,420000000,103000000,1230000000,714,714,415,415,4147,341,450,4679,248,241,609,1246,5004645,19705,1141250,0,0,0,0,0,0,0,0,0,0,0,0,1,0,0,0,0,0,0,0
394,MICHIGAN,326,15.5,1982,711.387,35.035,764.6,770.94,2464.63,1201,3318,24349,7069,8666,6564,10314,17280,2028,106239,75,108627,72.8,69,78,74.6,79.5,51305.62,19714.51,21012.59,118105.8,3313.27,40862.91,73929.57,3193.3,18,96810,96.5,100,24655000,559000000,450000000,220000000,1380000000,716,716,415,415,4105,362,486,4684,247,238,621,1246,5005544,20210,1224535,0,0,0,0,0,0,0,0,0,0,0,0,0,1,0,0,0,0,0,0
395,MICHIGAN,326,14.2,1983,706.594,26.2942,713.17,767.895,2446.11,1208,3212,27802,7612,9199,6723,10811,17292,1855,111561,75.8,114259,74.9,70.5,81.1,74.9,80.3,50724.55,19505.44,20634.79,119779,3191.15,40651.97,75935.85,3223.1,18,96810,99.6,102.7,21130000,358000000,617000000,112000000,1250000000,714,714,415,415,4125,348,463,4679,261,231,587,1246,5024521,21135,1249193,0,0,0,0,0,0,0,0,0,0,0,0,0,0,1,0,0,0,0,0
396,MICHIGAN,326,11.2,1984,747.632,16.7942,730.312,820.296,2545.03,1270,3284,33710,8083,9652,8028,11594,17083,1875,120933,81.1,123886,80.4,78.3,83.1,80.3,82.5,50392.79,19397.92,20604.47,123249.9,3191.15,41021.27,79037.47,3381,18,96810,103.9,105.1,24882000,491000000,638000000,254000000,1550000000,714,714,415,415,4135,369,487,4718,263,219,580,1246,5071361,21587,1275569,0,0,0,0,0,0,0,0,0,0,0,0,0,0,0,1,0,0,0,0
397,MICHIGAN,326,9.9,1985,781.884,14.351,719.871,851.615,2586.54,1240,3871,37271,8626,9888,8393,12232,17554,2207,128728,80.3,131417,79.5,77.8,81.9,79.4,83.5,49879.29,19184.17,20517.06,125148.8,2813.45,41166.82,81168.56,3561.5,18,96810,107.6,107.2,28316000,537000000,751000000,252000000,1730000000,712,712,419,419,4118,339,497,4718,280,225,554,1245,5356975,21746,1347957,0,0,0,0,0,0,0,0,0,0,0,0,0,0,0,0,1,0,0,0
398,MICHIGAN,326,8.8,1986,811.922,14.4521,689.449,891.303,2602.15,1319,4356,37019,9108,10284,9122,13253,17993,2182,133519,79.2,136433,79,76.1,83,78.2,80.2,49584.88,18993.14,20537.11,128885.8,2666.32,41487.55,84731.95,3657.3,18,96810,109.6,108.8,27010000,654000000,860000000,261000000,1940000000,707,707,430,431,5638,380,539,6275,251,172,363,1003,5421198,22123,1388441,0,0,0,0,0,0,0,0,0,0,0,0,0,0,0,0,0,1,0,0
399,MICHIGAN,326,8.2,1987,840.245,12.8254,671.201,907.521,2576.47,1563,4536,36181,9729,11185,9377,13048,18763,2138,136066,81.4,138204,81.4,78.6,85.4,79.9,82.5,49308.61,18841.42,20569.71,133096.3,2524.57,41492.98,89078.78,3713.2,18,96810,113.6,110.4,32153000,712000000,875000000,261000000,2010000000,766,766,443,444,5612,348,504,6207,254,162,343,969,5481096,22183,1441387,0,0,0,0,0,0,0,0,0,0,0,0,0,0,0,0,0,0,1,0
400,MICHIGAN,326,7.6,1988,831.52,7.8204,765.708,951.59,2750.89,1604,4878,39093,10232,11845,9549,13825,20039,1913,143531,84,145444,83.9,82.5,86,82.3,84.2,49760.76,18795.61,21257.49,137614.7,2404.35,41808.27,93402.03,3797.7,18,96810,118.3,113.2,27093000,670000000,741000000,244000000,1840000000,766,766,443,445,5640,373,486,6246,269,155,337,982,5556109,22517,1562865,0,0,0,0,0,0,0,0,0,0,0,0,0,0,0,0,0,0,0,1
401,MINNESOTA,427,0,1969,191.157,11.8343,328.944,503.613,1063.49,772,3781,4721,3489,3911,2943,3994,5780,2580,38670,86.9,41250,86.8,86.3,86.6,86.5,95.8,21948.43,10284.33,7981.36,43287.56,4250.03,5684.97,33352.56,1302.7,7,86943,36.7,38.2,27167000,287000000,116000000,18619000,460000000,360,731,134,219,6193,365,876,7081,363,162,440,906,1717147,10090,416507,1,0,0,0,0,0,0,0,0,0,0,0,0,0,0,0,0,0,0,0
402,MINNESOTA,427,4.2,1970,179.728,10.7068,343.007,516.551,1089.03,889,3366,4518,3407,3939,3052,4119,5820,3154,38580,80.8,41734,79.7,76.7,82.9,79.1,95.4,23056.36,10735.9,8580.05,45132.89,4406.47,6041.13,34685.29,1317.2,7,86943,38.8,40,29738000,285000000,108000000,23873000,460000000,422,734,153,229,6046,427,970,7028,348,180,460,911,1754029,10719,441876,0,1,0,0,0,0,0,0,0,0,0,0,0,0,0,0,0,0,0,0
403,MINNESOTA,427,4.4,1971,155.594,11.6547,352.145,530.663,1128.49,818,3234,4327,3456,4090,3306,4275,6177,2966,39501,79.2,42467,78.2,74.3,82.8,77.4,93.9,24023.53,11014.64,9218.14,46882.97,4564.17,6182.76,36136.04,1311.6,7,86943,40.5,41.4,19395000,298000000,124000000,26365000,501000000,439,675,175,260,5872,447,985,6868,435,206,512,1033,1814894,11771,466813,0,0,1,0,0,0,0,0,0,0,0,0,0,0,0,0,0,0,0,0
404,MINNESOTA,427,4.3,1972,161.572,12.17,352.111,584.832,1187.93,829,3012,4772,3805,4465,3527,4462,6308,2827,41296,84.3,44123,83.7,80.9,86.6,82.5,94.6,24731.18,11172.43,9748.98,48841.94,4804.61,6329.06,37708.27,1357.1,7,86943,41.8,42.3,18524000,301000000,140000000,32231000,525000000,486,671,174,253,5857,493,1041,6909,421,213,525,1033,1871521,11908,484698,0,0,0,1,0,0,0,0,0,0,0,0,0,0,0,0,0,0,0,0
405,MINNESOTA,427,4.5,1973,180.736,12.8267,360.45,605.189,1236.8,981,2975,5478,4224,4880,3718,4760,6715,3588,44217,88.4,47805,88.1,87.5,87.5,86.5,92.9,25333.93,11367.22,10021.65,51426.02,5080.84,6522.28,39822.9,1436.1,7,86943,44.4,43.7,20754000,332000000,168000000,33745000,607000000,539,675,183,242,5842,546,1103,6956,400,224,544,1030,1912302,13075,527239,0,0,0,0,1,0,0,0,0,0,0,0,0,0,0,0,0,0,0,0
406,MINNESOTA,427,4.3,1974,188.665,10.0494,351.995,578.78,1216.2,820,2868,5425,3912,4979,3881,4638,7017,3189,44293,84.2,47482,83.8,82.7,84,82.8,86.8,25910.97,11555.19,10356.08,53798.39,5344.21,6839.19,41615,1481,7,86943,49.3,50,27272000,332000000,145000000,41558000,579000000,596,681,172,238,5763,605,1232,7012,392,211,517,996,1942414,14209,575596,0,0,0,0,0,1,0,0,0,0,0,0,0,0,0,0,0,0,0,0
407,MINNESOTA,427,5.9,1975,191.49,11.4596,331.518,559.442,1222.53,844,2789,5082,3571,4752,4243,4511,7145,2968,43999,74.6,46967,73.2,70.2,76.4,73.5,84,26485.99,11620.28,10724.65,49634.58,5538.02,7296.13,36800.43,1474.4,7,86943,53.8,57.9,28211000,323000000,182000000,46717000,623000000,628,680,175,237,5700,642,1288,7003,311,215,523,913,1952401,12420,559696,0,0,0,0,0,0,1,0,0,0,0,0,0,0,0,0,0,0,0,0
408,MINNESOTA,427,5.9,1976,222.441,8.2183,319.516,601.362,1267.76,956,3092,5574,3968,4882,4276,4818,7289,2500,46295,79.3,48795,78.5,75.4,81.8,77.8,84.8,27080.21,11748.51,11041.03,51784.08,6660.8,7482.5,37640.78,1520.9,7,86943,56.9,61.3,20928000,374000000,191000000,52319000,707000000,633,702,173,215,8091,642,1276,9382,126,215,521,719,2073302,14130,680998,0,0,0,0,0,0,0,1,0,0,0,0,0,0,0,0,0,0,0,0
409,MINNESOTA,427,5.1,1977,264.929,8.9336,292.501,587,1232.14,506,2976,6507,4155,4931,3619,4914,7877,3573,47662,83.3,51661,82.8,80.3,85.2,81.9,84.6,27464.67,11880.62,11128.96,53517.11,6955.46,7703.25,38858.39,1597.3,7,86943,60.6,65.2,20127000,380000000,208000000,51787000,743000000,514,635,151,156,8009,521,1335,9361,223,154,365,613,2106630,15360,691337,0,0,0,0,0,0,0,0,1,0,0,0,0,0,0,0,0,0,0,0
410,MINNESOTA,427,3.8,1978,255.741,24.4636,312.196,603.354,1316.47,665,3107,7019,4498,5068,3996,5182,8510,3103,50593,85.5,54138,85.1,83.5,86.2,84.3,84.8,27832.95,11985.82,11235.15,55679.83,7180.44,8003,40496.39,1689.3,7,86943,65.2,70.3,24083000,525000000,251000000,63046000,958000000,683,696,164,165,8090,699,1326,9449,222,198,387,639,1962130,16118,704688,0,0,0,0,0,0,0,0,0,1,0,0,0,0,0,0,0,0,0,0
411,MINNESOTA,427,4.2,1979,229.46,28.4428,332.631,571.56,1312.66,496,2985,7531,4734,5269,4477,5382,8998,3049,52833,86.2,56239,85.4,84.9,85.1,84.8,85.9,28055.27,12074.93,11258.91,58050.22,7456.54,8324.59,42269.09,1767,7,86943,72.6,76.7,23445000,542000000,273000000,69267000,1010000000,681,694,164,165,8092,701,1349,9472,220,198,385,633,2409729,17647,971117,0,0,0,0,0,0,0,0,0,0,1,0,0,0,0,0,0,0,0,0
412,MINNESOTA,427,5.9,1980,242.42,18.0642,284.988,501.831,1184.45,534,2537,7203,4571,5258,4368,5156,9375,3262,52416,82.1,55874,80.2,78.6,81.4,81.3,85.5,28460.94,12164.09,11509.07,58041.33,8202,10166.87,39672.46,1770.2,7,86943,82.4,86,32282000,565000000,295000000,69902000,1090000000,689,695,168,168,8110,353,997,9122,198,117,330,556,2314444,17093,759589,0,0,0,0,0,0,0,0,0,0,0,1,0,0,0,0,0,0,0,0
413,MINNESOTA,427,5.5,1981,244.19,10.7584,264.951,452.382,1136.99,788,2151,7227,4686,5227,4562,5208,9483,3623,52972,80.9,56748,78.8,76.6,81,79.1,82.8,28590.72,12212.26,11544.29,59374.92,8115.46,10490.37,40769.09,1761.3,7,86943,90.9,94.4,24090000,509000000,464000000,99654000,1240000000,696,696,171,171,8128,5,644,8772,175,36,274,478,2327769,17176,806991,0,0,0,0,0,0,0,0,0,0,0,0,1,0,0,0,0,0,0,0
414,MINNESOTA,427,7.8,1982,212.528,13.1393,263.349,469.338,1145.6,588,1854,6965,4975,5036,4660,5260,9640,3618,52395,75,55919,72.8,69,78,74.6,79.5,28694.1,12279.25,11499.93,59871.42,7848.23,10657.34,41365.85,1707.3,7,86943,96.5,100,36094000,560000000,402000000,96549000,1250000000,696,696,177,177,8172,5,670,8842,189,34,251,472,2338304,17166,922955,0,0,0,0,0,0,0,0,0,0,0,0,0,1,0,0,0,0,0,0
415,MINNESOTA,427,8.2,1983,211.168,15.5859,246.315,462.423,1146.01,491,1940,7702,5343,5446,4625,5610,9855,2709,54672,75.8,57167,74.9,70.5,81.1,74.9,80.3,28718.02,12413.96,11405.14,60369.4,7558.96,10602.32,42208.12,1718.4,7,86943,99.6,102.7,28461000,624000000,409000000,107000000,1350000000,696,696,177,177,8157,7,647,8804,194,42,255,481,2407373,16914,857870,0,0,0,0,0,0,0,0,0,0,0,0,0,0,1,0,0,0,0,0
416,MINNESOTA,427,6.3,1984,231.376,20.2651,256.405,498.464,1210.78,571,2189,9401,5609,5932,5375,6112,10304,3251,59868,81.1,62730,80.4,78.3,83.1,80.3,82.5,28959.43,12569.74,11537.35,61935.21,7558.96,10698.64,43677.61,1819.8,7,86943,103.9,105.1,41437000,800000000,415000000,103000000,1550000000,696,696,182,182,8087,7,664,8788,194,40,262,500,2276192,16657,674801,0,0,0,0,0,0,0,0,0,0,0,0,0,0,0,1,0,0,0,0
417,MINNESOTA,427,6,1985,226.093,37.6523,258.51,496.242,1221.41,543,2256,10342,5754,5916,5480,6338,10538,3599,62032,80.3,65463,79.5,77.8,81.9,79.4,83.5,29241.01,12752.43,11679.01,60525.85,5306.39,11726.94,43492.52,1864.8,7,86943,107.6,107.2,36022000,838000000,467000000,108000000,1710000000,697,697,187,187,8063,7,682,8784,182,44,306,537,2625831,16766,742734,0,0,0,0,0,0,0,0,0,0,0,0,0,0,0,0,1,0,0,0
418,MINNESOTA,427,5.3,1986,201.384,81.482,244.528,508.968,1211.98,379,2467,10819,5957,6112,5743,6616,10778,3892,64099,79.2,68117,79,76.1,83,78.2,80.2,29655.03,12925.96,11962.29,62028.79,5028.89,11818.31,45181.59,1892.5,7,86943,109.6,108.8,44687000,897000000,451000000,133000000,1720000000,688,688,201,201,7995,6,697,8729,217,46,319,584,2391990,13408,681582,0,0,0,0,0,0,0,0,0,0,0,0,0,0,0,0,0,1,0,0
419,MINNESOTA,427,5.4,1987,255.98,28.7741,239.751,491.681,1214.06,344,2658,11713,6383,6551,5733,6524,11148,3482,66624,81.4,70106,81.4,78.6,85.4,79.9,82.5,30093.32,13140.33,12141.13,63893.65,4761.54,11819.86,47312.25,1959.5,7,86943,113.6,110.4,40646000,983000000,457000000,132000000,1790000000,688,688,212,212,7980,7,665,8683,225,36,352,624,2466150,14062,691569,0,0,0,0,0,0,0,0,0,0,0,0,0,0,0,0,0,0,1,0
420,MINNESOTA,427,4,1988,303.589,-10.1547,285.827,511.701,1319.79,339,2442,13682,6697,6959,5939,7113,11496,2717,70690,84,73407,83.9,82.5,86,82.3,84.2,30670.27,13417.77,12490.07,66077.3,4534.8,11909.67,49632.83,2022.1,7,86943,118.3,113.2,50735000,982000000,493000000,144000000,1860000000,688,688,217,217,7961,7,662,8680,202,33,374,623,2503362,13078,693917,0,0,0,0,0,0,0,0,0,0,0,0,0,0,0,0,0,0,0,1
421,MISSOURI,429,0,1969,244.511,14.9885,406.671,568.282,1247.89,388,3920,7138,4509,5360,3961,4992,6699,1743,48920,86.9,50663,86.8,86.3,86.6,86.5,95.8,19464.98,9512.8,7381.12,43905.35,4465.09,8248.4,31191.87,1665.9,7,69709,36.7,38.2,26867000,239000000,102000000,15433000,394000000,642,958,155,170,6896,683,1137,8087,188,183,290,640,1830457,8410,474138,1,0,0,0,0,0,0,0,0,0,0,0,0,0,0,0,0,0,0,0
422,MISSOURI,429,3.3,1970,279.246,9.7331,432.532,578.828,1293.17,386,3631,6552,4526,5401,3955,4987,6621,2002,48194,80.8,50196,79.7,76.7,82.9,79.1,95.4,20393.17,9928.56,7763.5,46044.28,4629.44,8789.25,32625.59,1662,7,69709,38.8,40,26477000,256000000,109000000,19393000,423000000,693,922,192,202,6556,706,1159,7747,195,231,358,721,1888454,8768,510465,0,1,0,0,0,0,0,0,0,0,0,0,0,0,0,0,0,0,0,0
423,MISSOURI,429,4.9,1971,294.144,7.368,432.108,585.686,1305.17,348,3596,7159,4515,5624,4163,5098,6935,2190,49755,79.2,51945,78.2,74.3,82.8,77.4,93.9,21288.19,10282.11,8202.85,47785.13,4795.12,8995.31,33994.7,1655,7,69709,40.5,41.4,30703000,271000000,120000000,19091000,451000000,709,922,205,209,6445,761,1204,7678,178,227,370,717,1949489,9229,539232,0,0,1,0,0,0,0,0,0,0,0,0,0,0,0,0,0,0,0,0
424,MISSOURI,429,4.2,1972,334.355,6.3538,428.192,613.005,1362.65,344,3432,7910,4836,6074,4433,5360,7049,2169,52029,84.3,54198,83.7,80.9,86.6,82.5,94.6,22079.1,10518.19,8762.66,49585.63,4786.78,9208.16,35590.69,1700.1,7,69709,41.8,42.3,28330000,237000000,126000000,19024000,425000000,756,890,212,215,6311,812,1261,7599,170,232,377,715,2026903,9026,582235,0,0,0,1,0,0,0,0,0,0,0,0,0,0,0,0,0,0,0,0
425,MISSOURI,429,3.9,1973,383.451,20.8576,424.673,633.197,1399.01,386,3315,8685,5292,6468,4479,5729,7364,2187,54602,88.4,56789,88.1,87.5,87.5,86.5,92.9,22475.35,10658.22,9029.55,52270.92,5061.98,9489.28,37719.66,1770.6,7,69709,44.4,43.7,30528000,255000000,143000000,19908000,475000000,754,867,229,244,6123,852,1302,7442,176,277,405,736,2093652,9412,641489,0,0,0,0,1,0,0,0,0,0,0,0,0,0,0,0,0,0,0,0
426,MISSOURI,429,4.6,1974,382.005,17.8841,411.933,612.661,1376.85,405,3066,7871,4809,6516,4506,5552,7435,1742,53314,84.2,55056,83.8,82.7,84,82.8,86.8,22839.32,10880.54,9183.98,54632.86,5324.37,9950.34,39358.14,1789.5,7,69709,49.3,50,36274000,304000000,187000000,22397000,559000000,792,852,240,261,5938,824,1312,7283,198,288,416,764,2142280,9392,673789,0,0,0,0,0,1,0,0,0,0,0,0,0,0,0,0,0,0,0,0
427,MISSOURI,429,6.9,1975,430.226,13.3149,371.837,613.997,1387.66,376,3009,7007,4624,6356,4419,5486,7291,1928,52004,74.6,53932,73.2,70.2,76.4,73.5,84,23032.56,10949.45,9278.3,54083.75,5517.46,9810.13,38756.16,1740.6,7,69709,53.8,57.9,26067000,307000000,202000000,26309000,585000000,814,841,256,271,5826,867,1335,7165,209,314,437,752,2177361,9152,679706,0,0,0,0,0,0,1,0,0,0,0,0,0,0,0,0,0,0,0,0
428,MISSOURI,429,6.2,1976,468.324,7.677,381.399,659.322,1456.59,435,3236,8093,5071,6686,4617,5824,7594,1800,55383,79.3,57183,78.5,75.4,81.8,77.8,84.8,23236.14,11026.81,9310.05,55279.23,5777.06,10060.71,39441.45,1797.8,7,69709,56.9,61.3,28613000,308000000,191000000,29488000,578000000,826,832,267,282,5798,891,1358,7184,193,326,452,705,2232558,9338,699195,0,0,0,0,0,0,0,1,0,0,0,0,0,0,0,0,0,0,0,0
429,MISSOURI,429,5.9,1977,503.91,4.7388,367.704,687.56,1495.49,372,3203,9542,5305,6931,3934,6098,8020,2208,57877,83.3,60424,82.8,80.3,85.2,81.9,84.6,23393.53,11140.36,9246.57,56916.64,6032.63,10357.52,40526.48,1861.8,7,69709,60.6,65.2,19767000,288000000,208000000,32439000,586000000,831,831,284,284,5756,917,1390,7176,519,0,117,713,2301992,9437,741261,0,0,0,0,0,0,0,0,1,0,0,0,0,0,0,0,0,0,0,0
430,MISSOURI,429,5,1978,485.655,10.5323,360.269,719.137,1544.87,348,3307,10162,5651,7139,4336,6357,8575,2341,60618,85.5,63375,85.1,83.5,86.2,84.3,84.8,23545.2,11165.62,9205.17,59048.8,6227.76,10760.55,42060.48,1953.1,7,69709,65.2,70.3,27884000,347000000,241000000,38686000,690000000,1,831,20,291,7174,1,1,7179,562,20,20,730,2360828,9294,787913,0,0,0,0,0,0,0,0,0,1,0,0,0,0,0,0,0,0,0,0
431,MISSOURI,429,4.5,1979,512.505,11.3858,340.138,692.853,1523.38,315,3219,9746,5908,7285,4686,6460,9066,2454,61802,86.2,64333,85.4,84.9,85.1,84.8,85.9,23670.64,11257.64,9168.55,61409.73,6467.23,11192.95,43749.55,2011.1,7,69709,72.6,76.7,23128000,374000000,274000000,42786000,760000000,832,832,292,292,5749,926,1402,7181,199,337,456,727,2408642,9617,823883,0,0,0,0,0,0,0,0,0,0,1,0,0,0,0,0,0,0,0,0
432,MISSOURI,429,7.2,1980,531.438,5.7969,322.908,597.427,1438.64,378,2644,8442,5723,7176,4770,5968,9028,1935,59616,82.1,61574,80.2,78.6,81.4,81.3,85.5,23947.15,11287.89,9283.69,61738.44,6147.51,12112.03,43478.9,1969.8,7,69709,82.4,86,13312000,317000000,283000000,49005000,738000000,832,832,290,290,5736,630,1154,6911,204,249,388,673,2432407,9889,828990,0,0,0,0,0,0,0,0,0,0,0,1,0,0,0,0,0,0,0,0
433,MISSOURI,429,7.7,1981,536.041,6.9939,287.767,564.265,1376.19,459,2481,8369,5716,6972,4893,5992,9025,2633,59674,80.9,62540,78.8,76.6,81,79.1,82.8,24084.48,11257.3,9301.16,63186.99,6082.65,12497.43,44606.91,1956.3,7,69709,90.9,94.4,15036000,298000000,284000000,47897000,708000000,833,833,288,288,5723,333,907,6642,208,160,321,619,2466032,9503,858025,0,0,0,0,0,0,0,0,0,0,0,0,1,0,0,0,0,0,0,0
434,MISSOURI,429,9.2,1982,523.817,17.3114,284.479,564.953,1363.76,373,2248,7934,5939,6736,4952,5991,9299,2320,59038,75,61226,72.8,69,78,74.6,79.5,23957.04,11186.57,9209.99,63907.08,5882.36,12696.34,45328.38,1922.4,7,69709,96.5,100,10167000,305000000,318000000,43785000,749000000,833,833,286,286,5710,37,659,6372,213,72,253,565,2540190,9766,861549,0,0,0,0,0,0,0,0,0,0,0,0,0,1,0,0,0,0,0,0
435,MISSOURI,429,9.9,1983,564.36,18.0485,265.541,543.189,1363.48,350,2403,8996,6299,7372,4734,6548,9116,1734,61855,75.8,63655,74.9,70.5,81.1,74.9,80.3,23782.61,11168.62,9069.39,64752.02,5665.55,12630.8,46455.67,1937,7,69709,99.6,102.7,11431000,285000000,332000000,51950000,752000000,824,824,308,308,5659,51,697,6359,213,70,201,535,2541403,9673,881966,0,0,0,0,0,0,0,0,0,0,0,0,0,0,1,0,0,0,0,0
436,MISSOURI,429,7.2,1984,593.295,16.3839,269.458,567.301,1389.18,358,2759,10885,6425,7845,5335,7129,9286,1940,66537,81.1,68490,80.4,78.3,83.1,80.3,82.5,23761.7,11134.25,9054.68,66783.29,5665.55,12745.54,48372.2,2032.7,7,69709,103.9,105.1,10046000,391000000,351000000,61526000,883000000,824,824,318,318,5641,53,713,6357,200,71,223,542,2595214,9835,916115,0,0,0,0,0,0,0,0,0,0,0,0,0,0,0,1,0,0,0,0
437,MISSOURI,429,6.4,1985,529.684,30.9488,264.318,578.8,1413.71,335,2881,11293,6652,7846,5512,7519,9573,2457,68640,80.3,70830,79.5,77.8,81.9,79.4,83.5,23855.97,11224.66,9037.86,68087.26,4918.32,13395.19,49773.75,2094.7,7,69709,107.6,107.2,24256000,491000000,404000000,75097000,1080000000,824,824,318,318,5665,57,696,6364,205,67,220,539,2622141,9759,925969,0,0,0,0,0,0,0,0,0,0,0,0,0,0,0,0,1,0,0,0
438,MISSOURI,429,6.1,1986,512.329,20.4778,244.319,597.69,1423.2,329,3138,11517,6874,8332,5659,7984,9765,2392,71176,79.2,72629,79,76.1,83,78.2,80.2,24093.71,11345.53,9046.14,70076.38,4661.11,13499.55,51915.72,2142.6,7,69709,109.6,108.8,25380000,520000000,405000000,83542000,1120000000,836,836,324,324,5532,32,725,6273,201,57,200,537,2686800,10022,986572,0,0,0,0,0,0,0,0,0,0,0,0,0,0,0,0,0,1,0,0
439,MISSOURI,429,6.3,1987,528.06,14.837,234.493,610.262,1443.09,297,3111,11910,7199,8934,5801,7764,9962,2309,72997,81.4,75306,81.4,78.6,85.4,79.9,82.5,24358.6,11426.06,9147.97,72510.65,4413.31,13501.32,54596.02,2185.3,7,69709,113.6,110.4,19680000,470000000,394000000,110000000,1120000000,840,840,337,337,5589,69,677,6282,195,55,201,512,2667130,10114,1035184,0,0,0,0,0,0,0,0,0,0,0,0,0,0,0,0,0,0,1,0
440,MISSOURI,429,5.7,1988,547.298,15.4605,254.44,641.158,1513.32,284,2926,12941,7424,9491,5938,8196,10195,2061,75783,84,77844,83.9,82.5,86,82.3,84.2,24607.52,11494.67,9324.14,75102.29,4203.16,13603.91,57295.23,2236.6,7,69709,118.3,113.2,24073000,537000000,424000000,122000000,1230000000,843,843,334,334,5717,77,703,6446,177,77,247,547,2707929,11581,1074932,0,0,0,0,0,0,0,0,0,0,0,0,0,0,0,0,0,0,0,1
441,MISSISSIPPI,528,0,1969,14.757,0,333.993,251.519,648.73,1641,1354,1850,1313,1288,919,1680,1832,1022,16262,86.9,17284,86.8,86.3,86.6,86.5,95.8,10016.07,4936.56,4254.86,22569.14,2317.84,3722.84,16528.46,573,4,48434,36.7,38.2,8091000,113000000,64417000,10435000,219000000,440,560,49,115,5250,441,627,5881,220,49,174,408,799171,7733,278548,1,0,0,0,0,0,0,0,0,0,0,0,0,0,0,0,0,0,0,0
442,MISSISSIPPI,528,4.8,1970,13.225,0,369.391,270.638,711.56,1806,1222,1823,1349,1270,912,1716,1765,1137,16169,80.8,17306,79.7,76.7,82.9,79.1,95.4,10497.82,5114.5,4521.82,23557.96,2403.16,4139.85,17014.95,577.2,4,48434,38.8,40,7577000,145000000,67851000,10353000,257000000,448,550,60,123,5220,448,641,5866,234,60,192,440,818965,8045,290301,0,1,0,0,0,0,0,0,0,0,0,0,0,0,0,0,0,0,0,0
443,MISSISSIPPI,528,4.8,1971,13.499,0,387.779,288.206,752.82,1704,1104,2043,1524,1336,968,1852,1859,1262,16765,79.2,18027,78.2,74.3,82.8,77.4,93.9,10844.14,5323.04,4633.44,24157.51,2489.17,4236.91,17431.43,593.5,4,48434,40.5,41.4,6618000,174000000,71189000,10959000,293000000,459,549,68,125,5178,459,657,5840,245,68,204,468,865301,8350,302185,0,0,1,0,0,0,0,0,0,0,0,0,0,0,0,0,0,0,0,0
444,MISSISSIPPI,528,3.9,1972,13.952,0,387.436,330.494,798.86,1542,1182,2487,1656,1475,1055,2058,1999,1225,18115,84.3,19340,83.7,80.9,86.6,82.5,94.6,11076.24,5491.42,4661.68,24473.04,2197.05,4337.16,17938.83,649.3,4,48434,41.8,42.3,8946000,161000000,81575000,17912000,297000000,459,544,74,130,5171,462,667,5845,245,80,220,482,919967,8404,320781,0,0,0,1,0,0,0,0,0,0,0,0,0,0,0,0,0,0,0,0
445,MISSISSIPPI,528,3.9,1973,29.485,0,321.528,373.145,819.72,1297,1248,2702,2255,1621,1102,2209,2150,1136,19469,88.4,20605,88.1,87.5,87.5,86.5,92.9,11239.45,5639.29,4649.04,25485.58,2323.36,4469.57,18692.64,693.2,4,48434,44.4,43.7,12064000,170000000,86018000,18357000,312000000,545,564,76,112,5146,548,761,5916,248,81,209,478,957119,8233,347093,0,0,0,0,1,0,0,0,0,0,0,0,0,0,0,0,0,0,0,0
446,MISSISSIPPI,528,4.5,1974,34.581,0,283.104,379.529,788.03,1121,1314,2584,1818,1679,1120,2152,2284,1096,19112,84.2,20208,83.8,82.7,84,82.8,86.8,11515.56,5738.05,4766.11,26426.83,2443.8,4686.74,19296.29,710.8,4,48434,49.3,50,11071000,213000000,101000000,21130000,385000000,555,573,67,103,5112,572,495,5915,230,79,204,463,964913,7874,368458,0,0,0,0,0,1,0,0,0,0,0,0,0,0,0,0,0,0,0,0
447,MISSISSIPPI,528,8.2,1975,33.355,0,235.345,380.477,744.4,997,1161,2479,2088,1672,1300,2110,2309,994,19190,74.6,20184,73.2,70.2,76.4,73.5,84,11799.74,5844.97,4882.64,28130.16,2532.42,5513.02,20084.72,692.3,4,48434,53.8,57.9,20069000,266000000,113000000,21755000,459000000,555,573,68,103,5099,579,810,5919,214,82,207,454,989844,8291,378375,0,0,0,0,0,0,1,0,0,0,0,0,0,0,0,0,0,0,0,0
448,MISSISSIPPI,528,6.6,1976,42.531,0,203.702,421.426,745.96,1028,1303,2810,2830,1748,1349,2290,2446,1273,21009,79.3,22282,78.5,75.4,81.8,77.8,84.8,12061.45,6029.9,4931.48,28447.98,2402.05,5653.84,20392.09,727.5,4,48434,56.9,61.3,10561000,267000000,120000000,24526000,470000000,575,587,76,86,4991,598,815,5814,133,89,187,332,1036295,8640,401101,0,0,0,0,0,0,0,1,0,0,0,0,0,0,0,0,0,0,0,0
449,MISSISSIPPI,528,7.4,1977,38.658,0,202.631,476.694,783.94,1265,1357,3156,3038,1959,1168,2396,2652,1337,22550,83.3,23628,82.8,80.3,85.2,81.9,84.6,12274.39,6182.76,4990.03,29243.06,2508.31,5820.64,20914.11,765.9,4,48434,60.6,65.2,15542000,219000000,133000000,25348000,441000000,8,589,1,88,5530,8,8,5992,183,1,1,341,1064371,8546,421060,0,0,0,0,0,0,0,0,1,0,0,0,0,0,0,0,0,0,0,0
450,MISSISSIPPI,528,7.1,1978,40.994,0,208.038,511.689,813.61,1420,1499,3423,2947,2039,1278,2547,2848,1227,23791,85.5,24880,85.1,83.5,86.2,84.3,84.8,12384.91,6224.01,5025.54,30326.78,2589.44,6047.13,21690.21,813.7,4,48434,65.2,70.3,12221000,214000000,151000000,31460000,484000000,9,589,2,88,5524,9,9,5992,179,2,2,341,1124059,8712,441107,0,0,0,0,0,0,0,0,0,1,0,0,0,0,0,0,0,0,0,0
451,MISSISSIPPI,528,5.8,1979,59.765,0,260.547,449.217,839.36,1472,1575,3484,2883,2123,1334,2612,3107,1419,24588,86.2,25611,85.4,84.9,85.1,84.8,85.9,12454.04,6267.28,5063.94,31541.4,2689.01,6290.13,22562.26,838.1,4,48434,72.6,76.7,10861000,256000000,35961000,19560000,378000000,5,591,2,89,5304,6,6,6166,127,2,2,355,1136101,7398,341911,0,0,0,0,0,0,0,0,0,0,1,0,0,0,0,0,0,0,0,0
452,MISSISSIPPI,528,7.5,1980,74.997,0,270.909,379.3,794.79,1415,1458,3211,2637,2197,1362,2533,3207,1103,24178,82.1,25082,80.2,78.6,81.4,81.3,85.5,12547.36,6352.24,5083.17,32193.92,2677.18,7252.24,22264.5,829.3,4,48434,82.4,86,10304000,331000000,157000000,32129000,613000000,200,590,33,91,5119,5,126,5822,114,1,52,321,1219147,8552,349075,0,0,0,0,0,0,0,0,0,0,0,1,0,0,0,0,0,0,0,0
453,MISSISSIPPI,528,8.3,1981,82.948,0,249.062,353.359,781.08,1400,1560,3325,2667,2203,1385,2526,3301,1317,24534,80.9,26017,78.8,76.6,81,79.1,82.8,12603.35,6422.29,5064.02,33198.67,2648.93,7483,23066.73,819.1,4,48434,90.9,94.4,10205000,340000000,214000000,34506000,683000000,394,590,65,94,4934,5,246,5477,101,1,102,288,1198295,8331,369378,0,0,0,0,0,0,0,0,0,0,0,0,1,0,0,0,0,0,0,0
454,MISSISSIPPI,528,11,1982,100.518,0,276.666,315.139,773.28,1341,1494,3197,2837,2042,1393,2466,3421,1453,24048,75,25537,72.8,69,78,74.6,79.5,12613.88,6517.93,4966.4,33751.34,2561.7,7602.1,23587.53,790.9,4,48434,96.5,100,16505000,324000000,216000000,39935000,685000000,589,589,96,96,4749,4,366,5133,88,0,152,254,1214950,7910,370161,0,0,0,0,0,0,0,0,0,0,0,0,0,1,0,0,0,0,0,0
455,MISSISSIPPI,528,12.6,1983,96.091,0,244.282,309.351,779.53,1167,1301,3652,3271,2166,1393,2619,3517,1118,24945,75.8,25570,74.9,70.5,81.1,74.9,80.3,12509.37,6583.29,4808.6,34052.07,2467.29,7562.86,24021.92,792.8,4,48434,99.6,102.7,19759000,302000000,197000000,48914000,656000000,565,567,119,119,4867,0,413,5295,123,7,205,351,1189446,7663,363168,0,0,0,0,0,0,0,0,0,0,0,0,0,0,1,0,0,0,0,0
456,MISSISSIPPI,528,10.8,1984,103.95,0,276.617,330.537,830.35,1237,1190,4251,3820,2373,1516,2899,3296,1347,26548,81.1,27342,80.4,78.3,83.1,80.3,82.5,12430.11,6621.01,4700.88,34822.24,2467.29,7631.56,24723.39,820.8,4,48434,103.9,105.1,20968000,299000000,212000000,37300000,636000000,455,565,121,121,4812,0,486,5314,126,7,206,353,1060940,7913,374782,0,0,0,0,0,0,0,0,0,0,0,0,0,0,0,1,0,0,0,0
457,MISSISSIPPI,528,10.3,1985,109.381,0,233.01,336.84,812.66,1263,1140,4467,3833,2434,1524,2990,3713,1324,27407,80.3,27778,79.5,77.8,81.9,79.4,83.5,12411.36,6654.31,4618.14,34116.19,1936.02,8770.75,23409.42,838.9,4,48434,107.6,107.2,16608000,317000000,243000000,56402000,1050000000,563,563,123,123,4728,27,601,5339,139,26,179,354,1329424,8102,408430,0,0,0,0,0,0,0,0,0,0,0,0,0,0,0,0,1,0,0,0
458,MISSISSIPPI,528,11.7,1986,108.771,0,220.195,406.332,872.14,1082,1111,4619,3986,2471,1586,3105,3400,1260,27547,79.2,27987,79,76.1,83,78.2,80.2,12405.75,6692.56,4542.4,34668.65,1834.77,8839.08,23994.79,848.2,4,48434,109.6,108.8,16461000,383000000,247000000,58439000,903000000,564,564,122,122,4773,28,583,5370,125,28,190,352,1350114,8257,411402,0,0,0,0,0,0,0,0,0,0,0,0,0,0,0,0,0,1,0,0
459,MISSISSIPPI,528,10.2,1987,122.363,0,212.336,382.222,862.01,1032,1072,5067,4183,2767,1532,2904,3354,1459,28120,81.4,29579,81.4,78.6,85.4,79.9,82.5,12390.97,6700.34,4518.14,35255.92,1737.23,8840.24,24678.45,863.9,4,48434,113.6,110.4,14374000,336000000,230000000,53836000,702000000,563,563,123,123,4715,27,647,5375,127,27,191,350,1344842,8244,407780,0,0,0,0,0,0,0,0,0,0,0,0,0,0,0,0,0,0,1,0
460,MISSISSIPPI,528,8.4,1988,129.621,0,216.397,446.159,939.85,1048,1062,5759,4424,2978,1604,3043,3426,1570,29677,84,31247,83.9,82.5,86,82.3,84.2,12439.9,6702.66,4545.39,35823.48,1654.51,8907.42,25261.56,894.8,4,48434,118.3,113.2,16691000,353000000,241000000,56777000,741000000,560,560,124,124,4746,29,643,5420,131,25,181,342,1362686,8340,415833,0,0,0,0,0,0,0,0,0,0,0,0,0,0,0,0,0,0,0,1
461,MONTANA,730,0,1969,9.648,98.7,78.205,128.022,306.5,1086,569,521,280,915,319,709,929,811,7060,86.9,7871,86.8,86.3,86.6,86.5,95.8,4782.64,3372.27,1043.45,14320.39,2254.71,1290.72,10774.96,197.7,2,147046,36.7,38.2,4798000,96616000,25597000,2857000,131000000,288,1182,26,34,5646,295,318,5966,101,23,45,163,311975,1773,164386,1,0,0,0,0,0,0,0,0,0,0,0,0,0,0,0,0,0,0,0
462,MONTANA,730,5.5,1970,12.023,91.757,90.601,124.826,315.7,915,567,496,324,889,321,708,967,952,6944,80.8,7896,79.7,76.7,82.9,79.1,95.4,4956.96,3517.01,1068.56,14461.39,2337.7,1188.21,10935.48,201.4,2,147046,38.8,40,4653000,116000000,28688000,3651000,158000000,303,1176,26,32,5638,315,348,5988,74,37,70,161,312691,1712,170587,0,1,0,0,0,0,0,0,0,0,0,0,0,0,0,0,0,0,0,0
463,MONTANA,730,6.3,1971,11.475,100.516,91.096,131.632,326.51,783,566,488,351,882,340,748,973,881,6948,79.2,7829,78.2,74.3,82.8,77.4,93.9,5095.7,3657.76,1069.09,14730.06,2421.36,1216.06,11092.63,207.1,2,147046,40.5,41.4,4777000,124000000,30991000,3694000,170000000,474,1177,29,30,5657,452,470,6156,106,21,42,164,328026,1677,180993,0,0,1,0,0,0,0,0,0,0,0,0,0,0,0,0,0,0,0,0
464,MONTANA,730,6.2,1972,13.182,98.009,87.02,144.464,335.12,828,645,535,360,950,379,815,1035,1066,7458,84.3,8524,83.7,80.9,86.6,82.5,94.6,5241.43,3786.46,1094.33,15347.47,2817.57,1244.84,11285.06,215.3,2,147046,41.8,42.3,3417000,138000000,32582000,4990000,187000000,613,1166,30,30,5544,617,628,6203,66,68,80,159,374690,1738,207688,0,0,0,1,0,0,0,0,0,0,0,0,0,0,0,0,0,0,0,0
465,MONTANA,730,4.9,1973,15.243,78.106,93.117,155.014,340.73,869,643,543,431,992,392,881,1150,1053,7895,88.4,8948,88.1,87.5,87.5,86.5,92.9,5420.38,3881.28,1132.6,15871.08,2979.56,1282.84,11608.68,224.2,2,147046,44.4,43.7,3483000,105000000,37518000,6027000,161000000,687,1166,29,30,5476,696,720,6204,63,29,58,152,356375,1731,208950,0,0,0,0,1,0,0,0,0,0,0,0,0,0,0,0,0,0,0,0
466,MONTANA,730,5.2,1974,14.717,101.527,81.667,156.891,346.18,1007,634,583,341,1035,412,865,1245,972,8204,84.2,9176,83.8,82.7,84,82.8,86.8,5487.68,3885.38,1173.43,16347.55,3134.01,1345.17,11868.37,234,2,147046,49.3,50,3672000,83697000,40238000,6041000,141000000,719,1159,36,36,5439,719,746,6215,42,36,60,123,363107,1732,220481,0,0,0,0,0,1,0,0,0,0,0,0,0,0,0,0,0,0,0,0
467,MONTANA,730,6.3,1975,18.63,105.766,81.19,152.373,337.44,907,648,508,347,1018,478,868,1306,1015,8273,74.6,9288,73.2,70.2,76.4,73.5,84,5536.46,3863.19,1214.2,18140.99,3247.66,1548.29,13345.04,238.1,2,147046,53.8,57.9,6206000,105000000,45041000,6614000,170000000,745,1158,35,35,5418,740,765,6211,39,35,60,122,370000,1755,230202,0,0,0,0,0,0,1,0,0,0,0,0,0,0,0,0,0,0,0,0
468,MONTANA,730,6.1,1976,42.179,128.63,75.412,165.782,357.71,943,732,549,358,1059,497,941,1310,817,8707,79.3,9524,78.5,75.4,81.8,77.8,84.8,5628.09,3886.33,1243.99,18199.92,3134.08,1587.84,13478.01,251.1,2,147046,56.9,61.3,3855000,145000000,53043000,7382000,225000000,804,1158,35,35,5656,798,823,6517,37,35,65,127,391428,1787,245738,0,0,0,0,0,0,0,1,0,0,0,0,0,0,0,0,0,0,0,0
469,MONTANA,730,6.4,1977,57.814,88.257,71.595,162.584,352.02,1047,796,590,378,1073,479,918,1326,587,9105,83.3,9675,82.8,80.3,85.2,81.9,84.6,5756.96,3964.73,1272.61,18653.38,3272.72,1634.68,13745.97,264.8,2,147046,60.6,65.2,4822000,146000000,54002000,7475000,227000000,860,1157,35,36,5671,860,860,6554,91,35,38,129,448818,2077,274615,0,0,0,0,0,0,0,0,1,0,0,0,0,0,0,0,0,0,0,0
470,MONTANA,730,6,1978,57.597,121.287,72.686,170.814,372.43,1170,948,607,386,1125,524,967,1474,729,9801,85.5,10580,85.1,83.5,86.2,84.3,84.8,5871.16,3999.93,1341.06,19264.06,3378.58,1698.29,14187.19,280.4,2,147046,65.2,70.3,4214000,131000000,58905000,7555000,216000000,842,1157,36,37,5639,842,842,6555,56,36,40,125,518170,2208,306118,0,0,0,0,0,0,0,0,0,1,0,0,0,0,0,0,0,0,0,0
471,MONTANA,730,5.1,1979,63.407,107.075,69.114,185.905,385.57,1198,980,620,398,1167,566,966,1583,720,10112,86.2,10952,85.4,84.9,85.1,84.8,85.9,5945.22,3997.37,1414.02,19941.84,3508.5,1766.53,14666.81,283.8,2,147046,72.6,76.7,4290000,184000000,74882000,8975000,288000000,842,1157,36,37,5639,842,842,6555,56,36,40,125,563000,2262,336559,0,0,0,0,0,0,0,0,0,0,1,0,0,0,0,0,0,0,0,0
472,MONTANA,730,6.1,1980,60.228,103.5,61.453,162.717,349.43,1324,1029,541,367,1198,582,893,1614,798,10158,82.1,11114,80.2,78.6,81.4,81.3,85.5,6004.93,4003.21,1467.63,19265.48,3782.29,1426.97,14056.22,280.4,2,147046,82.4,86,3937000,204000000,84128000,10184000,317000000,1033,1121,39,39,5333,0,10,5384,43,0,30,97,419700,2075,257757,0,0,0,0,0,0,0,0,0,0,0,1,0,0,0,0,0,0,0,0
473,MONTANA,730,6.9,1981,62.539,118.335,53.029,144.431,326.99,1444,1018,458,356,1221,611,890,1638,900,10231,80.9,11394,78.8,76.6,81,79.1,82.8,6027.25,4030.51,1465.2,19724.99,3742.38,1472.38,14510.23,281.8,2,147046,90.9,94.4,2378000,200000000,83933000,12454000,312000000,1067,1078,42,42,5309,0,9,5361,45,0,28,97,425767,2173,308212,0,0,0,0,0,0,0,0,0,0,0,0,1,0,0,0,0,0,0,0
474,MONTANA,730,8.6,1982,48.65,114.136,52.782,130.813,306.79,1227,1107,329,372,1177,601,890,1899,929,10132,75,11007,72.8,69,78,74.6,79.5,5967.63,4007.25,1429.77,19877.97,3619.15,1495.81,14763.01,273.7,2,147046,96.5,100,5653000,143000000,84952000,11798000,253000000,1073,1085,43,43,5340,0,9,5390,49,0,32,106,451097,2267,304560,0,0,0,0,0,0,0,0,0,0,0,0,0,1,0,0,0,0,0,0
475,MONTANA,730,8.8,1983,42.786,121.599,46.619,148.48,311.68,1158,1111,368,419,1217,598,932,1883,757,10281,75.8,10911,74.9,70.5,81.1,74.9,80.3,5957.83,4013.08,1410.99,19888.7,3485.76,1488.09,14914.86,276,2,147046,99.6,102.7,6510000,173000000,91142000,13246000,301000000,1077,1089,46,46,5307,0,21,5370,52,0,33,109,486291,1701,340742,0,0,0,0,0,0,0,0,0,0,0,0,0,0,1,0,0,0,0,0
476,MONTANA,730,7.4,1984,90.265,114.688,47.098,152.526,359.29,1259,957,422,468,1360,670,963,1789,530,10517,81.1,10817,80.4,78.3,83.1,80.3,82.5,6024.85,4046.68,1424.71,20199.1,3485.76,1501.61,15211.74,281.1,2,147046,103.9,105.1,6119000,218000000,92166000,16656000,356000000,1099,1101,46,46,5309,0,28,5370,52,0,33,110,405716,1745,277401,0,0,0,0,0,0,0,0,0,0,0,0,0,0,0,1,0,0,0,0
477,MONTANA,730,7.7,1985,99.055,105.915,47.312,160.741,367.83,1218,867,395,472,1356,645,951,1586,391,10125,80.3,10323,79.5,77.8,81.9,79.4,83.5,6117.91,4085.04,1456.97,19414.55,3160.52,1323.73,14930.3,279.1,2,147046,107.6,107.2,5426000,232000000,95385000,17008000,367000000,1121,123,46,46,5307,0,28,5368,51,0,38,110,394510,1865,255807,0,0,0,0,0,0,0,0,0,0,0,0,0,0,0,0,1,0,0,0
478,MONTANA,730,8.1,1986,133.255,111.381,41.148,137.337,339.18,1205,758,380,474,1303,619,926,1472,824,9723,79.2,10763,79,76.1,83,78.2,80.2,6199.61,4134.76,1482.71,19400.73,2995.23,1334.05,15071.45,275.4,2,147046,109.6,108.8,6740000,248000000,120000000,14771000,435000000,1139,1141,46,46,5289,0,32,5355,49,0,37,108,433234,1849,237464,0,0,0,0,0,0,0,0,0,0,0,0,0,0,0,0,0,1,0,0
479,MONTANA,730,7.4,1987,132.937,91.771,39.561,136.515,317.81,1158,624,402,486,1340,590,873,1476,940,9534,81.4,10474,81.4,78.6,85.4,79.9,82.5,6245.48,4166.08,1503.71,19394.92,2836,1334.22,15224.7,274.1,2,147046,113.6,110.4,6700000,183000000,93912000,19430000,360000000,1133,1135,46,46,5184,0,30,5252,45,0,39,109,415728,1864,232170,0,0,0,0,0,0,0,0,0,0,0,0,0,0,0,0,0,0,1,0
480,MONTANA,730,6.8,1988,181.479,84.338,42.872,142.636,332.76,1205,612,416,489,1407,574,942,1465,584,9752,84,10336,83.9,82.5,86,82.3,84.2,6209.03,4165.41,1487.13,19331.31,2700.95,1344.36,15286,278.9,2,147046,118.3,113.2,12105000,236000000,75017000,17929000,358000000,1142,1144,47,47,5281,0,32,5352,41,0,39,105,430072,1939,290543,0,0,0,0,0,0,0,0,0,0,0,0,0,0,0,0,0,0,0,1
481,NORTH CAROLINA,537,0,1969,472.768,51.767,140.204,590.354,1215.99,105,3594,4567,9817,3586,2774,4275,4831,2135,45008,86.9,47143,86.8,86.3,86.6,86.5,95.8,16840,7670.09,6815.68,43497.41,2632.67,13545.57,27319.17,1747,14,53821,36.7,38.2,25978000,194000000,86955000,29995000,381000000,418,773,62,112,2804,500,944,3830,210,90,239,525,2144426,20177,552473,1,0,0,0,0,0,0,0,0,0,0,0,0,0,0,0,0,0,0,0
482,NORTH CAROLINA,537,4.3,1970,491.384,45.896,154.856,620.636,1279.71,119,3292,4398,10501,3694,2908,4386,5043,2253,45794,80.8,48047,79.7,76.7,82.9,79.1,95.4,17688.47,8035.21,7243.65,46378.35,2729.57,14977.46,28671.32,1782.7,14,53821,38.8,40,25477000,230000000,112000000,35622000,444000000,463,740,73,134,2624,553,1039,3735,256,101,261,598,2226905,20594,578302,0,1,0,0,0,0,0,0,0,0,0,0,0,0,0,0,0,0,0,0
483,NORTH CAROLINA,537,4.8,1971,484.598,62.001,164.42,649.784,1341.25,126,3218,4691,11088,3958,3177,4600,5329,2173,47954,79.2,50127,78.2,74.3,82.8,77.4,93.9,18419.02,8433.58,7547.86,48129.87,2827.26,15328.61,29974,1813.8,14,53821,40.5,41.4,31939000,253000000,116000000,39600000,470000000,484,736,80,148,2561,580,1055,3691,250,114,304,639,2364498,21413,615609,0,0,1,0,0,0,0,0,0,0,0,0,0,0,0,0,0,0,0,0
484,NORTH CAROLINA,537,4,1972,492.785,66.816,167.831,711.694,1416.34,140,3593,5670,11963,4420,3530,5078,5660,2149,52475,84.3,54624,83.7,80.9,86.6,82.5,94.6,19081.72,8810.08,7813.07,49858.52,2688.42,15691.31,31478.79,1911.9,14,53821,41.8,42.3,31416000,255000000,112000000,43356000,481000000,509,718,99,168,2731,602,1075,3883,270,136,356,725,2530456,21955,667365,0,0,0,1,0,0,0,0,0,0,0,0,0,0,0,0,0,0,0,0
485,NORTH CAROLINA,537,3.5,1973,531.706,73.898,165.215,730.736,1489.29,159,3780,6350,12457,5028,3716,5535,5931,2062,55913,88.4,57975,88.1,87.5,87.5,86.5,92.9,19701.02,9185.2,8004.09,52460.28,2842.98,16170.36,33446.94,2018.1,14,53821,44.4,43.7,30691000,257000000,116000000,50364000,606000000,510,723,103,159,2705,640,1124,3910,255,148,363,718,2693713,22907,728757,0,0,0,0,1,0,0,0,0,0,0,0,0,0,0,0,0,0,0,0
486,NORTH CAROLINA,537,4.5,1974,522.825,71.948,143.722,688.681,1441.25,158,3450,6009,12005,5157,3641,5256,6081,2104,55442,84.2,57546,83.8,82.7,84,82.8,86.8,20334.13,9347.54,8360.16,54990.14,2990.35,16956.05,35043.74,2048.2,14,53821,49.3,50,31615000,246000000,148000000,66083000,539000000,551,709,112,162,2635,694,1180,3898,251,150,372,725,2773153,23805,772811,0,0,0,0,0,1,0,0,0,0,0,0,0,0,0,0,0,0,0,0
487,NORTH CAROLINA,537,8.6,1975,476.522,73.417,116.889,639.569,1397.99,128,2978,5255,11896,5087,3462,5328,5856,2179,54109,74.6,56288,73.2,70.2,76.4,73.5,84,21062.44,9478.41,8789.33,57959.71,3098.79,19557.4,35303.52,1979.9,14,53821,53.8,57.9,37111000,308000000,161000000,70422000,617000000,559,691,131,177,2547,716,1208,3823,236,181,409,746,2860249,22321,806999,0,0,0,0,0,0,1,0,0,0,0,0,0,0,0,0,0,0,0,0
488,NORTH CAROLINA,537,6.2,1976,544.482,58.632,102.996,710.85,1487.62,138,3132,6071,13058,5154,3568,5768,5921,2374,57088,79.3,59462,78.5,75.4,81.8,77.8,84.8,22029.51,9749.47,9252.54,59106.74,3084.83,20056.97,35964.94,2082.7,14,53821,56.9,61.3,44517000,371000000,156000000,73930000,693000000,573,669,140,200,3289,734,1256,4650,208,200,395,692,3002710,23166,864978,0,0,0,0,0,0,0,1,0,0,0,0,0,0,0,0,0,0,0,0
489,NORTH CAROLINA,537,5.9,1977,548.103,55.167,73.905,760.468,1552.99,170,3025,7093,14628,5703,3245,6042,6452,2042,61580,83.3,62681,82.8,80.3,85.2,81.9,84.6,22652,9915.07,9500.55,60848.16,3221.3,20648.69,36978.17,2170.4,14,53821,60.6,65.2,56378000,331000000,185000000,79113000,699000000,594,676,141,199,3414,768,1171,4710,201,199,366,685,3126610,24225,928493,0,0,0,0,0,0,0,0,1,0,0,0,0,0,0,0,0,0,0,0
490,NORTH CAROLINA,537,4.3,1978,499.873,56.802,83.695,750.263,1574.65,206,3081,7872,14838,5934,3644,6398,6994,2222,64795,85.5,66409,85.1,83.5,86.2,84.3,84.8,23305.83,10151.65,9767.29,63150.19,3325.5,21452.16,38372.53,2277.4,14,53821,65.2,70.3,32083000,356000000,189000000,95039000,744000000,631,665,146,194,3347,855,1259,4727,187,203,387,697,3262223,26220,1007995,0,0,0,0,0,0,0,0,0,1,0,0,0,0,0,0,0,0,0,0
491,NORTH CAROLINA,537,4.8,1979,558.638,81.961,133.751,743.907,1634.52,217,2973,8393,15076,5975,4048,6601,7568,1845,66986,86.2,68039,85.4,84.9,85.1,84.8,85.9,24164.71,10342.92,10292.49,65641.48,3453.37,22314.18,39873.93,2373,14,53821,72.6,76.7,34959000,412000000,216000000,96903000,844000000,630,665,146,194,3198,868,1402,4723,167,204,394,691,3355378,27531,1062690,0,0,0,0,0,0,0,0,0,0,1,0,0,0,0,0,0,0,0,0
492,NORTH CAROLINA,537,6.6,1980,624.696,56.992,155.156,667.681,1603.66,233,2609,8492,14568,6092,3960,6283,7819,1982,66596,82.1,68065,80.2,78.6,81.4,81.3,85.5,24576.1,10401.46,10499.9,67293.41,3399.22,24135.79,39758.4,2380,14,53821,82.4,86,45003000,448000000,227000000,106000000,903000000,629,629,136,136,3013,251,674,3806,167,70,228,521,3395784,26398,1109666,0,0,0,0,0,0,0,0,0,0,0,1,0,0,0,0,0,0,0,0
493,NORTH CAROLINA,537,6.4,1981,655.284,30.631,154.326,618.762,1568.75,196,2474,8634,14893,6079,4173,6386,8271,2423,68047,80.9,70395,78.8,76.6,81,79.1,82.8,24698.58,10322,10599.74,69071.06,3363.36,24903.78,40803.92,2391.6,14,53821,90.9,94.4,50610000,357000000,232000000,118000000,841000000,628,628,140,140,2998,252,670,3791,136,73,245,524,3420297,29987,1095340,0,0,0,0,0,0,0,0,0,0,0,0,1,0,0,0,0,0,0,0
494,NORTH CAROLINA,537,9,1982,622.104,56.538,146.819,605.856,1518.8,178,2219,7840,14173,5928,4502,6476,8560,2561,66621,75,69128,72.8,69,78,74.6,79.5,24700.31,10211.41,10640.14,70037.16,3252.61,25300.15,41484.4,2347,14,53821,96.5,100,32273000,288000000,281000000,115000000,792000000,593,593,192,192,3000,236,610,3724,141,77,297,600,3445754,30520,1107031,0,0,0,0,0,0,0,0,0,0,0,0,0,1,0,0,0,0,0,0
495,NORTH CAROLINA,537,8.9,1983,594.999,64.61,141.086,643.249,1598.37,214,2434,9027,14953,6568,4512,7166,9188,2127,71161,75.8,73553,74.9,70.5,81.1,74.9,80.3,24674.17,10160.19,10632.06,70834.5,3132.72,25169.54,42532.24,2419.2,14,53821,99.6,102.7,39233000,316000000,321000000,114000000,860000000,578,578,186,186,2948,241,673,3731,148,95,326,626,3461818,30553,1111010,0,0,0,0,0,0,0,0,0,0,0,0,0,0,1,0,0,0,0,0
496,NORTH CAROLINA,537,6.7,1984,558.943,65.748,148.745,672.15,1683.45,268,2962,10929,14829,7215,5312,8005,9973,2549,77463,81.1,80020,80.4,78.3,83.1,80.3,82.5,24744.19,10119.46,10690.68,72753.04,3132.72,25398.19,44222.13,2565.2,14,53821,103.9,105.1,47962000,387000000,340000000,132000000,972000000,595,595,201,201,2931,256,722,3754,149,103,340,648,3183688,31249,1153868,0,0,0,0,0,0,0,0,0,0,0,0,0,0,0,1,0,0,0,0
497,NORTH CAROLINA,537,5.4,1985,550.504,42.324,138.375,665.061,1686.04,266,3395,11705,14190,7487,5792,8781,10320,2637,80851,80.3,83170,79.5,77.8,81.9,79.4,83.5,25179.37,10143.7,11024.3,84000.92,3100.06,27824.29,53076.57,2651.2,14,53821,107.6,107.2,41508000,485000000,375000000,157000000,1140000000,595,595,200,200,2936,280,774,3834,150,104,329,649,3247486,31360,1171537,0,0,0,0,0,0,0,0,0,0,0,0,0,0,0,0,1,0,0,0
498,NORTH CAROLINA,537,5.3,1986,583.152,25.864,140.301,718.129,1792.64,292,3675,12285,15730,7936,6191,9510,10986,2856,86372,79.2,87371,79,76.1,83,78.2,80.2,25833.9,10138.49,11583.01,86457.32,2937.94,28041.06,55478.32,2744.1,14,53821,109.6,108.8,47798000,481000000,342000000,166000000,1120000000,596,596,201,201,2957,267,766,3845,148,107,333,658,3461293,32473,1245190,0,0,0,0,0,0,0,0,0,0,0,0,0,0,0,0,0,1,0,0
499,NORTH CAROLINA,537,4.5,1987,500.936,52.299,153.261,746.396,1888.03,312,3764,13388,15727,8788,6462,9537,11329,2847,89905,81.4,92752,81.4,78.6,85.4,79.9,82.5,26678.06,10180.74,12250.76,89320.43,2781.75,28044.73,58493.96,2856.2,14,53821,113.6,110.4,47901000,550000000,411000000,173000000,1260000000,599,599,206,206,2949,258,776,3845,144,105,326,657,3491660,32883,1345681,0,0,0,0,0,0,0,0,0,0,0,0,0,0,0,0,0,0,1,0
500,NORTH CAROLINA,537,3.6,1988,515.434,29.614,156.55,784.596,1957,351,3793,14753,15164,9451,6623,10443,11703,2746,93886,84,96632,83.9,82.5,86,82.3,84.2,27589.03,10338.95,12869.99,92268.96,2649.28,28257.83,61361.85,2967.7,14,53821,118.3,113.2,78438000,648000000,451000000,172000000,1410000000,615,615,221,221,3009,245,725,3844,160,107,327,661,3597092,33580,1391956,0,0,0,0,0,0,0,0,0,0,0,0,0,0,0,0,0,0,0,1
501,NORTH DAKOTA,438,0,1969,49.996,30.695,32.944,119.933,192.53,561,426,83,115,633,409,637,757,1039,5120,86.9,6159,86.8,86.3,86.6,86.5,95.8,4173.07,2716.99,1148.3,11571.8,2636.08,256.68,8679.04,157.8,3,70704,36.7,38.2,924000,46611000,19154000,1902000,77475000,355,563,9,15,4188,355,414,4607,37,9,23,76,266039,1851,151883,1,0,0,0,0,0,0,0,0,0,0,0,0,0,0,0,0,0,0,0
502,NORTH DAKOTA,438,4.6,1970,57.471,32.611,33.731,115.364,190.78,517,490,80,153,636,412,643,715,884,5140,80.8,6024,79.7,76.7,82.9,79.1,95.4,4226.31,2740.92,1173.15,11843.02,2733.12,345.06,8764.84,163.6,3,70704,38.8,40,2398000,66637000,21268000,2380000,101000000,406,567,10,12,4148,408,466,4615,39,10,26,85,267978,1845,158258,0,1,0,0,0,0,0,0,0,0,0,0,0,0,0,0,0,0,0,0
503,NORTH DAKOTA,438,5.3,1971,67.673,41.064,34.618,119.412,194.93,511,492,90,177,642,440,668,752,1237,5314,79.2,6551,78.2,74.3,82.8,77.4,93.9,4302.57,2816.25,1174.22,12036.32,2830.93,353.16,8852.24,167,3,70704,40.5,41.4,2456000,66454000,23581000,2838000,104000000,431,567,10,12,4144,431,492,4637,38,10,26,88,278009,1843,164214,0,0,1,0,0,0,0,0,0,0,0,0,0,0,0,0,0,0,0,0
504,NORTH DAKOTA,438,4.9,1972,72.82,40.878,37.604,119.729,203.06,459,547,116,170,689,514,704,829,1395,5620,84.3,7015,83.7,80.9,86.6,82.5,94.6,4330.52,2834.21,1187.01,12675.35,3350.66,361.51,8963.18,176.1,3,70704,41.8,42.3,2381000,62110000,21956000,5044000,100000000,460,567,10,12,4122,461,525,4648,38,10,28,90,289648,1800,172174,0,0,0,1,0,0,0,0,0,0,0,0,0,0,0,0,0,0,0,0
505,NORTH DAKOTA,438,3.6,1973,71.095,34.9817,33.206,120.38,201.59,426,489,150,224,709,620,773,938,2150,5970,88.4,8120,88.1,87.5,87.5,86.5,92.9,4404.4,2888.67,1191.58,13112.72,3543.3,372.55,9196.88,183.9,3,70704,44.4,43.7,1374000,63551000,24807000,5576000,113000000,475,569,10,10,4131,476,540,4672,37,10,29,91,303027,1769,184646,0,0,0,0,1,0,0,0,0,0,0,0,0,0,0,0,0,0,0,0
506,NORTH DAKOTA,438,3.5,1974,76.484,42.6487,35.53,117.365,203.971,435,518,174,176,718,661,769,1033,1851,6149,84.2,8000,83.8,82.7,84,82.8,86.8,4458.28,2903.68,1222.72,13488.09,3726.96,390.65,9370.48,193.8,3,70704,49.3,50,920000,75039000,28384000,5758000,122000000,475,559,17,20,4108,476,549,4657,33,18,35,89,320620,1811,204143,0,0,0,0,0,1,0,0,0,0,0,0,0,0,0,0,0,0,0,0
507,NORTH DAKOTA,438,3.6,1975,67.943,46.9422,36.863,116.616,205.941,480,593,229,222,681,705,744,1110,1792,6475,74.6,8267,73.2,70.2,76.4,73.5,84,4492.23,2903.34,1240.67,15078.43,3862.12,533.47,10682.84,203.6,3,70704,53.8,57.9,1520000,90973000,33858000,5899000,145000000,475,562,17,20,4106,476,549,4655,34,18,35,90,330851,1763,218213,0,0,0,0,0,0,1,0,0,0,0,0,0,0,0,0,0,0,0,0
508,NORTH DAKOTA,438,3.6,1976,91.487,38.5898,41.177,116.447,210.094,517,689,238,262,711,710,811,1113,1271,6896,79.3,8167,78.5,75.4,81.8,77.8,84.8,4573.94,2943.62,1260.58,15049.51,3753.79,547.09,10748.63,215,3,70704,56.9,61.3,3717000,99360000,38337000,6635000,161000000,508,553,23,25,4748,509,593,5342,55,23,40,114,335600,1784,226007,0,0,0,0,0,0,0,1,0,0,0,0,0,0,0,0,0,0,0,0
509,NORTH DAKOTA,438,4.8,1977,107.264,16.3684,37.65,115.218,210.264,668,680,232,268,741,587,791,1245,933,7183,83.3,8077,82.8,80.3,85.2,81.9,84.6,4628.15,2985.13,1249.1,15397.12,3919.85,563.23,10914.04,221.1,3,70704,60.6,65.2,2359000,106000000,38048000,7824000,171000000,541,543,28,29,5389,541,636,6029,75,28,44,137,344104,1789,234526,0,0,0,0,0,0,0,0,1,0,0,0,0,0,0,0,0,0,0,0
510,NORTH DAKOTA,438,4.6,1978,129.778,54.0195,39.067,120.531,229.861,878,809,238,268,789,632,792,1407,1193,7852,85.5,9020,85.1,83.5,86.2,84.3,84.8,4704.64,3011.56,1261.33,15889.87,4046.64,585.15,11258.08,234,3,70704,65.2,70.3,3153000,97296000,44326000,8748000,171000000,529,543,28,29,5385,529,628,6052,69,28,46,142,351449,1802,245884,0,0,0,0,0,0,0,0,0,1,0,0,0,0,0,0,0,0,0,0
511,NORTH DAKOTA,438,3.7,1979,148.077,62.2152,29.236,136.709,238.385,1124,798,258,260,866,707,817,1513,1293,8402,86.2,9562,85.4,84.9,85.1,84.8,85.9,4798.61,3050.67,1282.89,16426.82,4202.24,608.66,11615.91,244.2,3,70704,72.6,76.7,5315000,139000000,50449000,9478000,219000000,497,548,28,29,5404,497,613,6033,67,28,46,140,358502,1855,256136,0,0,0,0,0,0,0,0,0,0,1,0,0,0,0,0,0,0,0,0
512,NORTH DAKOTA,438,5,1980,163.322,55.7181,24.037,127.316,221.126,1522,716,225,244,936,707,776,1687,881,8883,82.1,9525,80.2,78.6,81.4,81.3,85.5,4888.2,3070.19,1318.7,20919.99,4483.96,743.17,15692.87,245.2,3,70704,82.4,86,2790000,137000000,62365000,10657000,236000000,537,537,35,35,5410,0,56,5466,65,0,28,131,364909,1911,260112,0,0,0,0,0,0,0,0,0,0,0,1,0,0,0,0,0,0,0,0
513,NORTH DAKOTA,438,5,1981,172.4,55.0335,35.891,126.609,234.954,1912,690,218,241,1069,759,764,1715,1298,9539,80.9,10532,78.8,76.6,81,79.1,82.8,4893,3065,1318.18,21461.22,4436.65,766.81,16257.76,249.4,3,70704,90.9,94.4,2350000,122000000,60593000,12132000,223000000,536,536,35,35,5413,0,56,5469,59,0,26,126,374994,1913,264463,0,0,0,0,0,0,0,0,0,0,0,0,1,0,0,0,0,0,0,0
514,NORTH DAKOTA,438,5.9,1982,198.916,74.7958,29.108,122.964,232.571,1567,753,204,249,852,773,765,1648,1486,8883,75,10293,72.8,69,78,74.6,79.5,4929.21,3061.18,1344.54,21655.24,4290.55,779.02,16585.67,249.7,3,70704,96.5,100,2353000,105000000,65568000,12227000,213000000,536,536,35,35,5386,0,76,5462,66,0,25,128,380683,1887,270456,0,0,0,0,0,0,0,0,0,0,0,0,0,1,0,0,0,0,0,0
515,NORTH DAKOTA,438,5.6,1983,213.444,84.4609,27.302,124.173,227.931,1290,922,219,263,923,740,797,1628,1058,8856,75.8,9700,74.9,70.5,81.1,74.9,80.3,4929.23,3054.36,1343.81,21663.82,4132.41,775,16756.41,250.6,3,70704,99.6,102.7,3530000,162000000,69635000,11140000,280000000,533,533,38,38,5275,0,81,5460,75,0,25,127,390331,1905,273455,0,0,0,0,0,0,0,0,0,0,0,0,0,0,1,0,0,0,0,0
516,NORTH DAKOTA,438,5.1,1984,256.659,73.3409,31.631,124.433,267.065,1416,636,255,283,1106,815,825,1554,1284,9042,81.1,10043,80.4,78.3,83.1,80.3,82.5,4968.32,3087.35,1340.13,22019.74,4132.41,782.04,17105.29,252.5,3,70704,103.9,105.1,2294000,175000000,69503000,10819000,275000000,533,533,38,38,5223,0,81,5408,74,0,25,126,414510,1911,274857,0,0,0,0,0,0,0,0,0,0,0,0,0,0,0,1,0,0,0,0
517,NORTH DAKOTA,438,5.9,1985,301.957,49.8109,29.838,119.207,302.545,1282,481,275,293,1043,799,824,1508,1460,8628,80.3,9884,79.5,77.8,81.9,79.4,83.5,5014.77,3125.82,1343.7,21556.51,3559.26,734.3,17262.95,252,3,70704,107.6,107.2,2811000,166000000,75618000,12842000,287000000,531,531,40,40,5113,0,197,5410,63,1,30,127,381200,1982,271945,0,0,0,0,0,0,0,0,0,0,0,0,0,0,0,0,1,0,0,0
518,NORTH DAKOTA,438,6.3,1986,310.865,33.8973,26.567,121.375,307.906,936,439,273,300,1051,807,815,1368,1334,8039,79.2,9806,79,76.1,83,78.2,80.2,5020.89,3125.34,1343.62,21374.77,3373.13,740.02,17261.62,249.9,3,70704,109.6,108.8,2077000,150000000,70451000,13173000,264000000,529,529,42,42,5082,0,212,5406,65,1,30,129,380244,1988,265431,0,0,0,0,0,0,0,0,0,0,0,0,0,0,0,0,0,1,0,0
519,NORTH DAKOTA,438,5.2,1987,319.324,34.5031,26.018,116.636,305.312,841,441,316,308,1093,784,772,1329,1266,7908,81.4,9174,81.4,78.6,85.4,79.9,82.5,5026.15,3120.09,1347.08,21191.57,3193.8,740.12,17257.65,252,3,70704,113.6,110.4,2388000,145000000,84448000,14330000,283000000,532,532,39,39,5045,0,243,5402,66,0,30,136,383246,2267,264945,0,0,0,0,0,0,0,0,0,0,0,0,0,0,0,0,0,0,1,0
520,NORTH DAKOTA,438,4.8,1988,369.775,23.2663,30.189,117.179,310.317,847,388,380,302,1205,766,850,1309,617,7984,84,8601,83.9,82.5,86,82.3,84.2,5019.72,3129.3,1338.63,20859.28,3041.72,745.74,17071.82,255.9,3,70704,118.3,113.2,1181000,144000000,89492000,13986000,288000000,530,530,40,40,5046,0,356,5402,55,0,33,137,385028,2104,267952,0,0,0,0,0,0,0,0,0,0,0,0,0,0,0,0,0,0,0,1
521,NEBRASKA,431,0,1969,27.082,12.9292,209.613,182.627,454.253,304,1395,1106,964,1650,955,1644,2175,2021,14113,86.9,16134,86.8,86.3,86.6,86.5,95.8,9235.03,4134.55,4034.52,19160.51,4328.84,1911.82,12919.85,472,2,77358,36.7,38.2,5110000,80674000,52444000,6016000,152000000,350,448,25,28,5270,355,383,5665,127,29,64,225,676915,3125,249196,1,0,0,0,0,0,0,0,0,0,0,0,0,0,0,0,0,0,0,0
522,NEBRASKA,431,3.1,1970,29.716,14.3827,224.114,192,485.81,268,1264,1029,934,1677,975,1666,2263,1961,14106,80.8,16067,79.7,76.7,82.9,79.1,95.4,9759.43,4227.15,4461.2,19747.34,4488.18,2002.67,13256.49,482.1,2,77358,38.8,40,3537000,121000000,47626000,8155000,198000000,369,449,28,29,5210,373,402,5624,145,31,73,254,710933,3103,260122,0,1,0,0,0,0,0,0,0,0,0,0,0,0,0,0,0,0,0,0
523,NEBRASKA,431,3.6,1971,26.322,14.243,225.463,195.015,494.315,241,1181,1056,973,1704,1018,1742,2276,2345,14303,79.2,16648,78.2,74.3,82.8,77.4,93.9,10291.33,4373.59,4875.63,20268.79,4648.8,2049.62,13570.37,488.7,2,77358,40.5,41.4,2883000,108000000,55889000,7735000,191000000,392,449,30,35,5368,396,426,5802,126,33,79,235,747232,3275,282186,0,0,1,0,0,0,0,0,0,0,0,0,0,0,0,0,0,0,0,0
524,NEBRASKA,431,3.4,1972,33.509,14.2401,226.358,210.943,506.851,218,1267,1221,1035,1835,1114,1858,2436,2266,15163,84.3,17429,83.7,80.9,86.6,82.5,94.6,10785.36,4469.52,5273.6,21324.54,5275.68,2098.12,13950.74,517,2,77358,41.8,42.3,3836000,113000000,58400000,11970000,206000000,399,447,32,36,5363,404,435,5806,128,35,81,240,777619,3296,299970,0,0,0,1,0,0,0,0,0,0,0,0,0,0,0,0,0,0,0,0
525,NEBRASKA,431,2,1973,36.867,14.2431,230.78,213.597,519.658,157,1220,1355,1146,1950,1171,2019,2611,2297,15987,88.4,18284,88.1,87.5,87.5,86.5,92.9,11293.48,4574.39,5636.69,22286.74,5578.99,2162.17,14545.57,541.3,2,77358,44.4,43.7,6785000,112000000,70949000,13539000,223000000,408,445,35,38,5342,412,438,5790,262,0,0,262,785056,2789,308995,0,0,0,0,1,0,0,0,0,0,0,0,0,0,0,0,0,0,0,0
526,NEBRASKA,431,2.6,1974,32.763,13.5088,223.253,209.59,516.161,143,1148,1313,1116,2058,1213,1972,2782,1919,16232,84.2,18151,83.8,82.7,84,82.8,86.8,11814.03,4667.1,6010.44,23106.64,5868.18,2267.23,14971.23,562.1,2,77358,49.3,50,3839000,141000000,81261000,14334000,266000000,442,442,38,41,5328,447,477,5816,140,44,99,270,807412,2809,334457,0,0,0,0,0,1,0,0,0,0,0,0,0,0,0,0,0,0,0,0
527,NEBRASKA,431,3.9,1975,32.886,12.6244,217.521,207.804,522.949,126,1029,1184,1124,1997,1499,1839,2809,2513,16204,74.6,18717,73.2,70.2,76.4,73.5,84,12436.57,4740.46,6432.33,24592.23,6081,2509.23,16002,557.8,2,77358,53.8,57.9,4397000,179000000,90318000,15618000,320000000,440,441,39,42,5322,444,475,5808,140,45,103,277,824285,3066,350494,0,0,0,0,0,0,1,0,0,0,0,0,0,0,0,0,0,0,0,0
528,NEBRASKA,431,3.3,1976,53.712,13.24,197.442,229.166,551.966,109,1100,1362,1225,2097,1556,1965,2954,2020,17169,79.3,19189,78.5,75.4,81.8,77.8,84.8,12902.62,4831.06,6793.64,24992.27,6279.71,2573.33,16139.23,572.1,2,77358,56.9,61.3,4450000,144000000,90967000,16849000,289000000,442,442,38,38,6970,448,483,7473,127,39,123,310,909664,3224,380481,0,0,0,0,0,0,0,1,0,0,0,0,0,0,0,0,0,0,0,0
529,NEBRASKA,431,3.7,1977,59.344,12.738,188.426,230.84,554.164,127,997,1570,1202,2118,1309,1997,3052,2053,17421,83.3,19563,82.8,80.3,85.2,81.9,84.6,13482.42,4911.27,7269.37,25629.41,6557.52,2649.25,16422.64,593.7,2,77358,60.6,65.2,5667000,159000000,93842000,17953000,308000000,450,452,32,33,6970,454,488,7479,130,37,114,311,840111,3300,364242,0,0,0,0,0,0,0,0,1,0,0,0,0,0,0,0,0,0,0,0
530,NEBRASKA,431,2.9,1978,59.813,12.3027,162.693,245.98,553.535,117,1037,1623,1339,2212,1402,2039,3165,2075,18111,85.5,20298,85.1,83.5,86.2,84.3,84.8,14181.26,4985.51,7821.08,26477.07,6769.63,2752.33,16955.11,609.9,2,77358,65.2,70.3,8182000,171000000,107000000,20135000,338000000,451,452,32,33,6962,456,494,7477,127,39,118,315,845998,3513,372113,0,0,0,0,0,0,0,0,0,1,0,0,0,0,0,0,0,0,0,0
531,NEBRASKA,431,3.2,1979,77.604,12.8987,168.959,224.593,542.336,100,991,1725,1444,2321,1532,2064,3387,2167,18795,86.2,20943,85.4,84.9,85.1,84.8,85.9,14619.96,5048.29,8164.06,27424.29,7029.93,2862.93,17531.43,631.2,2,77358,72.6,76.7,11104000,204000000,118000000,25725000,389000000,449,448,38,37,6952,454,498,7475,117,45,129,317,861365,3374,364907,0,0,0,0,0,0,0,0,0,0,1,0,0,0,0,0,0,0,0,0
532,NEBRASKA,431,4.1,1980,93.942,13.8754,159.491,189.42,502.479,89,884,1620,1471,2336,1573,1969,3732,1912,18900,82.1,20575,80.2,78.6,81.4,81.3,85.5,14897.42,5106.39,8341.77,29177.88,7798.75,3083.82,18295.32,627.6,2,77358,82.4,86,8161000,208000000,120000000,29317000,405000000,448,448,35,35,6915,0,41,6994,104,2,96,256,835644,3522,414929,0,0,0,0,0,0,0,0,0,0,0,1,0,0,0,0,0,0,0,0
533,NEBRASKA,431,4.1,1981,98.584,12.5101,135.279,175.868,475.289,85,814,1656,1540,2295,1635,1942,3573,3004,18844,80.9,21777,78.8,76.6,81,79.1,82.8,15039.75,5138.39,8461.08,29566.74,7716.46,3181.94,18668.34,623.2,2,77358,90.9,94.4,6678000,212000000,129000000,31152000,419000000,447,447,34,34,6928,0,42,7002,105,2,99,260,803579,3611,403767,0,0,0,0,0,0,0,0,0,0,0,0,1,0,0,0,0,0,0,0
534,NEBRASKA,431,6.1,1982,96.746,12.6719,135.612,184.383,486.515,81,765,1399,1505,2226,1666,1900,3618,3022,18351,75,21244,72.8,69,78,74.6,79.5,15088.99,5188.05,8458.22,29555.66,7462.36,3232.59,18860.71,609.8,2,77358,96.5,100,6175000,183000000,143000000,27051000,405000000,446,446,35,35,6904,0,62,6999,97,2,106,262,804626,4017,406348,0,0,0,0,0,0,0,0,0,0,0,0,0,1,0,0,0,0,0,0
535,NEBRASKA,431,5.7,1983,104.815,14.1565,126.963,195.145,499.233,86,759,1481,1504,2423,1642,1945,3580,2150,18628,75.8,20647,74.9,70.5,81.1,74.9,80.3,15027.98,5215.73,8389.81,29573.43,7187.32,3215.9,19170.21,610.8,2,77358,99.6,102.7,12947000,263000000,154000000,29098000,500000000,444,444,38,38,6849,0,61,6941,112,4,107,277,815232,4090,415269,0,0,0,0,0,0,0,0,0,0,0,0,0,0,1,0,0,0,0,0
536,NEBRASKA,431,4.4,1984,124.257,13.8798,131.911,192.333,507.183,105,832,1797,1535,2606,1771,2000,3522,2769,19655,81.1,22164,80.4,78.3,83.1,80.3,82.5,14981.5,5281.8,8291.11,30189.6,7187.32,3245.11,19757.16,635.4,2,77358,103.9,105.1,8939000,247000000,167000000,31551000,511000000,444,444,37,37,6846,0,62,6939,113,3,111,283,829583,4110,423804,0,0,0,0,0,0,0,0,0,0,0,0,0,0,0,1,0,0,0,0
537,NEBRASKA,431,5.5,1985,115.478,14.8949,123.864,194.751,501.36,104,854,1778,1619,2629,1753,2061,3569,3315,19856,80.3,23300,79.5,77.8,81.9,79.4,83.5,14974.69,5344.81,8230.68,28468.92,5539.72,2915.35,20013.85,650.5,2,77358,107.6,107.2,11705000,257000000,163000000,31734000,519000000,444,444,37,37,6854,0,62,6947,119,4,109,280,835785,4296,417108,0,0,0,0,0,0,0,0,0,0,0,0,0,0,0,0,1,0,0,0
538,NEBRASKA,431,5,1986,109.934,17.2179,103.999,198.264,484.717,96,805,1775,1645,2649,1796,2117,3373,3321,19769,79.2,23673,79,76.1,83,78.2,80.2,15009.84,5376.63,8245.04,28843.93,5250.01,2938.06,20655.86,652.5,2,77358,109.6,108.8,9430000,274000000,161000000,31563000,542000000,444,444,37,37,6843,0,57,6933,118,4,96,262,852669,4275,423702,0,0,0,0,0,0,0,0,0,0,0,0,0,0,0,0,0,1,0,0
539,NEBRASKA,431,4.9,1987,116.456,16.0687,107.737,204.977,497.406,96,792,1932,1663,2804,1788,2094,3390,2926,20080,81.4,23006,81.4,78.6,85.4,79.9,82.5,14919.69,5388.16,8161.12,29358.98,4970.91,2938.44,21449.62,659.4,2,77358,113.6,110.4,7859000,224000000,157000000,32726000,497000000,444,444,37,37,6835,0,58,6928,112,7,109,265,866933,4515,433498,0,0,0,0,0,0,0,0,0,0,0,0,0,0,0,0,0,0,1,0
540,NEBRASKA,431,3.6,1988,139.343,13.8195,119.906,222.986,537.796,92,793,2202,1753,2941,1831,2242,3429,2829,20792,84,23621,83.9,82.5,86,82.3,84.2,14873.69,5423.15,8096.31,29966.97,4734.2,2960.77,22272,688.2,2,77358,118.3,113.2,9036000,289000000,160000000,37077000,557000000,444,444,37,37,6837,0,54,6927,113,8,104,267,877894,4125,446213,0,0,0,0,0,0,0,0,0,0,0,0,0,0,0,0,0,0,0,1
541,NEW HAMPSHIRE,133,0,1969,26.956,15.0364,5.826,130.439,164.082,11,728,925,797,495,276,724,1035,99,6790,86.9,6889,86.8,86.3,86.6,86.5,95.8,3085.49,1889.29,941.63,5957.55,92.88,1436.89,4427.78,259.2,5,9351,36.7,38.2,4657000,36989000,33798000,3099000,88156000,144,195,16,20,957,149,149,1123,84,23,25,119,318154,1005,57717,1,0,0,0,0,0,0,0,0,0,0,0,0,0,0,0,0,0,0,0
542,NEW HAMPSHIRE,133,3.3,1970,27.149,13.0063,6.796,140.506,174.973,11,641,870,760,520,290,747,1065,95,6757,80.8,6852,79.7,76.7,82.9,79.1,95.4,3247.53,1943.53,1028.95,6436.54,96.3,1692.76,4647.48,258.5,5,9351,38.8,40,3768000,43052000,34481000,3455000,97067000,140,185,28,32,944,143,143,1104,88,38,39,138,303591,1022,57098,0,1,0,0,0,0,0,0,0,0,0,0,0,0,0,0,0,0,0,0
543,NEW HAMPSHIRE,133,4.7,1971,25.496,11.4555,7.658,149.384,188.139,11,598,857,778,551,313,789,1143,94,6948,79.2,7042,78.2,74.3,82.8,77.4,93.9,3419.24,2008.2,1108.37,6680.89,99.74,1732.45,4848.7,259.9,5,9351,40.5,41.4,2856000,41504000,37904000,4003000,99872000,144,182,30,34,930,146,146,1088,97,38,39,149,313999,1146,60291,0,0,1,0,0,0,0,0,0,0,0,0,0,0,0,0,0,0,0,0
544,NEW HAMPSHIRE,133,4.5,1972,30.649,13.1782,8.015,153.473,199.84,12,641,953,869,606,345,840,1177,95,7421,84.3,7516,83.7,80.9,86.6,82.5,94.6,3559.45,2057.3,1179.87,6965.5,115.76,1773.44,5076.31,278.5,5,9351,41.8,42.3,4344000,43473000,39020000,4312000,105000000,142,181,31,36,935,144,144,1096,95,41,42,152,367856,1159,67143,0,0,0,1,0,0,0,0,0,0,0,0,0,0,0,0,0,0,0,0
545,NEW HAMPSHIRE,133,4.4,1973,28.325,16.7587,8.12,150.841,203.41,12,669,1102,936,663,380,919,1217,86,8012,88.4,8098,88.1,87.5,87.5,86.5,92.9,3688.39,2124.83,1190.86,7332.32,122.42,1827.58,5382.32,297.8,5,9351,44.4,43.7,3959000,52160000,40234000,4532000,114000000,155,180,32,36,916,161,161,1095,97,43,43,154,385778,1151,75211,0,0,0,0,1,0,0,0,0,0,0,0,0,0,0,0,0,0,0,0
546,NEW HAMPSHIRE,133,5.5,1974,25.275,15.2975,8.391,139.363,193.796,13,586,1116,869,672,387,894,1234,76,7940,84.2,8016,83.8,82.7,84,82.8,86.8,3783.91,2167.52,1218.74,7671.07,128.76,1916.38,5625.93,300.3,5,9351,49.3,50,3852000,48679000,40583000,5888000,113000000,164,180,32,36,905,168,168,1092,99,43,43,155,403870,1219,85214,0,0,0,0,0,1,0,0,0,0,0,0,0,0,0,0,0,0,0,0
547,NEW HAMPSHIRE,133,9.1,1975,26.187,13.0127,7.707,137.761,189.589,14,490,1066,763,671,408,907,1212,81,7738,74.6,7819,73.2,70.2,76.4,73.5,84,3915.39,2214.32,1272.44,7536.15,133.43,1849.65,5553.08,292.8,5,9351,53.8,57.9,2545000,46102000,48439000,6374000,121000000,164,179,32,36,897,168,168,1083,100,43,43,158,404574,1267,79465,0,0,0,0,0,0,1,0,0,0,0,0,0,0,0,0,0,0,0,0
548,NEW HAMPSHIRE,133,6.4,1976,20.331,15.7182,7.919,161.032,212.967,15,550,1228,861,695,439,967,1319,90,8380,79.3,8470,78.5,75.4,81.8,77.8,84.8,4084.04,2257.4,1350.35,7674.13,126.73,1896.89,5650.51,313.4,5,9351,56.9,61.3,5247000,68170000,47535000,6831000,145000000,161,179,32,40,1008,165,165,1193,111,43,43,171,444051,1282,81944,0,0,0,0,0,0,0,1,0,0,0,0,0,0,0,0,0,0,0,0
549,NEW HAMPSHIRE,133,5.9,1977,26.47,14.6522,7.617,159.68,215.334,16,582,1415,925,712,427,931,1521,98,9010,83.3,9084,82.8,80.3,85.2,81.9,84.6,4223.59,2301.79,1410.14,7886.88,132.33,1952.85,5801.69,337.1,5,9351,60.6,65.2,2819000,71172000,51578000,7194000,156000000,156,179,33,44,1016,159,159,1192,118,43,43,172,473163,1336,88716,0,0,0,0,0,0,0,0,1,0,0,0,0,0,0,0,0,0,0,0
550,NEW HAMPSHIRE,133,3.8,1978,20.409,11.7179,8.204,159.695,215.625,18,647,1662,978,748,491,1016,1663,94,9828,85.5,10002,85.1,83.5,86.2,84.3,84.8,4329.97,2333.25,1428.85,8200.74,136.61,2028.84,6035.28,359.6,5,9351,65.2,70.3,3618000,63185000,60349000,11448000,162000000,164,180,40,45,1007,169,169,1192,111,52,52,172,555644,1328,92861,0,0,0,0,0,0,0,0,0,1,0,0,0,0,0,0,0,0,0,0
551,NEW HAMPSHIRE,133,3.1,1979,29.08,12.5435,8.699,138.886,191.687,18,674,1947,1004,779,537,1058,1778,113,10480,86.2,10572,85.4,84.9,85.1,84.8,85.9,4348.94,2342.18,1446.57,8562.82,141.87,2110.37,6310.58,378.5,5,9351,72.6,76.7,3781000,91531000,70811000,12986000,202000000,164,181,40,45,1007,169,169,1193,111,52,52,172,530492,1381,104117,0,0,0,0,0,0,0,0,0,0,1,0,0,0,0,0,0,0,0,0
552,NEW HAMPSHIRE,133,4.7,1980,29.275,10.6662,9.663,135.041,189.365,17,602,2209,955,804,562,1030,1783,80,10712,82.1,10738,80.2,78.6,81.4,81.3,85.5,4369.35,2344.09,1446.42,9134.69,136.19,2490.12,6508.37,385.4,5,9351,82.4,86,2715000,62400000,58796000,18996000,186000000,164,172,40,42,997,88,96,1105,104,33,35,153,593996,1412,108859,0,0,0,0,0,0,0,0,0,0,0,1,0,0,0,0,0,0,0,0
553,NEW HAMPSHIRE,133,5,1981,24.226,14.2312,10.445,123.698,180.935,12,647,2346,965,803,601,1074,1866,99,11103,80.9,11332,78.8,76.6,81,79.1,82.8,4353.02,2330.26,1415.59,9412.72,134.75,2569.36,6708.61,394.6,5,9351,90.9,94.4,2960000,49748000,68800000,16579000,180000000,163,163,39,39,987,6,22,1016,96,14,17,134,651077,1435,108576,0,0,0,0,0,0,0,0,0,0,0,0,1,0,0,0,0,0,0,0
554,NEW HAMPSHIRE,133,7.4,1982,27.624,13.0636,10.28,115.519,182.67,11,758,2392,957,800,619,1116,1981,98,11432,75,11606,72.8,69,78,74.6,79.5,4333.41,2314.9,1395.82,9575.38,130.32,2610.25,6834.81,394.4,5,9351,96.5,100,3915000,96826000,80302000,22983000,237000000,163,163,38,38,934,0,26,970,136,22,28,178,660588,1540,111436,0,0,0,0,0,0,0,0,0,0,0,0,0,1,0,0,0,0,0,0
555,NEW HAMPSHIRE,133,5.4,1983,29.383,14.2344,9.857,113.378,182.423,14,872,2696,1035,891,669,1248,2186,124,12578,75.8,12743,74.9,70.5,81.1,74.9,80.3,4324.98,2327.25,1373.34,9751.27,125.51,2596.78,7028.98,409.5,5,9351,99.6,102.7,5827000,69709000,77142000,27259000,200000000,164,164,43,43,928,0,26,965,134,18,28,173,686966,1487,114187,0,0,0,0,0,0,0,0,0,0,0,0,0,0,1,0,0,0,0,0
556,NEW HAMPSHIRE,133,4.3,1984,34.056,12.9584,10.815,127.022,196.48,18,800,3337,1074,939,789,1402,2397,119,13859,81.1,14100,80.4,78.3,83.1,80.3,82.5,4316.63,2337.76,1345.08,10057.05,125.51,2620.37,7311.17,441.5,5,9351,103.9,105.1,4353000,73658000,88060000,26329000,234000000,164,164,43,43,926,0,26,964,134,18,29,174,742456,1506,126102,0,0,0,0,0,0,0,0,0,0,0,0,0,0,0,1,0,0,0,0
557,NEW HAMPSHIRE,133,3.9,1985,39.719,20.9178,10.916,122.493,205.879,21,992,3826,1097,963,878,1553,2633,145,15321,80.3,15541,79.5,77.8,81.9,79.4,83.5,4331.54,2350.11,1343.91,11863.55,224.07,2970.4,8669.08,466,5,9351,107.6,107.2,4002000,105000000,119000000,20658000,325000000,164,164,43,43,913,0,27,963,135,16,27,173,813600,1552,158741,0,0,0,0,0,0,0,0,0,0,0,0,0,0,0,0,1,0,0,0
558,NEW HAMPSHIRE,133,2.8,1986,25.052,21.4601,10.569,147.269,219.55,28,1174,4243,1099,1032,1001,1819,3106,170,17152,79.2,17073,79,76.1,83,78.2,80.2,4343.75,2342.92,1354.85,12308.36,212.35,2993.54,9102.47,490.1,5,9351,109.6,108.8,3661000,97181000,118000000,31294000,300000000,176,179,42,42,897,4,29,961,131,16,28,171,893733,1572,175942,0,0,0,0,0,0,0,0,0,0,0,0,0,0,0,0,0,1,0,0
559,NEW HAMPSHIRE,133,2.5,1987,31.551,22.1725,12.317,157.037,242.479,34,1216,4628,1176,1146,1100,1945,3587,219,18792,81.4,19011,81.4,78.6,85.4,79.9,82.5,4424.95,2358.43,1400.47,12812.56,201.06,2993.93,9617.56,513.6,5,9351,113.6,110.4,7888000,104000000,132000000,26298000,325000000,175,180,42,42,908,3,23,965,130,15,31,172,687873,1645,184493,0,0,0,0,0,0,0,0,0,0,0,0,0,0,0,0,0,0,1,0
560,NEW HAMPSHIRE,133,2.4,1988,32.756,18.8685,13.334,160.071,243.027,39,1193,5143,1209,1273,1141,2151,3690,212,20112,84,20324,83.9,82.5,86,82.3,84.2,4541.76,2401.79,1453.4,13374.03,191.49,3016.68,10165.86,528.4,5,9351,118.3,113.2,12158000,117000000,146000000,30553000,365000000,175,180,44,44,903,3,9,957,128,15,28,169,733529,1640,192945,0,0,0,0,0,0,0,0,0,0,0,0,0,0,0,0,0,0,0,1
561,NEW JERSEY,234,0,1969,141.205,-3.9566,316.113,1421.56,1916.07,137,6737,12563,11451,7696,5192,7314,13013,582,84339,86.9,84921,86.8,86.3,86.6,86.5,95.8,24857.74,10385.59,10508.8,57996.4,664.44,20630.39,36701.57,2569.6,13,8722,36.7,38.2,59552000,351000000,144000000,33424000,654000000,73,117,113,228,705,86,261,1029,232,164,496,870,3129421,10539,349829,1,0,0,0,0,0,0,0,0,0,0,0,0,0,0,0,0,0,0,0
562,NEW JERSEY,234,4.6,1970,123.29,-4.2279,331.247,1491.47,1999.95,148,6541,11780,11521,8136,5554,7663,13412,592,85774,80.8,86366,79.7,76.7,82.9,79.1,95.4,26627.68,11262.24,11264.07,59928.09,688.89,20378.23,38860.97,2606.2,13,8722,38.8,40,51994000,380000000,163000000,38465000,760000000,81,122,130,232,669,92,283,1016,223,186,511,881,3216691,10372,358574,0,1,0,0,0,0,0,0,0,0,0,0,0,0,0,0,0,0,0,0
563,NEW JERSEY,234,5.7,1971,91.497,-3.2361,335.264,1468,1992.14,130,6193,11573,12119,8606,6097,8011,14067,577,88496,79.2,89073,78.2,74.3,82.8,77.4,93.9,28256.83,12060.09,12007.61,62437.39,713.55,20856,40867.84,2607.6,13,8722,40.5,41.4,65265000,354000000,167000000,47215000,736000000,83,126,136,232,662,96,290,1015,155,195,460,679,3357866,11220,368222,0,0,1,0,0,0,0,0,0,0,0,0,0,0,0,0,0,0,0,0
564,NEW JERSEY,234,5.8,1972,31.984,-2.2544,329.642,1606.11,2104.86,146,6051,12360,13033,9018,6685,8491,14308,544,92840,84.3,93384,83.7,80.9,86.6,82.5,94.6,29544.99,12813.13,12345.07,65220.99,704.04,21349.49,43167.46,2672.5,13,8722,41.8,42.3,43781000,393000000,190000000,50564000,818000000,96,139,157,254,600,106,268,933,212,225,524,802,3463443,10955,384233,0,0,0,1,0,0,0,0,0,0,0,0,0,0,0,0,0,0,0,0
565,NEW JERSEY,234,5.6,1973,66.132,-3.4567,309.709,1639.9,2153.03,166,5995,13095,13918,9664,6958,8900,14578,505,97342,88.4,97847,88.1,87.5,87.5,86.5,92.9,30629.69,13495.55,12726.11,68911.99,744.52,22001.28,46166.19,2759.7,13,8722,44.4,43.7,35783000,401000000,192000000,48797000,776000000,116,129,173,229,605,128,285,949,206,253,560,840,3670483,10755,392511,0,0,0,0,1,0,0,0,0,0,0,0,0,0,0,0,0,0,0,0
566,NEW JERSEY,234,6.3,1974,82.477,-2.9436,282.201,1482.09,2016.01,128,5320,12288,12716,9705,6991,8327,14535,516,94348,84.2,94864,83.8,82.7,84,82.8,86.8,31830.65,13945.5,13362.76,72364.36,783.11,23070.28,48510.97,2783,13,8722,49.3,50,23374000,655000000,231000000,53415000,878000000,118,131,188,243,609,146,311,980,201,268,589,857,3752701,10930,404820,0,0,0,0,0,1,0,0,0,0,0,0,0,0,0,0,0,0,0,0
567,NEW JERSEY,234,10.2,1975,60.498,-2.8336,251.669,1329.4,1912.22,90,4435,10695,11835,9437,7277,8484,14285,467,90226,74.6,90693,73.2,70.2,76.4,73.5,84,32396.14,14014.03,13766.27,65688.1,811.51,20419.16,44457.43,2699.9,13,8722,53.8,57.9,20174000,247000000,231000000,48208000,723000000,118,132,196,236,603,156,312,981,203,281,598,866,3735985,11202,407355,0,0,0,0,0,0,1,0,0,0,0,0,0,0,0,0,0,0,0,0
568,NEW JERSEY,234,10.4,1976,70.596,-2.5461,332.468,1391.42,2078.3,97,4113,11095,12586,9867,7771,8737,15168,512,93537,79.3,94049,78.5,75.4,81.8,77.8,84.8,32775.77,13955.12,14017.37,67158.09,722.52,20940.74,45494.83,2753.7,13,8722,56.9,61.3,23069000,228000000,241000000,53655000,724000000,106,114,212,255,611,144,286,960,182,298,570,811,3831041,11647,414517,0,0,0,0,0,0,0,1,0,0,0,0,0,0,0,0,0,0,0,0
569,NEW JERSEY,234,9.4,1977,71.01,-1.744,255.522,1419.65,2023.72,94,3865,11838,12903,10238,6283,8655,16638,581,95675,83.3,97370,82.8,80.3,85.2,81.9,84.6,33066.76,13788.65,14182.81,69360.18,754.48,21558.54,47047.16,2836.9,13,8722,60.6,65.2,12961000,177000000,264000000,55296000,728000000,106,117,218,258,609,145,290,960,179,304,571,816,3972020,12574,422760,0,0,0,0,0,0,0,0,1,0,0,0,0,0,0,0,0,0,0,0
570,NEW JERSEY,234,7.2,1978,60.82,-1.7967,236.852,1421.57,2040.58,97,4276,12234,13482,10773,6987,8888,16752,594,99499,85.5,101593,85.1,83.5,86.2,84.3,84.8,33268.6,13644.05,14220.29,72312.47,778.89,22397.41,49136.17,2961.9,13,8722,65.2,70.3,10907000,201000000,301000000,50734000,805000000,108,117,218,250,608,109,263,934,171,267,531,758,4095492,12539,446610,0,0,0,0,0,0,0,0,0,1,0,0,0,0,0,0,0,0,0,0
571,NEW JERSEY,234,6.9,1979,59.195,-2.9328,269.934,1397.1,2070.95,91,4520,12590,13894,10884,7669,8939,16774,551,102217,86.2,103350,85.4,84.9,85.1,84.8,85.9,33625.27,13558.33,14290.51,75670.47,808.84,23297.42,51564.22,3027.2,13,8722,72.6,76.7,15468000,209000000,281000000,65463000,764000000,111,116,219,241,607,74,235,909,162,229,492,700,4228865,12767,472858,0,0,0,0,0,0,0,0,0,0,1,0,0,0,0,0,0,0,0,0
572,NEW JERSEY,234,7.2,1980,68.692,-2.9341,351.039,1331.81,2085.75,77,4231,12070,13258,11292,7827,8615,16807,598,102108,82.1,102571,80.2,78.6,81.4,81.3,85.5,33794.24,13439.86,14324.53,77193.36,676.86,21010.6,55505.9,3060.4,13,8722,82.4,86,14750000,222000000,427000000,75306000,928000000,113,116,219,233,605,38,208,883,154,192,452,641,4256753,12929,491675,0,0,0,0,0,0,0,0,0,0,0,1,0,0,0,0,0,0,0,0
573,NEW JERSEY,234,7.3,1981,75.464,-2.4128,403.386,1257.29,2083.88,67,4337,12143,13722,10785,8461,8733,16933,631,103725,80.9,105835,78.8,76.6,81,79.1,82.8,34144.86,13293.91,14595.64,79782.27,669.72,21679.14,57433.42,3098.9,13,8722,90.9,94.4,25981000,371000000,292000000,73698000,1290000000,115,115,219,224,604,2,180,857,145,154,412,583,4179738,13111,503687,0,0,0,0,0,0,0,0,0,0,0,0,1,0,0,0,0,0,0,0
574,NEW JERSEY,234,9,1982,78.375,-2.3214,387.306,1260.9,2097.47,64,4412,11098,14147,10954,9035,8969,18017,731,105691,75,106705,72.8,69,78,74.6,79.5,34320.27,13343.43,14696.88,81590.08,647.66,22024.19,58918.23,3092.8,13,8722,96.5,100,30822000,415000000,296000000,45559000,1020000000,108,108,226,230,575,2,140,799,152,117,464,641,4389581,14423,513375,0,0,0,0,0,0,0,0,0,0,0,0,0,1,0,0,0,0,0,0
575,NEW JERSEY,234,7.8,1983,91.633,-2.3941,417.954,1226.85,2089.64,71,4929,11701,15259,11935,9635,9962,19333,781,113089,75.8,113408,74.9,70.5,81.1,74.9,80.3,34385.92,13415,14686.65,83749.02,623.79,21910.49,61214.74,3165.1,13,8722,99.6,102.7,33302000,442000000,452000000,119000000,1380000000,128,128,247,253,588,2,144,814,162,124,459,645,4412437,15494,512743,0,0,0,0,0,0,0,0,0,0,0,0,0,0,1,0,0,0,0,0
576,NEW JERSEY,234,6.2,1984,84.013,-2.5417,428.258,1275.73,2151.84,90,5937,13113,15742,12754,11408,10754,20417,798,121822,81.1,121388,80.4,78.3,83.1,80.3,82.5,34528.53,13486.99,14650.02,87514.13,623.79,22109.54,64780.8,3329.2,13,8722,103.9,105.1,30534000,608000000,482000000,154000000,1470000000,129,129,248,254,551,12,192,815,200,108,422,648,4402243,15419,478741,0,0,0,0,0,0,0,0,0,0,0,0,0,0,0,1,0,0,0,0
577,NEW JERSEY,234,5.7,1985,103.311,-2.5238,389.09,1205.75,2121.04,89,6486,13283,16110,13032,11946,11721,21964,952,127880,80.3,126460,79.5,77.8,81.9,79.4,83.5,34675.69,13719.05,14588.46,95540.08,890.42,21612.2,73037.46,3414.1,13,8722,107.6,107.2,67209000,680000000,453000000,189000000,1660000000,129,129,250,256,555,12,177,813,197,100,432,650,4413999,15059,480308,0,0,0,0,0,0,0,0,0,0,0,0,0,0,0,0,1,0,0,0
578,NEW JERSEY,234,5,1986,77.881,-2.9364,363.009,1280.99,2185.59,254,7144,13595,16983,13820,13107,12973,23378,1119,135930,79.2,133468,79,76.1,83,78.2,80.2,35465.25,14220.46,14827.58,100079.8,843.86,21780.57,77455.37,3490.5,13,8722,109.6,108.8,81964000,869000000,488000000,205000000,1990000000,128,128,254,260,583,12,156,821,211,123,419,649,4769000,16058,482431,0,0,0,0,0,0,0,0,0,0,0,0,0,0,0,0,0,1,0,0
579,NEW JERSEY,234,4,1987,90.531,-3.1688,432.356,1272.78,2258.43,120,7890,14553,18100,14899,13558,13176,25716,1224,144553,81.4,145777,81.4,78.6,85.4,79.9,82.5,36419.13,14740.82,15117.15,105401.5,799,21783.43,82819.07,3589.2,13,8722,113.6,110.4,59608000,1010000000,513000000,205000000,2180000000,126,126,267,267,593,15,147,810,195,148,425,653,4957598,16201,545958,0,0,0,0,0,0,0,0,0,0,0,0,0,0,0,0,0,0,1,0
580,NEW JERSEY,234,3.8,1988,81.127,-2.2372,425.05,1278.81,2291.8,134,8225,15732,19036,15931,14164,14255,27611,1167,153910,84,155077,83.9,82.5,86,82.3,84.2,37458.49,15409,15470.17,111049,760.95,21948.95,88339.14,3648.3,13,8722,118.3,113.2,70674000,691000000,537000000,243000000,2060000000,125,125,267,267,612,15,124,811,214,152,423,661,5222761,17427,497664,0,0,0,0,0,0,0,0,0,0,0,0,0,0,0,0,0,0,0,1
581,NEW MEXICO,635,0,1969,50.226,0.6676,276.591,147.39,424.42,4210,827,259,203,1006,405,980,1087,377,12572,86.9,12949,86.8,86.3,86.6,86.5,95.8,6082.2,3256.77,2022.44,18909.26,1126.59,356.7,17425.97,287.5,3,121598,36.7,38.2,8306000,74530000,27053000,4956000,117000000,635,924,36,83,2709,635,909,3630,57,36,154,265,440912,2641,167180,1,0,0,0,0,0,0,0,0,0,0,0,0,0,0,0,0,0,0,0
582,NEW MEXICO,635,5.9,1970,99.38,0.69,292.522,155.9,454.08,4089,704,246,219,1005,408,1006,1114,433,12404,80.8,12837,79.7,76.7,82.9,79.1,95.4,6195.5,3341.9,2029.41,19467.69,1168.06,451.64,17847.99,292.6,3,121598,38.8,40,8304000,88345000,32355000,6166000,137000000,707,926,43,81,2663,707,988,3669,55,43,173,304,455730,2738,178903,0,1,0,0,0,0,0,0,0,0,0,0,0,0,0,0,0,0,0,0
583,NEW MEXICO,635,6.2,1971,120.695,0.2854,291.726,156.78,464.68,4169,773,261,243,1039,435,1077,1193,447,12837,79.2,13284,78.2,74.3,82.8,77.4,93.9,6238.49,3385.03,2053.14,19864.93,1209.86,462.23,18192.84,305.7,3,121598,40.5,41.4,8656000,89065000,33929000,6926000,141000000,743,925,44,81,2636,743,1024,3673,54,44,155,252,465557,2907,192665,0,0,1,0,0,0,0,0,0,0,0,0,0,0,0,0,0,0,0,0
584,NEW MEXICO,635,5.8,1972,123.807,0.2097,311.897,173.48,497.25,4117,878,315,261,1111,486,1184,1318,410,13464,84.3,13874,83.7,80.9,86.6,82.5,94.6,6326.03,3442.98,2103.74,20592.77,1478.78,473.16,18640.83,327.5,3,121598,41.8,42.3,9719000,99109000,38321000,7193000,155000000,769,921,48,83,2615,769,1044,3673,54,48,164,258,499693,3074,207998,0,0,0,1,0,0,0,0,0,0,0,0,0,0,0,0,0,0,0,0
585,NEW MEXICO,635,7.4,1973,134.491,0.6748,274.018,191.75,474.08,4295,876,355,308,1235,517,1292,1416,386,14202,88.4,14588,88.1,87.5,87.5,86.5,92.9,6367.27,3446.34,2136.37,21314.16,1563.8,487.61,19262.75,346,3,121598,44.4,43.7,7395000,71017000,47126000,8197000,229000000,791,904,67,99,2572,791,1069,3654,59,67,186,288,503080,3806,218751,0,0,0,0,1,0,0,0,0,0,0,0,0,0,0,0,0,0,0,0
586,NEW MEXICO,635,8,1974,140.947,0.7658,273.397,193,472.68,4691,875,378,287,1279,531,1276,1563,357,14890,84.2,15247,83.8,82.7,84,82.8,86.8,6447.38,3460.85,2177.66,21958.76,1644.86,511.3,19802.6,360.2,3,121598,49.3,50,5744000,101000000,52429000,8854000,173000000,798,906,76,96,2569,798,1075,3659,57,76,200,294,532493,3556,227403,0,0,0,0,0,1,0,0,0,0,0,0,0,0,0,0,0,0,0,0
587,NEW MEXICO,635,9.9,1975,132.535,0.6596,255.637,199.46,454.35,4539,910,358,309,1300,597,1334,1637,446,15095,74.6,15541,73.2,70.2,76.4,73.5,84,6606.97,3474.94,2248.71,23919.97,1704.51,1130.2,21085.26,370.2,3,121598,53.8,57.9,6001000,104000000,59565000,9294000,184000000,820,911,59,88,2562,820,1092,3671,50,59,201,295,554578,3603,268387,0,0,0,0,0,0,1,0,0,0,0,0,0,0,0,0,0,0,0,0
588,NEW MEXICO,635,9.1,1976,137.492,0.7905,294.878,202.44,503.25,4292,950,399,358,1368,619,1460,1763,372,15560,79.3,15932,78.5,75.4,81.8,77.8,84.8,6724.71,3501.57,2332.92,24441.47,1755.5,1159.06,21526.9,390,3,121598,56.9,61.3,18219000,89011000,76721000,11050000,191000000,831,908,71,91,3818,831,1131,4966,39,71,163,239,592640,3742,287264,0,0,0,0,0,0,0,1,0,0,0,0,0,0,0,0,0,0,0,0
589,NEW MEXICO,635,7.8,1977,153.922,0.2914,242.912,212.57,466.88,5237,1080,471,409,1526,546,1416,2170,417,17472,83.3,16932,82.8,80.3,85.2,81.9,84.6,6786.25,3494.83,2394.43,25269.39,1833.16,1193.26,22242.97,415.4,3,121598,60.6,65.2,17022000,82433000,68178000,12976000,186000000,907,960,20,40,3787,907,1184,4997,49,20,112,201,593400,3660,310008,0,0,0,0,0,0,0,0,1,0,0,0,0,0,0,0,0,0,0,0
590,NEW MEXICO,635,5.8,1978,145.738,0.3118,225.451,214.93,468.01,5369,1254,502,439,1620,618,1529,2388,440,18570,85.5,18122,85.1,83.5,86.2,84.3,84.8,6902.83,3515.79,2463.18,26247.31,1892.46,1239.69,23115.16,444.3,3,121598,65.2,70.3,5264000,133000000,127000000,11937000,306000000,912,960,20,40,3786,912,1196,5010,39,20,110,190,641219,3688,344018,0,0,0,0,0,0,0,0,0,1,0,0,0,0,0,0,0,0,0,0
591,NEW MEXICO,635,6.6,1979,152.939,0.7021,223.092,215.08,472.62,5417,1252,533,483,1729,673,1548,2758,469,19403,86.2,19078,85.4,84.9,85.1,84.8,85.9,7104.7,3579.76,2552.6,27361.11,1965.23,1289.51,24106.38,461,3,121598,72.6,76.7,4370000,111000000,89694000,12387000,254000000,931,960,30,40,3770,931,1214,5019,38,30,115,190,665997,3797,361059,0,0,0,0,0,0,0,0,0,0,1,0,0,0,0,0,0,0,0,0
592,NEW MEXICO,635,7.5,1980,202.87,0.9775,231.33,202.43,477.31,5558,1186,529,437,1826,684,1485,2820,490,19658,82.1,19664,80.2,78.6,81.4,81.3,85.5,7296.53,3615.48,2663.68,26939.76,1891.05,1267.18,23781.53,465.4,3,121598,82.4,86,4888000,124000000,65740000,15073000,258000000,924,938,56,61,3467,466,711,4202,39,15,109,175,686626,3714,377395,0,0,0,0,0,0,0,0,0,0,0,1,0,0,0,0,0,0,0,0
593,NEW MEXICO,635,7.3,1981,196.934,0.9196,205.434,213.97,467.38,5455,1286,534,434,1942,759,1529,2981,440,20253,80.9,20265,78.8,76.6,81,79.1,82.8,7402.21,3631.09,2731.23,28025.98,1871.1,1307.5,24847.38,475.5,3,121598,90.9,94.4,3781000,193000000,74050000,13771000,342000000,916,916,81,81,3164,0,208,3385,39,0,103,160,684667,3635,359634,0,0,0,0,0,0,0,0,0,0,0,0,1,0,0,0,0,0,0,0
594,NEW MEXICO,635,9.2,1982,225.549,0.821,213.351,187.76,459.16,4699,1301,525,503,1872,811,1539,2778,449,19386,75,20023,72.8,69,78,74.6,79.5,7634.64,3739.57,2823.58,28657.43,1809.49,1328.31,25519.63,473.6,3,121598,96.5,100,4269000,193000000,83017000,14778000,368000000,916,916,83,83,3158,0,221,3393,35,0,115,174,779944,3483,409734,0,0,0,0,0,0,0,0,0,0,0,0,0,1,0,0,0,0,0,0
595,NEW MEXICO,635,10.1,1983,263.654,0.9335,184.595,208.66,465.93,4405,1334,587,537,1948,788,1630,2899,420,19682,75.8,20283,74.9,70.5,81.1,74.9,80.3,7904.32,3877.09,2909.89,28916.61,1742.79,1321.46,25852.36,479.5,3,121598,99.6,102.7,6715000,214000000,90738000,15001000,404000000,913,913,87,87,3141,0,226,3378,34,0,129,187,798398,3775,434369,0,0,0,0,0,0,0,0,0,0,0,0,0,0,1,0,0,0,0,0
596,NEW MEXICO,635,7.5,1984,252.868,0.9682,169.781,235.63,500.89,4793,1410,702,628,2100,878,1765,3617,406,21596,81.1,21331,80.4,78.3,83.1,80.3,82.5,8228.31,4028.1,3049.7,29544.48,1742.79,1333.46,26468.23,502.8,3,121598,103.9,105.1,5962000,273000000,94479000,24756000,471000000,913,913,88,88,3131,0,229,3372,30,0,133,189,771476,3829,444339,0,0,0,0,0,0,0,0,0,0,0,0,0,0,0,1,0,0,0,0
597,NEW MEXICO,635,8.8,1985,268.375,1.3224,162.312,217.14,487.9,5003,1373,749,676,2125,910,1860,3006,548,21576,80.3,21741,79.5,77.8,81.9,79.4,83.5,8483.37,4096.28,3188.45,30208.23,1991.09,1767.19,26449.95,520.7,3,121598,107.6,107.2,14624000,229000000,112000000,25899000,451000000,912,912,88,88,3120,0,231,3366,25,0,136,190,746068,3774,425859,0,0,0,0,0,0,0,0,0,0,0,0,0,0,0,0,1,0,0,0
598,NEW MEXICO,635,9.2,1986,241.599,1.7068,144.532,210.29,469.15,4336,1302,734,670,2069,928,1949,2774,550,20762,79.2,21154,79,76.1,83,78.2,80.2,8732.42,4158.78,3303.53,30109.4,1886.96,1780.96,26441.48,528.1,3,121598,109.6,108.8,28245000,241000000,117000000,25541000,479000000,911,911,88,88,3123,0,230,3366,28,0,132,190,828715,3820,487586,0,0,0,0,0,0,0,0,0,0,0,0,0,0,0,0,0,1,0,0
599,NEW MEXICO,635,8.9,1987,260.677,1.6833,164.588,216.68,500.96,4136,1167,790,634,2266,902,1926,2734,587,20644,81.4,21231,81.4,78.6,85.4,79.9,82.5,8954.35,4280.77,3380.15,29964,1786.65,1781.19,26396.16,529.5,3,121598,113.6,110.4,8520000,263000000,110000000,17157000,496000000,899,899,99,99,2932,0,243,3406,45,0,152,223,802823,3382,478501,0,0,0,0,0,0,0,0,0,0,0,0,0,0,0,0,0,0,1,0
600,NEW MEXICO,635,7.8,1988,266.125,1.0273,185.246,217.32,523.37,4229,1085,933,669,2397,916,2044,2632,568,21050,84,21618,83.9,82.5,86,82.3,84.2,9192.05,4388.96,3507.85,29698.23,1701.57,1794.73,26201.94,540.5,3,121598,118.3,113.2,15861000,258000000,111000000,26891000,523000000,904,904,95,95,2833,0,127,3347,20,0,95,227,788415,3416,474729,0,0,0,0,0,0,0,0,0,0,0,0,0,0,0,0,0,0,0,1
601,NEVADA,832,0,1969,16.679,17.7717,46.7,87.37,176.04,146,692,211,94,657,213,648,830,130,6992,86.9,7122,86.8,86.3,86.6,86.5,95.8,3768.6,1993.17,1311.21,10805.73,329.22,391.16,10085.35,193.5,2,110567,36.7,38.2,5149000,44879000,13606000,1783000,70166000,393,514,6,20,1680,400,468,2197,6,6,35,63,249457,746,78726,1,0,0,0,0,0,0,0,0,0,0,0,0,0,0,0,0,0,0,0
602,NEVADA,832,5.9,1970,17.289,17.2709,56.868,90.41,189.12,164,676,194,92,658,224,687,903,137,7217,80.8,7354,79.7,76.7,82.9,79.1,95.4,3877.35,2042.4,1353.76,11252.01,341.34,387.25,10523.42,203.3,2,110567,38.8,40,4799000,47976000,16790000,3057000,76306000,393,514,7,20,1679,402,470,2206,5,7,36,66,265948,869,87773,0,1,0,0,0,0,0,0,0,0,0,0,0,0,0,0,0,0,0,0
603,NEVADA,832,7,1971,36.438,17.5822,71.965,95.99,200.68,171,679,181,100,686,247,728,977,141,7458,79.2,7599,78.2,74.3,82.8,77.4,93.9,4033.14,2094.25,1430.73,11706.31,353.55,396.33,10956.43,210.5,2,110567,40.5,41.4,6961000,59387000,17638000,2920000,91644000,396,516,10,20,1682,404,474,2207,6,12,39,73,278515,872,93343,0,0,1,0,0,0,0,0,0,0,0,0,0,0,0,0,0,0,0,0
604,NEVADA,832,7,1972,84.363,16.2224,75.223,103.1,216.86,174,714,199,117,723,275,808,1074,146,7930,84.3,8076,83.7,80.9,86.6,82.5,94.6,4160.79,2116.82,1535.66,12261.06,370.88,405.71,11484.48,223.4,2,110567,41.8,42.3,7942000,57113000,17348000,3097000,91819000,421,516,11,21,1655,432,502,2209,6,13,41,73,297824,885,100337,0,0,0,1,0,0,0,0,0,0,0,0,0,0,0,0,0,0,0,0
605,NEVADA,832,6,1973,90.083,17.34,77.967,110.63,232.93,181,898,245,138,806,297,892,1144,131,8643,88.4,8774,88.1,87.5,87.5,86.5,92.9,4296.97,2155.53,1627.7,12901.95,392.2,418.09,12091.66,244.6,2,110567,44.4,43.7,9702000,59687000,20103000,3592000,94817000,422,516,11,21,1784,432,502,2338,6,14,41,74,325855,894,110229,0,0,0,0,1,0,0,0,0,0,0,0,0,0,0,0,0,0,0,0
606,NEVADA,832,7.6,1974,100.463,16.7109,67.689,109.04,233.2,190,721,248,128,854,306,880,1215,101,8760,84.2,8861,83.8,82.7,84,82.8,86.8,4402.1,2158.46,1729.28,13377.11,412.53,438.41,12526.17,256.1,2,110567,49.3,50,11179000,63356000,23982000,5131000,100000000,429,516,17,21,1782,438,493,2323,6,23,57,93,338228,948,116875,0,0,0,0,0,1,0,0,0,0,0,0,0,0,0,0,0,0,0,0
607,NEVADA,832,9.7,1975,101.298,17.5826,65.355,115.89,237.17,188,622,247,139,865,312,931,1253,108,8976,74.6,9084,73.2,70.2,76.4,73.5,84,4500.21,2165.37,1796.21,15048.03,427.49,499.04,14121.5,263.1,2,110567,53.8,57.9,7627000,51320000,27993000,6023000,112000000,441,514,17,21,1765,450,508,2321,4,25,44,75,345648,1032,117155,0,0,0,0,0,0,1,0,0,0,0,0,0,0,0,0,0,0,0,0
608,NEVADA,832,9,1976,111.294,16.1254,71.205,115.53,249.29,156,773,263,153,919,334,1034,1334,120,9600,79.3,9720,78.5,75.4,81.8,77.8,84.8,4574.27,2174.67,1827.37,15231.21,512.3,511.79,14207.12,279.8,2,110567,56.9,61.3,5915000,48093000,31556000,6486000,118000000,452,920,18,42,1760,473,528,2329,7,25,33,45,374985,1098,132322,0,0,0,0,0,0,0,1,0,0,0,0,0,0,0,0,0,0,0,0
609,NEVADA,832,7,1977,115.938,16.874,74.534,127.15,255.83,225,945,341,175,969,330,1088,1403,120,10545,83.3,10673,82.8,80.3,85.2,81.9,84.6,4646.28,2195.82,1844.14,15437.13,534.96,526.89,14375.28,308.2,2,110567,60.6,65.2,15721000,70744000,31986000,6053000,146000000,451,513,17,27,1767,472,526,2331,7,23,33,49,407024,1184,140621,0,0,0,0,0,0,0,0,1,0,0,0,0,0,0,0,0,0,0,0
610,NEVADA,832,4.4,1978,91.272,17.2628,66.305,149.37,281.2,245,1281,401,202,1089,388,1259,1603,117,12129,85.5,12233,85.1,83.5,86.2,84.3,84.8,4766.05,2243.79,1905.53,15781.26,552.27,547.39,14681.6,350.3,2,110567,65.2,70.3,6288000,86488000,32959000,7417000,155000000,456,511,21,32,1748,478,529,2329,3,28,38,53,436471,1287,152491,0,0,0,0,0,0,0,0,0,1,0,0,0,0,0,0,0,0,0,0
611,NEVADA,832,5.1,1979,99.307,17.7706,85.539,138.59,295.35,252,1312,436,218,1185,438,1402,1962,93,13135,86.2,13343,85.4,84.9,85.1,84.8,85.9,4935.36,2276.73,1946.91,16264.91,573.5,569.39,15122.02,383.7,2,110567,72.6,76.7,3970000,81923000,22203000,6854000,128000000,460,512,20,32,1747,481,538,2335,4,28,39,54,411777,1417,149998,0,0,0,0,0,0,0,0,0,0,1,0,0,0,0,0,0,0,0,0
612,NEVADA,832,6.2,1980,93.216,24.6427,62.02,147.1,289.57,276,1338,421,214,1247,456,1367,2014,185,13459,82.1,13991,80.2,78.6,81.4,81.3,85.5,5188.56,2321.8,2027.68,17556.21,573.37,685.34,16297.5,399.9,2,110567,82.4,86,8226000,123000000,35320000,8571000,202000000,462,462,22,22,1713,21,45,1823,2,9,21,23,471593,1526,181548,0,0,0,0,0,0,0,0,0,0,0,1,0,0,0,0,0,0,0,0
613,NEVADA,832,7.1,1981,112.197,18.0721,78.744,130.6,283.9,356,1420,440,231,1303,504,1484,1962,149,14065,80.9,14365,78.8,76.6,81,79.1,82.8,5381.96,2368.03,2127.88,17981.16,567.32,707.15,16706.69,411.2,2,110567,90.9,94.4,6969000,107000000,36258000,9984000,189000000,506,506,28,28,1710,22,46,1822,2,9,21,23,505804,1638,189736,0,0,0,0,0,0,0,0,0,0,0,0,1,0,0,0,0,0,0,0
614,NEVADA,832,10.1,1982,146.479,14.8497,49.891,128.31,287.59,351,1158,387,242,1284,533,1476,1786,162,13671,75,13796,72.8,69,78,74.6,79.5,5500.17,2389.52,2192.36,18297.17,548.64,718.4,17030.13,401.1,2,110567,96.5,100,11680000,104000000,19538000,9053000,153000000,497,497,38,38,1702,14,33,1787,12,15,37,58,513450,1641,194875,0,0,0,0,0,0,0,0,0,0,0,0,0,1,0,0,0,0,0,0
615,NEVADA,832,9.8,1983,140.246,43.0637,44.693,138.64,298.03,380,1136,401,252,1428,551,1484,1849,172,14081,75.8,14103,74.9,70.5,81.1,74.9,80.3,5695,2455.39,2241.92,18813.07,528.42,714.69,17569.96,402.8,2,110567,99.6,102.7,29687000,170000000,36508000,16332000,268000000,502,502,36,36,1706,13,32,1789,12,16,40,59,527232,1653,201566,0,0,0,0,0,0,0,0,0,0,0,0,0,0,1,0,0,0,0,0
616,NEVADA,832,7.8,1984,155.582,57.9448,44.749,136.41,298.38,469,1175,591,257,1497,634,1619,1995,165,14927,81.1,14790,80.4,78.3,83.1,80.3,82.5,5856.9,2508.07,2299.36,19705.62,528.42,721.18,18456.02,426,2,110567,103.9,105.1,27147000,176000000,39345000,21738000,277000000,503,503,36,36,1705,18,36,1791,12,16,38,58,534912,1662,208108,0,0,0,0,0,0,0,0,0,0,0,0,0,0,0,1,0,0,0,0
617,NEVADA,832,8,1985,126.21,45.218,41.63,136.12,300.59,474,1231,641,282,1488,681,1738,2108,174,15699,80.3,15474,79.5,77.8,81.9,79.4,83.5,6003,2574.74,2345.55,22724.26,551.78,837.49,21334.99,446.4,2,110567,107.6,107.2,34735000,194000000,53331000,24631000,315000000,503,503,40,40,1705,19,38,1792,13,15,37,58,511760,1644,196025,0,0,0,0,0,0,0,0,0,0,0,0,0,0,0,0,1,0,0,0
618,NEVADA,832,6,1986,161.58,47.041,35.78,142.44,301.45,610,1385,574,291,1583,778,1844,2066,192,16400,79.2,16092,79,76.1,83,78.2,80.2,6146.41,2639.54,2386.49,23743.87,522.92,844.01,22376.93,468.1,2,110567,109.6,108.8,29119000,196000000,55447000,24222000,322000000,503,503,42,42,1687,16,36,1788,8,15,38,58,555785,1725,211566,0,0,0,0,0,0,0,0,0,0,0,0,0,0,0,0,0,1,0,0
619,NEVADA,832,6.3,1987,154.88,26.097,41.7,155.75,332.59,811,1426,611,325,1771,820,1856,2145,240,17414,81.4,17654,81.4,78.6,85.4,79.9,82.5,6328.26,2707.08,2476.15,24806.12,495.12,844.12,23466.87,499,2,110567,113.6,110.4,11870000,138000000,56261000,22644000,271000000,503,503,42,42,1685,17,34,1788,10,17,39,60,588613,1748,221609,0,0,0,0,0,0,0,0,0,0,0,0,0,0,0,0,0,0,1,0
620,NEVADA,832,5.2,1988,183.51,21.401,48.37,167.1,353.59,921,1683,682,343,1924,858,2069,2333,227,19157,84,19384,83.9,82.5,86,82.3,84.2,6537.47,2782.09,2574.61,25760.58,471.55,850.54,24438.5,537.7,2,110567,118.3,113.2,12154000,188000000,76017000,32185000,349000000,503,503,42,42,1684,18,37,1788,10,14,39,60,574212,1753,232338,0,0,0,0,0,0,0,0,0,0,0,0,0,0,0,0,0,0,0,1
621,NEW YORK,236,0,1969,656.52,287.051,698.05,2546.86,4156.55,575,14955,28009,22249,21942,21913,20164,45643,1974,242734,86.9,244708,86.8,86.3,86.6,86.5,95.8,106893.5,34674.49,61682.14,136663.7,1844.92,32936.34,101882.4,7182,15,54475,36.7,38.2,83460000,774000000,456000000,90317000,1660000000,695,840,460,553,7430,857,1038,8647,1858,651,881,3068,5824398,29362,651237,1,0,0,0,0,0,0,0,0,0,0,0,0,0,0,0,0,0,0,0
622,NEW YORK,236,4.5,1970,598.93,272.795,725.81,2664.26,4259.31,608,14328,25691,21100,22363,22243,20325,44980,1983,240808,80.8,242791,79.7,76.7,82.9,79.1,95.4,110932,35397.65,64528.42,142795.9,1912.83,32850.88,108032.2,7156.4,15,54475,38.8,40,87915000,837000000,477000000,86782000,1800000000,705,830,473,550,7565,890,1058,8751,1694,779,1071,3145,6000468,29837,687721,0,1,0,0,0,0,0,0,0,0,0,0,0,0,0,0,0,0,0,0
623,NEW YORK,236,6.6,1971,435.65,275.293,731.6,2762.98,4210.92,457,14411,25076,21125,21875,22935,20748,46321,1959,243059,79.2,245018,78.2,74.3,82.8,77.4,93.9,115957.7,36040.1,68072.69,149415.7,1981.29,33621.07,113813.3,7011.4,15,54475,40.5,41.4,76788000,785000000,553000000,88637000,1860000000,795,798,510,577,7168,1005,1189,8489,1485,853,1168,3032,6162960,30327,697557,0,0,1,0,0,0,0,0,0,0,0,0,0,0,0,0,0,0,0,0
624,NEW YORK,236,6.7,1972,355.38,305.006,707.28,2867.38,4234.65,639,13635,26186,22121,23093,24553,21488,46087,1720,249529,84.3,251249,83.7,80.9,86.6,82.5,94.6,121450.1,36678.41,71964.82,157017.5,1945.32,34416.61,120655.6,7038.5,15,54475,41.8,42.3,126000000,900000000,584000000,82658000,2040000000,795,798,506,577,7118,1024,1204,8462,1430,871,1171,2960,6269906,29448,707098,0,0,0,1,0,0,0,0,0,0,0,0,0,0,0,0,0,0,0,0
625,NEW YORK,236,5.4,1973,369.32,328.88,703.02,2948.26,4388.09,805,13413,28219,22736,24330,24683,21762,47371,1485,257013,88.4,258498,88.1,87.5,87.5,86.5,92.9,126498.2,36709.33,75762.25,166920.6,2057.16,35467.32,129396.1,7132.2,15,54475,44.4,43.7,120000000,891000000,597000000,109000000,2030000000,300,868,0,589,7339,290,296,7635,2787,422,906,4215,6531932,30015,757546,0,0,0,0,1,0,0,0,0,0,0,0,0,0,0,0,0,0,0,0
626,NEW YORK,236,6.4,1974,374.19,333.188,641.92,2684.6,4094.74,629,11588,27555,20361,23876,23687,20043,46804,1542,248666,84.2,250208,83.8,82.7,84,82.8,86.8,131097,36931.52,78704.03,175080.7,2163.79,37190.62,135726.3,7077.1,15,54475,49.3,50,54480000,831000000,660000000,109000000,2050000000,300,860,310,593,6824,389,680,7751,2342,500,1046,3877,6637871,30406,789525,0,0,0,0,0,1,0,0,0,0,0,0,0,0,0,0,0,0,0,0
627,NEW YORK,236,9.5,1975,312.51,311.708,585.54,2595.22,3888.78,585,9344,24837,19673,23675,23598,19629,46723,1505,240958,74.6,242463,73.2,70.2,76.4,73.5,84,134166,36848.64,80642.95,153578.1,2242.26,32866.69,118469.1,6829.9,15,54475,53.8,57.9,41340000,699000000,694000000,184000000,2150000000,332,883,336,577,7752,493,829,8775,1521,498,963,2753,6735148,31276,824934,0,0,0,0,0,0,1,0,0,0,0,0,0,0,0,0,0,0,0,0
628,NEW YORK,236,10.3,1976,363.82,324.379,604.28,2763.01,4178.02,555,8311,26139,20430,24032,23846,19806,49446,1565,243596,79.3,245161,78.5,75.4,81.8,77.8,84.8,134701.9,36486.69,80728.14,156804.7,1712.45,33706.22,121386,6789.5,15,54475,56.9,61.3,30821000,551000000,753000000,168000000,2050000000,461,875,401,583,6115,621,986,7316,1310,544,954,2497,6734255,30182,886232,0,0,0,0,0,0,0,1,0,0,0,0,0,0,0,0,0,0,0,0
629,NEW YORK,236,9.1,1977,336.85,300.044,567.88,2784.16,4150.98,648,7882,28868,21311,25122,18100,20357,51656,1575,246333,83.3,251092,82.8,80.3,85.2,81.9,84.6,134632.8,36064.57,80566.85,162223.4,1788.21,34700.63,125734.6,6857.6,15,54475,60.6,65.2,32811000,495000000,806000000,168000000,2100000000,254,667,533,649,5704,397,634,6661,1135,857,1341,3015,6799072,30231,900989,0,0,0,0,0,0,0,0,1,0,0,0,0,0,0,0,0,0,0,0
630,NEW YORK,236,7.7,1978,297.34,320.697,576.48,2762.35,4144.64,650,8150,28890,21909,25983,19757,20766,50697,1597,250003,85.5,254194,85.1,83.5,86.2,84.3,84.8,134765.3,35899.56,79961.03,169324.7,1846.05,36050.88,131427.8,7044.5,15,54475,65.2,70.3,41339000,1040000000,903000000,217000000,2750000000,733,911,445,534,5596,925,1268,7339,615,774,1172,2421,6907661,31674,927335,0,0,0,0,0,0,0,0,0,1,0,0,0,0,0,0,0,0,0,0
631,NEW YORK,236,7.1,1979,315.17,397.667,633.56,2412.82,3919.46,541,8240,29139,22127,26673,20817,20819,50297,1685,252481,86.2,254314,85.4,84.9,85.1,84.8,85.9,134166.7,35837.95,78888.13,177499.2,1917.03,37499.53,138082.6,7179.4,15,54475,72.6,76.7,33894000,1250000000,962000000,254000000,3210000000,730,867,482,575,5564,922,1257,7283,657,811,1231,2516,6992216,34162,977801,0,0,0,0,0,0,0,0,0,0,1,0,0,0,0,0,0,0,0,0
632,NEW YORK,236,7.5,1980,313.71,349.466,755.88,2170.05,3781.35,424,7966,27479,21432,26678,20947,20125,49256,1826,249298,82.1,249770,80.2,78.6,81.4,81.3,85.5,133207.7,35638.22,77537.26,173471.3,2051.76,37383.62,134035.9,7207.1,15,54475,82.4,86,44456000,1160000000,1040000000,262000000,3040000000,842,862,545,562,5593,403,596,6504,745,412,793,1845,6994316,32806,974424,0,0,0,0,0,0,0,0,0,0,0,1,0,0,0,0,0,0,0,0
633,NEW YORK,236,7.6,1981,308.65,418.123,775.67,1938.21,3578.32,389,8332,27809,22128,26266,22374,20181,48208,1943,252425,80.9,256199,78.8,76.6,81,79.1,82.8,132189.2,35797.68,76328.03,179574.3,2030.11,38573.15,138971,7287.3,15,54475,90.9,94.4,36065000,1160000000,1130000000,249000000,3240000000,840,860,536,552,5588,403,596,6498,750,414,797,1856,7097565,32108,990090,0,0,0,0,0,0,0,0,0,0,0,0,1,0,0,0,0,0,0,0
634,NEW YORK,236,8.6,1982,288.98,425.374,793.1,1796.67,3435.7,369,8791,25403,22110,27042,23357,20535,48694,2079,252912,75,255686,72.8,69,78,74.6,79.5,131808.8,35777.56,75911.43,183921.3,1963.26,39187.08,142771,7254.6,15,54475,96.5,100,36506000,1200000000,1200000000,248000000,3360000000,854,874,550,554,5561,471,704,6498,687,526,941,1864,7201767,32503,1000587,0,0,0,0,0,0,0,0,0,0,0,0,0,1,0,0,0,0,0,0
635,NEW YORK,236,8.6,1983,268.02,490.964,739.85,1622.7,3229.98,444,9925,25937,22842,26988,23747,22157,51909,1938,262465,75.8,267916,74.9,70.5,81.1,74.9,80.3,131365.1,35970.25,75171.54,189443.5,1890.9,38984.78,148567.8,7313.3,15,54475,99.6,102.7,212000000,1430000000,1140000000,250000000,3410000000,881,881,604,607,5457,423,769,6479,728,484,868,1793,7357044,34657,1024802,0,0,0,0,0,0,0,0,0,0,0,0,0,0,1,0,0,0,0,0
636,NEW YORK,236,7.2,1984,299.89,492.786,811.34,1495.35,3209.46,469,11122,29063,23697,28252,27158,24032,53803,1895,279341,81.1,285080,80.4,78.3,83.1,80.3,82.5,131529.9,36063.88,75006.37,199426.8,1890.9,39338.94,158197,7572.3,15,54475,103.9,105.1,40070000,1410000000,1190000000,274000000,3590000000,864,864,623,629,5421,487,686,6423,740,531,998,1966,7563584,32817,1048049,0,0,0,0,0,0,0,0,0,0,0,0,0,0,0,1,0,0,0,0
637,NEW YORK,236,6.5,1985,301.37,459.843,784.74,1603.43,3326.5,507,12362,30071,23670,28240,28094,25675,56054,2161,290218,80.3,296381,79.5,77.8,81.9,79.4,83.5,132203,36270.34,75237.07,199092.6,2298.06,39374.74,157419.8,7750.8,15,54475,107.6,107.2,40436000,1600000000,1420000000,253000000,4020000000,863,863,628,634,5463,460,681,6464,755,549,967,1969,7901004,32203,1108618,0,0,0,0,0,0,0,0,0,0,0,0,0,0,0,0,1,0,0,0
638,NEW YORK,236,6.3,1986,253.33,463.538,749.94,1711.37,3373.94,526,13865,31031,23826,28507,29215,27899,59119,2451,303555,79.2,309273,79,76.1,83,78.2,80.2,133171.4,36542.6,75487.46,209024.4,2177.89,39681.5,167165,7904.4,15,54475,109.6,108.8,55884000,1690000000,1800000000,298000000,4590000000,857,857,636,639,5403,458,741,6435,812,543,1001,2009,8321210,31742,1162423,0,0,0,0,0,0,0,0,0,0,0,0,0,0,0,0,0,1,0,0
639,NEW YORK,236,4.9,1987,294.31,443.346,801.92,1767.51,3488.8,542,14636,31603,23925,30367,29110,27591,63517,2543,314237,81.4,316780,81.4,78.6,85.4,79.9,82.5,134790.6,36996.2,76409.36,221363.9,2062.1,39686.7,179615.1,8052.9,15,54475,113.6,110.4,31495000,1910000000,1640000000,289000000,4670000000,858,858,638,641,5394,510,776,6428,788,515,1002,1982,8361175,27622,1203935,0,0,0,0,0,0,0,0,0,0,0,0,0,0,0,0,0,0,1,0
640,NEW YORK,236,4.2,1988,332.97,371.81,813.13,1834.3,3585.11,615,14679,34200,24956,31754,29597,29311,70456,2351,332563,84,334914,83.9,82.5,86,82.3,84.2,136677.7,37413.16,77792.76,234991.6,1963.91,39988.26,193039.4,8184.4,15,54475,118.3,113.2,26813000,2000000000,1740000000,305000000,4900000000,855,855,646,646,5414,492,644,6407,760,502,968,1985,8558985,27345,1251278,0,0,0,0,0,0,0,0,0,0,0,0,0,0,0,0,0,0,0,1
641,OHIO,339,0,1969,1556.09,0.088,1063.95,1062.83,3823.12,1677,10641,32127,11468,10697,7059,11049,14473,1949,123947,86.9,125896,86.8,86.3,86.6,86.5,95.8,48317.68,23653.22,16621.59,106396.1,4188.09,41898.93,60309.04,3887.3,24,44828,36.7,38.2,80213000,525000000,218000000,24773000,959000000,931,974,343,499,4588,1040,1796,6487,598,428,794,1848,5097348,18335,623893,1,0,0,0,0,0,0,0,0,0,0,0,0,0,0,0,0,0,0,0
642,OHIO,339,5.4,1970,1571.43,0.078,1077.15,1083.33,3901.75,1846,8744,28979,11167,10815,7171,11018,14229,2131,119162,80.8,121293,79.7,76.7,82.9,79.1,95.4,50241.05,24331.77,17723.55,110275,4342.25,42610.57,63322.17,3880.6,24,44828,38.8,40,85117000,506000000,244000000,31747000,977000000,983,1005,399,512,4489,1078,1884,6476,580,464,850,1883,5305381,19619,650256,0,1,0,0,0,0,0,0,0,0,0,0,0,0,0,0,0,0,0,0
643,OHIO,339,6.5,1971,1490.49,0.093,1112.13,1085.17,3843.47,1748,7630,28958,11604,11115,7527,11262,15351,2134,120737,79.2,122871,78.2,74.3,82.8,77.4,93.9,51395.75,24733.59,18440,114219.3,4497.65,43609.57,66112.11,3839.5,24,44828,40.5,41.4,59134000,474000000,257000000,33512000,999000000,938,960,460,570,4436,1040,1824,6353,621,537,968,2070,5344159,18694,680256,0,0,1,0,0,0,0,0,0,0,0,0,0,0,0,0,0,0,0,0
644,OHIO,339,5.5,1972,1561.04,0.092,1174.2,1166.52,4100.02,1910,7221,31901,12375,11531,8088,11667,15646,2052,126597,84.3,128649,83.7,80.9,86.6,82.5,94.6,52356.39,24882.94,19292.23,118487.5,4480.61,44641.46,69365.39,3938.4,24,44828,41.8,42.3,51688000,425000000,267000000,83897000,1020000000,940,965,461,561,3873,1040,1825,5782,571,539,957,1977,5486751,19561,717966,0,0,0,1,0,0,0,0,0,0,0,0,0,0,0,0,0,0,0,0
645,OHIO,339,4.3,1973,1622.81,0.086,1131.76,1228.32,4198.9,1968,7398,36423,13552,12605,8201,12418,15952,1734,135902,88.4,137636,88.1,87.5,87.5,86.5,92.9,52834.75,24967.19,19794.25,124345.7,4738.21,46004.33,73603.12,4112.9,24,44828,44.4,43.7,45795000,441000000,293000000,83776000,1010000000,934,953,454,573,3895,1047,1827,5807,1086,124,503,1997,5837241,20920,820742,0,0,0,0,1,0,0,0,0,0,0,0,0,0,0,0,0,0,0,0
646,OHIO,339,4.8,1974,1642.13,0.101,1114.9,1196.17,4170.37,1731,7054,34608,12592,12907,8246,11901,15921,2111,132812,84.2,134923,83.8,82.7,84,82.8,86.8,53464.68,25063.58,20246.59,130164.1,4983.82,48239.6,76940.64,4169.4,24,44828,49.3,50,36934000,449000000,323000000,91368000,1100000000,947,951,513,587,3796,1047,1901,5786,541,600,1013,2002,6097830,21252,846399,0,0,0,0,0,1,0,0,0,0,0,0,0,0,0,0,0,0,0,0
647,OHIO,339,9.1,1975,1619.05,0.077,978.88,1209.1,3947.19,1665,6503,28952,11964,12447,8278,11958,15489,2241,124887,74.6,127128,73.2,70.2,76.4,73.5,84,54188.05,24980.44,21024.99,123122.2,5164.56,42614.78,75342.9,4016.2,24,44828,53.8,57.9,36853000,488000000,340000000,102000000,1170000000,922,924,511,617,3747,1017,1853,5691,565,594,1111,2136,6288050,21956,868927,0,0,0,0,0,0,1,0,0,0,0,0,0,0,0,0,0,0,0,0
648,OHIO,339,7.8,1976,1653.34,0.085,1031.08,1307.63,4182.53,1732,6762,31816,12769,13265,8599,12529,15719,2358,131339,79.3,133697,78.5,75.4,81.8,77.8,84.8,54969.48,24924.3,21881.51,126663.7,6113.3,43703.32,76847.06,4094.6,24,44828,56.9,61.3,24234000,452000000,377000000,97520000,1180000000,909,911,534,630,3910,1000,1829,5831,569,618,1130,2157,6179074,22872,943888,0,0,0,0,0,0,0,1,0,0,0,0,0,0,0,0,0,0,0,0
649,OHIO,339,6.5,1977,1669.16,0.061,867.84,1376.87,4176.15,1951,6686,35741,13966,13946,7466,12867,16906,2356,139034,83.3,140466,82.8,80.3,85.2,81.9,84.6,55391.11,24781.45,22421.61,130514.8,6383.75,44992.65,79138.41,4230.1,24,44828,60.6,65.2,19897000,459000000,395000000,106000000,1210000000,895,898,556,643,4074,984,1806,5970,573,643,1148,2177,6358807,22712,1122807,0,0,0,0,0,0,0,0,1,0,0,0,0,0,0,0,0,0,0,0
650,OHIO,339,5.4,1978,1622.43,0.049,950.97,1400.88,4247.35,2015,6855,37454,14526,14643,8068,13212,17640,2230,144786,85.5,146947,85.1,83.5,86.2,84.3,84.8,56115.22,24696.32,22683.1,135552.7,6590.24,46743.38,82219.07,4394.9,24,44828,65.2,70.3,33713000,503000000,410000000,114000000,1280000000,882,885,579,656,4237,967,1782,6110,577,667,1167,2198,6314639,23959,1573849,0,0,0,0,0,0,0,0,0,1,0,0,0,0,0,0,0,0,0,0
651,OHIO,339,5.9,1979,1668.43,0.046,920.39,1425.96,4240.15,1928,6552,37071,14664,14519,8647,13251,18402,2336,146299,86.2,147766,85.4,84.9,85.1,84.8,85.9,56513.63,24562.74,22729.93,141143,6843.64,48621.69,85677.7,4484.8,24,44828,72.6,76.7,17756000,569000000,466000000,93638000,1370000000,878,886,580,658,4236,963,1765,6115,583,669,1167,2201,6191428,26123,1207095,0,0,0,0,0,0,0,0,0,0,1,0,0,0,0,0,0,0,0,0
652,OHIO,339,8.4,1980,1528.11,0.063,911.33,1346.86,3970.35,1867,5710,32559,13555,14024,8313,12488,18537,2363,138650,82.1,140782,80.2,78.6,81.4,81.3,85.5,56980.17,24343.52,22889.95,130138.8,5756.9,44851.95,79529.91,4367.4,24,44828,82.4,86,10658000,558000000,485000000,102000000,1400000000,877,884,611,656,4010,558,1329,5462,568,395,890,1865,6415046,27114,1329076,0,0,0,0,0,0,0,0,0,0,0,1,0,0,0,0,0,0,0,0
653,OHIO,339,9.6,1981,1534.9,0.058,890.36,1240.66,3863.46,1755,5055,32607,13753,13593,8672,12482,19243,2062,139120,80.9,141743,78.8,76.6,81,79.1,82.8,57101.01,24029.59,22987.83,133828.4,5696.16,46279.11,81853.13,4317.7,24,44828,90.9,94.4,14607000,502000000,529000000,70992000,1370000000,875,881,641,654,3783,153,893,4808,552,120,613,1529,6393685,28151,1315428,0,0,0,0,0,0,0,0,0,0,0,0,1,0,0,0,0,0,0,0
654,OHIO,339,12.5,1982,1392.04,0.056,837.11,1157.31,3505.83,1780,4368,26917,13668,12718,8982,12401,19672,2317,131576,75,134204,72.8,69,78,74.6,79.5,56929.04,23773.55,22815.03,135942.5,5508.59,47015.69,83418.17,4124.3,24,44828,96.5,100,15221000,590000000,563000000,121000000,1570000000,877,882,651,655,2312,124,645,3022,569,121,601,1530,6324670,24906,1286284,0,0,0,0,0,0,0,0,0,0,0,0,0,1,0,0,0,0,0,0
655,OHIO,339,12.2,1983,1321.09,1.424,772.68,1133.04,3422.15,1853,4334,28648,14586,13277,8991,12971,20286,1877,136524,75.8,137411,74.9,70.5,81.1,74.9,80.3,56648.46,23606.36,22740.88,137605.8,5305.56,46772.98,85527.24,4092.5,24,44828,99.6,102.7,20861000,593000000,628000000,118000000,1620000000,875,880,662,666,3959,139,778,4809,534,122,581,1545,6429344,31167,1307834,0,0,0,0,0,0,0,0,0,0,0,0,0,0,1,0,0,0,0,0
656,OHIO,339,9.4,1984,1361.84,1.689,814.35,1143.78,3631.96,2013,4744,33463,15404,14092,10272,13808,19821,2424,146189,81.1,147979,80.4,78.3,83.1,80.3,82.5,56463.31,23826.13,22290.03,141449.3,5305.56,47197.89,88945.89,4260.2,24,44828,103.9,105.1,24161000,764000000,664000000,163000000,1900000000,872,879,666,669,3961,161,811,4847,537,124,620,1584,6524410,31138,1338229,0,0,0,0,0,0,0,0,0,0,0,0,0,0,0,1,0,0,0,0
657,OHIO,339,8.9,1985,1389.46,1.808,765.37,1130.19,3595.54,1901,4780,35248,15776,14042,10748,14646,20196,2668,151036,80.3,152689,79.5,77.8,81.9,79.4,83.5,56283.12,23755.8,22089.14,139129.6,4814.33,45691.67,88623.61,4372.9,24,44828,107.6,107.2,18035000,950000000,715000000,95061000,2130000000,875,879,665,670,4121,160,851,5059,579,129,634,1586,6746339,31158,1324115,0,0,0,0,0,0,0,0,0,0,0,0,0,0,0,0,1,0,0,0
658,OHIO,339,8.1,1986,1431.84,1.769,749.75,1112.34,3547.45,1798,4891,35170,16371,14544,11331,15572,20644,2587,155045,79.2,156541,79,76.1,83,78.2,80.2,56319.14,23731.75,22006.95,143178.1,4562.56,46047.65,92567.93,4471.4,24,44828,109.6,108.8,28538000,910000000,704000000,121000000,2140000000,864,870,685,690,4077,175,878,5045,574,134,597,1587,6719345,31138,1408688,0,0,0,0,0,0,0,0,0,0,0,0,0,0,0,0,0,1,0,0
659,OHIO,339,7,1987,1433.06,2.308,747.1,1143.46,3646.51,1925,5295,36343,17243,15372,11137,15120,21287,2496,159577,81.4,162073,81.4,78.6,85.4,79.9,82.5,56416.52,23697.01,21960.63,147820,4320,46053.68,97446.32,4578.9,24,44828,113.6,110.4,27165000,973000000,702000000,118000000,2170000000,842,847,713,718,4034,169,856,4982,582,129,637,1593,7001690,31536,1488171,0,0,0,0,0,0,0,0,0,0,0,0,0,0,0,0,0,0,1,0
660,OHIO,339,6,1988,1474.69,1.913,837.52,1141.5,3777.23,1745,5413,40064,17738,16311,11563,16175,22470,2167,168540,84,170707,83.9,82.5,86,82.3,84.2,56826.91,23735.85,21955.02,152935.7,4114.29,46403.63,102417.8,4683,24,44828,118.3,113.2,29341000,1030000000,693000000,132000000,2390000000,842,847,713,718,3975,175,915,4999,563,118,641,1581,7003826,33614,1574578,0,0,0,0,0,0,0,0,0,0,0,0,0,0,0,0,0,0,0,1
661,OKLAHOMA,640,0,1969,0.14,19.701,558.75,343.89,877.23,9842,1808,2126,1454,2734,1460,2327,2812,1029,31689,86.9,32718,86.8,86.3,86.6,86.5,95.8,11168.19,5732.8,3948.89,38990.92,3681.85,2674.34,32634.74,748.3,6,6990,36.7,38.2,14503000,135000000,69467000,16497000,256000000,509,634,121,150,6058,558,790,6913,244,163,306,593,1176273,6417,467492,1,0,0,0,0,0,0,0,0,0,0,0,0,0,0,0,0,0,0,0
662,OKLAHOMA,640,4.4,1970,0.15,14.751,616.28,363.92,931.23,9943,1697,2096,1547,2724,1474,2367,2921,1260,32002,80.8,33262,79.7,76.7,82.9,79.1,95.4,11478.15,5929.04,4059.04,40190.7,3817.38,3023.43,33349.89,762.6,6,6990,38.8,40,12300000,141000000,74948000,18595000,272000000,598,638,129,146,6023,653,901,6986,230,170,313,594,1215063,6644,490815,0,1,0,0,0,0,0,0,0,0,0,0,0,0,0,0,0,0,0,0
663,OKLAHOMA,640,4.9,1971,0.16,14.488,631.15,367.18,956.71,9782,1740,2097,1646,2884,1571,2544,3152,1201,32678,79.2,33879,78.2,74.3,82.8,77.4,93.9,11680.58,5994.3,4195.95,40932.34,3953.99,3094.32,33884.04,774.4,6,6990,40.5,41.4,17916000,120000000,79382000,21710000,352000000,580,621,145,163,5953,633,885,6898,250,192,341,646,1265467,6840,517176,0,0,1,0,0,0,0,0,0,0,0,0,0,0,0,0,0,0,0,0
664,OKLAHOMA,640,4.5,1972,0.17,15.02,649.91,398.11,1011.48,9645,1769,2411,1713,3144,1776,2757,3354,1283,33907,84.3,35190,83.7,80.9,86.6,82.5,94.6,11832.9,5697.07,4633.6,41815.94,4049.6,3167.53,34598.81,811.9,6,6990,41.8,42.3,24819000,167000000,73914000,23878000,302000000,584,621,149,168,5933,645,890,6883,259,199,362,681,1326180,7107,553923,0,0,0,1,0,0,0,0,0,0,0,0,0,0,0,0,0,0,0,0
665,OKLAHOMA,640,3,1973,4.09,39.073,625.81,416.86,1016.09,9316,1842,2721,1853,3302,1810,2944,3642,1433,34900,88.4,36333,88.1,87.5,87.5,86.5,92.9,12026.61,5821.31,4701.03,43288.99,4282.41,3264.24,35742.34,851.9,6,6990,44.4,43.7,23839000,160000000,77121000,27267000,326000000,588,615,165,183,4278,657,855,5174,183,214,370,597,1375806,7617,600722,0,0,0,0,1,0,0,0,0,0,0,0,0,0,0,0,0,0,0,0
666,OKLAHOMA,640,4.4,1974,4.19,37.489,681.13,410.54,1056.5,8631,1933,2697,1910,3362,1852,2932,3908,1205,34905,84.2,36110,83.8,82.7,84,82.8,86.8,12396.49,5890.24,4942.83,44637.53,4504.4,3422.84,36710.29,886.9,6,6990,49.3,50,20618000,182000000,98425000,32506000,354000000,650,669,114,129,4225,720,924,5189,166,148,269,478,1395351,8102,637196,0,0,0,0,0,1,0,0,0,0,0,0,0,0,0,0,0,0,0,0
667,OKLAHOMA,640,7.2,1975,0.54,30.646,678.85,420.7,1058.13,8055,1875,2436,1911,3308,2243,3020,4036,1220,34747,74.6,35967,73.2,70.2,76.4,73.5,84,12730.82,5926.67,5222.08,49044.39,4667.75,5212.48,39164.16,899.7,6,6990,53.8,57.9,11279000,168000000,106000000,39860000,358000000,655,673,113,128,4298,720,944,5281,148,148,277,470,1432477,8297,671959,0,0,0,0,0,0,1,0,0,0,0,0,0,0,0,0,0,0,0,0
668,OKLAHOMA,640,5.6,1976,1.54,15.986,770.75,439.45,1150.75,8249,2029,2790,2019,3340,2053,3285,4191,1185,36191,79.3,37376,78.5,75.4,81.8,77.8,84.8,12979.01,5936.34,5382.55,49679.55,4516.65,5345.62,39817.28,931.1,6,6990,56.9,61.3,14069000,156000000,111000000,43223000,359000000,627,673,131,138,4641,684,988,5672,103,178,286,466,1499745,8513,705834,0,0,0,0,0,0,0,1,0,0,0,0,0,0,0,0,0,0,0,0
669,OKLAHOMA,640,5,1977,12.38,18.254,787.69,457.69,1212.44,9891,2149,3170,2074,3553,1869,3394,4395,1016,39361,83.3,39235,82.8,80.3,85.2,81.9,84.6,13229.51,5972.49,5484.88,51180.23,4716.46,5503.33,40960.44,971.5,6,6990,60.6,65.2,14639000,154000000,122000000,50415000,379000000,627,673,130,138,4628,770,1082,5753,102,181,289,469,1547696,8963,739745,0,0,0,0,0,0,0,0,1,0,0,0,0,0,0,0,0,0,0,0
670,OKLAHOMA,640,3.9,1978,43.72,18.267,788.66,483.08,1250,10021,2367,3412,2176,3670,2173,3619,4789,1061,41477,85.5,41564,85.1,83.5,86.2,84.3,84.8,13492.11,6001.28,5616.28,53110.66,4869.01,5717.47,42524.17,1035.7,6,6990,65.2,70.3,21180000,184000000,146000000,56636000,441000000,651,673,130,138,4625,795,1081,5750,104,181,290,472,1649629,9328,777472,0,0,0,0,0,0,0,0,0,1,0,0,0,0,0,0,0,0,0,0
671,OKLAHOMA,640,3.4,1979,60.39,24.049,844.29,466.46,1302.93,9531,2361,3714,2442,3949,2368,3742,5157,1633,42838,86.2,43535,85.4,84.9,85.1,84.8,85.9,13835.66,6039.31,5817.46,55318.19,5056.24,5947.22,44314.73,1087.9,6,6990,72.6,76.7,13439000,218000000,160000000,67550000,505000000,646,668,136,144,4606,804,818,5745,100,186,297,478,1724965,10081,857031,0,0,0,0,0,0,0,0,0,0,1,0,0,0,0,0,0,0,0,0
672,OKLAHOMA,640,4.8,1980,106.35,13.655,738.93,442.91,1206.27,9145,2267,4080,2364,4177,2623,3726,5582,1443,44048,82.1,44944,80.2,78.6,81.4,81.3,85.5,14248.02,6072.15,6101.08,63264.52,5372.33,7740.91,50151.28,1138.1,6,6990,82.4,86,16828000,249000000,169000000,69628000,547000000,686,701,143,149,4612,555,652,5490,97,139,250,427,1807643,10474,864882,0,0,0,0,0,0,0,0,0,0,0,1,0,0,0,0,0,0,0,0
673,OKLAHOMA,640,3.6,1981,157.73,11.724,694.455,436.47,1242.67,9547,2215,4279,2475,4380,2959,3907,5915,1553,46165,80.9,47236,78.8,76.6,81,79.1,82.8,14564.32,6131.31,6339.19,65824.58,5315.64,7987.22,52521.72,1201.2,6,69903,90.9,94.4,14273000,288000000,172000000,80532000,604000000,727,734,151,153,4618,305,486,5235,93,92,202,376,1684399,10968,919014,0,0,0,0,0,0,0,0,0,0,0,0,1,0,0,0,0,0,0,0
674,OKLAHOMA,640,5.7,1982,203.81,21.847,692.328,444.43,1308.37,9391,2284,3702,2520,4334,3210,4141,6133,1932,46628,75,48700,72.8,69,78,74.6,79.5,14766.51,6159.51,6499.26,67358.6,5140.61,8114.34,54103.65,1216.9,6,69903,96.5,100,29097000,235000000,70536000,42414000,408000000,767,767,158,158,4624,56,320,4980,90,45,155,325,1787616,11229,980955,0,0,0,0,0,0,0,0,0,0,0,0,0,1,0,0,0,0,0,0
675,OKLAHOMA,640,9,1983,219.3,26.301,655.366,461.99,1309.04,8220,2094,3562,2785,4481,2806,4252,6274,1451,45367,75.8,46425,74.9,70.5,81.1,74.9,80.3,15088.88,6263.83,6661.26,68096.06,4951.14,8072.46,55072.47,1170.6,6,69903,99.6,102.7,18988000,256000000,73370000,59041000,475000000,735,749,168,177,4408,65,354,4879,134,47,199,418,1757739,11548,999771,0,0,0,0,0,0,0,0,0,0,0,0,0,0,1,0,0,0,0,0
676,OKLAHOMA,640,7,1984,230.92,24.141,669.277,460.75,1316.86,8007,2126,4100,3233,4673,2934,4564,6179,1388,46589,81.1,47499,80.4,78.3,83.1,80.3,82.5,15480.8,6331.49,6852.59,69848.25,4951.14,8145.79,56751.32,1180.3,6,69903,103.9,105.1,3784000,258000000,72811000,52069000,448000000,718,726,192,200,4351,58,420,4874,137,50,219,431,1758481,11748,1010682,0,0,0,0,0,0,0,0,0,0,0,0,0,0,0,1,0,0,0,0
677,OKLAHOMA,640,7.1,1985,237.17,41.15,603.855,467.31,1298.12,7648,1796,4332,3138,4632,2959,4643,5884,1659,45895,80.3,47178,79.5,77.8,81.9,79.4,83.5,15891.09,6405.81,7015.33,64625.86,3900.56,7652.01,53073.29,1165.3,6,69903,107.6,107.2,23703000,307000000,81184000,53629000,514000000,723,723,200,204,4286,57,507,4876,143,50,216,433,1854553,11953,997242,0,0,0,0,0,0,0,0,0,0,0,0,0,0,0,0,1,0,0,0
678,OKLAHOMA,640,8.2,1986,217.94,30.28,570.749,420.72,1203.26,6849,1513,4168,3096,4696,2847,4539,5194,1964,43655,79.2,45928,79,76.1,83,78.2,80.2,16324.85,6506.49,7257.86,64842.04,3696.57,7711.63,53433.84,1124.4,6,69903,109.6,108.8,8845000,310000000,103000000,53990000,536000000,724,724,200,203,4184,57,592,4874,136,52,216,432,1877256,12251,1012884,0,0,0,0,0,0,0,0,0,0,0,0,0,0,0,0,0,1,0,0
679,OKLAHOMA,640,7.4,1987,240.66,30.228,617.551,415.24,1252.51,6708,1326,4229,3167,4918,2580,4121,4882,2000,42529,81.4,44529,81.4,78.6,85.4,79.9,82.5,16556.71,6594.24,7320.86,65023.68,3500.05,7712.64,53810.98,1104.6,6,69903,113.6,110.4,11375000,430000000,264000000,84669000,883000000,723,723,201,204,4207,61,569,4874,104,45,252,435,1931117,12480,943881,0,0,0,0,0,0,0,0,0,0,0,0,0,0,0,0,0,0,1,0
680,OKLAHOMA,640,6.7,1988,269.42,20.929,611.171,433.62,1287.42,6321,1323,4773,3191,5175,2670,4417,4720,1938,43190,84,45128,83.9,82.5,86,82.3,84.2,16765.62,6698.98,7347.3,64872.43,3333.39,7771.24,53767.8,1132.7,6,69903,118.3,113.2,9097000,453000000,270000000,82710000,922000000,723,723,202,204,4165,59,597,4875,105,47,229,438,1666947,12724,874347,0,0,0,0,0,0,0,0,0,0,0,0,0,0,0,0,0,0,0,1
681,OREGON,841,0,1969,3.95,291.449,92.598,294.64,675.86,59,1889,3627,1193,2372,1517,2199,2756,928,21325,86.9,22253,86.8,86.3,86.6,86.5,95.8,11143.64,5522.14,3921.39,22546.05,1630.29,5143.09,15772.67,708.5,5,98386,36.7,38.2,11616000,141000000,60796000,8021000,232000000,498,593,93,101,2987,515,544,3597,140,114,146,380,1088847,5421,240253,1,0,0,0,0,0,0,0,0,0,0,0,0,0,0,0,0,0,0,0
682,OREGON,841,6.2,1970,3.05,313.902,99.572,295.81,697.64,62,1625,3593,1189,2410,1481,2202,2932,960,21390,80.8,22350,79.7,76.7,82.9,79.1,95.4,11481.58,5641.79,4112.59,23425.25,1690.3,5225.92,16509.03,710.5,5,98386,38.8,40,14664000,191000000,57709000,9067000,282000000,501,588,95,103,2968,517,544,3573,159,113,147,407,1116202,6592,246439,0,1,0,0,0,0,0,0,0,0,0,0,0,0,0,0,0,0,0,0
683,OREGON,841,6.6,1971,3.38,360.069,105.437,313.09,740.35,64,1599,3786,1265,2511,1546,2345,3181,937,22343,79.2,23280,78.2,74.3,82.8,77.4,93.9,11830.75,5868.4,4158.15,24286.22,1750.79,5348.45,17186.98,729.1,5,98386,40.5,41.4,21615000,234000000,66189000,12939000,340000000,501,586,104,112,2951,500,550,3562,157,119,160,413,1165605,6711,259416,0,0,1,0,0,0,0,0,0,0,0,0,0,0,0,0,0,0,0,0
684,OREGON,841,5.7,1972,2.24,378.599,115.326,342.14,783.81,80,1814,4273,1435,2721,1753,2526,3450,985,24371,84.3,25356,83.7,80.9,86.6,82.5,94.6,12150.51,6085.11,4240.64,25304.46,1844.78,5475,17984.68,774.7,5,98386,41.8,42.3,24297000,231000000,69693000,14727000,344000000,536,602,114,126,2865,536,587,3580,92,131,169,413,1227057,5831,263227,0,0,0,1,0,0,0,0,0,0,0,0,0,0,0,0,0,0,0,0
685,OREGON,841,6.2,1973,2.14,292.446,114.331,346.49,801.51,97,1782,4733,1610,2944,1885,2734,3693,893,26083,88.4,26976,88.1,87.5,87.5,86.5,92.9,12912.83,6313.43,4737.4,26641.39,1950.84,5642.15,19048.4,816.2,5,98386,44.4,43.7,11767000,176000000,77064000,16443000,308000000,559,597,120,132,2830,559,610,3575,112,124,162,421,1309569,5955,290356,0,0,0,0,1,0,0,0,0,0,0,0,0,0,0,0,0,0,0,0
686,OREGON,841,7.5,1974,3.25,375.956,102.365,320.77,785.63,103,1791,4802,1571,2996,1919,2630,3980,1082,26662,84.2,27744,83.8,82.7,84,82.8,86.8,13214.8,6322.44,4927.46,27836.41,2051.97,5916.29,19868.15,838.2,5,98386,49.3,50,7009000,190000000,87219000,26787000,338000000,554,592,125,137,2824,559,604,3570,108,124,159,422,1281589,6346,291801,0,0,0,0,0,1,0,0,0,0,0,0,0,0,0,0,0,0,0,0
687,OREGON,841,10.6,1975,2.67,359.648,114.184,308.74,813.56,87,1694,4258,1454,2969,1955,2759,4157,1050,26424,74.6,27474,73.2,70.2,76.4,73.5,84,13671.14,6354.98,5201.85,30422.64,2126.38,6622.13,21674.13,837.4,5,98386,53.8,57.9,7107000,247000000,109000000,31294000,425000000,556,596,126,136,2833,563,608,3595,88,141,173,404,1320294,6538,300760,0,0,0,0,0,0,1,0,0,0,0,0,0,0,0,0,0,0,0,0
688,OREGON,841,9.5,1976,5.88,367.033,95.83,314.78,823.43,87,1882,4837,1625,3085,2055,3016,4410,1076,28483,79.3,29559,78.5,75.4,81.8,77.8,84.8,13976.13,6408.58,5339.24,31180.19,2365.08,6791.28,22023.83,878.5,5,98386,56.9,61.3,4886000,186000000,106000000,35525000,367000000,571,585,117,117,4401,580,617,5199,103,144,172,406,1431974,6873,351899,0,0,0,0,0,0,0,1,0,0,0,0,0,0,0,0,0,0,0,0
689,OREGON,841,7.4,1977,5.22,254.455,75.567,340.35,819.41,109,2001,5365,1769,3385,1940,3066,4685,1059,30272,83.3,31397,82.8,80.3,85.2,81.9,84.6,14350.99,6376.73,5640.77,32072.21,2469.71,6991.64,22610.86,936.9,5,98386,60.6,65.2,7930000,197000000,120000000,40830000,397000000,594,617,96,97,4334,611,650,5269,88,116,139,341,1377562,7308,391548,0,0,0,0,0,0,0,0,1,0,0,0,0,0,0,0,0,0,0,0
690,OREGON,841,6,1978,4.67,330.634,90.025,362.25,879.67,137,2143,5684,1772,3417,2236,3282,5358,1083,32416,85.5,33793,85.1,83.5,86.2,84.3,84.8,14724.22,6372.79,5864.62,33272.01,2549.59,7263.69,23458.73,1009.2,5,98386,65.2,70.3,11970000,235000000,146000000,43779000,465000000,616,648,74,76,4267,641,682,5338,72,88,105,276,1455927,7753,457329,0,0,0,0,0,0,0,0,0,1,0,0,0,0,0,0,0,0,0,0
691,OREGON,841,6.8,1979,4.68,309.204,97.905,365.99,906.7,119,2149,6164,1878,3462,2424,3374,5777,1204,34146,86.2,35296,85.4,84.9,85.1,84.8,85.9,15020.05,6373.7,6050.53,34618.64,2647.63,7555.57,24415.44,1056,5,98386,72.6,76.7,8986000,315000000,152000000,38480000,553000000,612,643,81,80,4282,637,677,5353,72,95,111,284,1471293,8251,528379,0,0,0,0,0,0,0,0,0,0,1,0,0,0,0,0,0,0,0,0
692,OREGON,841,8.3,1980,12.1,313.951,82.324,336.34,865.31,103,1777,5896,1801,3523,2432,3214,5764,1394,33429,82.1,34762,80.2,78.6,81.4,81.3,85.5,15420.56,6437.47,6247.1,36469.81,3001.33,7857.69,25610.79,1044.6,5,98386,82.4,86,11373000,422000000,173000000,47720000,701000000,599,615,99,99,4230,329,480,5014,92,65,143,293,1538556,8503,533548,0,0,0,0,0,0,0,0,0,0,0,1,0,0,0,0,0,0,0,0
693,OREGON,841,9.9,1981,25.83,336.166,78.887,335.3,854.63,85,1403,5100,1753,3398,2494,3152,5683,1363,31782,80.9,33614,78.8,76.6,81,79.1,82.8,15666.86,6498.97,6358.04,37341.17,2969.66,8107.71,26263.79,1018.7,5,98386,90.9,94.4,16702000,442000000,154000000,53114000,716000000,586,586,117,117,4178,21,282,4674,112,35,175,302,1542792,8646,533108,0,0,0,0,0,0,0,0,0,0,0,0,1,0,0,0,0,0,0,0
694,OREGON,841,11.5,1982,11.8,472.761,73.941,342.9,823.73,59,1055,4542,1734,3214,2429,2986,5337,1367,29774,75,31148,72.8,69,78,74.6,79.5,15743.83,6563.96,6308.57,37792.98,2871.87,8236.76,26684.35,961.1,5,98386,96.5,100,24729000,396000000,154000000,51787000,674000000,583,583,124,124,4110,20,227,4600,145,30,166,358,1467482,8898,598316,0,0,0,0,0,0,0,0,0,0,0,0,0,1,0,0,0,0,0,0
695,OREGON,841,10.8,1983,9.89,474.208,69.794,309.75,774.44,57,964,4840,1784,3413,2478,3121,5362,1460,30474,75.8,31899,74.9,70.5,81.1,74.9,80.3,15759.04,6589.36,6292.7,38276.78,2766.03,8194.23,27316.52,966.7,5,98386,99.6,102.7,14724000,340000000,194000000,57851000,662000000,585,585,133,133,4117,10,210,4589,150,34,184,395,1476548,11191,632784,0,0,0,0,0,0,0,0,0,0,0,0,0,0,1,0,0,0,0,0
696,OREGON,841,9.4,1984,11.81,481.417,81.473,320.31,836.9,61,1042,5528,1806,3560,2789,3319,5311,1396,32085,81.1,33747,80.4,78.3,83.1,80.3,82.5,15844.49,6639.98,6290.43,39308.4,2766.03,8268.68,28273.7,1006.9,5,98386,103.9,105.1,19714000,334000000,177000000,55447000,657000000,585,585,133,133,4160,9,183,4604,144,35,191,394,1554913,9100,618512,0,0,0,0,0,0,0,0,0,0,0,0,0,0,0,1,0,0,0,0
697,OREGON,841,8.8,1985,10.04,474.317,85.492,316.81,815.95,59,1133,5385,1857,3524,2897,3390,5289,1579,32541,80.3,34769,79.5,77.8,81.9,79.4,83.5,15947.63,6716.47,6300.93,37419.6,2456.27,7521.99,27441.34,1030,5,98386,107.6,107.2,21519000,378000000,190000000,61626000,706000000,584,584,132,132,4064,7,122,4607,145,32,81,397,1560345,9259,634081,0,0,0,0,0,0,0,0,0,0,0,0,0,0,0,0,1,0,0,0
698,OREGON,841,8.5,1986,2.91,431.948,72.534,327.93,797.6,62,1184,5625,1907,3573,3081,3566,5294,1806,33435,79.2,35934,79,76.1,83,78.2,80.2,16022.66,6755.75,6339.3,38446.82,2327.81,7580.59,28538.41,1058.5,5,98386,109.6,108.8,5956000,398000000,230000000,63130000,798000000,584,584,132,132,4125,7,136,4663,155,34,86,400,1628730,9362,625897,0,0,0,0,0,0,0,0,0,0,0,0,0,0,0,0,0,1,0,0
699,OREGON,841,6.2,1987,3.69,417.469,82.497,334.65,843.04,59,1171,6246,2023,3971,3025,3469,5433,1977,34787,81.4,36764,81.4,78.6,85.4,79.9,82.5,16110.43,6849.2,6360.4,39674.28,2204.06,7581.58,29888.63,1094,5,98386,113.6,110.4,14839000,400000000,230000000,58197000,774000000,584,584,132,132,4143,8,130,4669,155,33,95,397,1657107,9635,575914,0,0,0,0,0,0,0,0,0,0,0,0,0,0,0,0,0,0,1,0
700,OREGON,841,5.8,1988,3.11,371.624,89.168,350.42,880.02,64,1300,6971,2090,4269,3107,3800,5648,1997,37104,84,39101,83.9,82.5,86,82.3,84.2,16140.43,6837.71,6426.76,40897.2,2099,7639.19,31159,1152.3,5,98386,118.3,113.2,22951000,427000000,244000000,63846000,838000000,595,595,132,132,4157,8,58,4669,150,30,78,393,1749239,9905,556547,0,0,0,0,0,0,0,0,0,0,0,0,0,0,0,0,0,0,0,1
701,PENNSYLVANIA,242,0,1969,1628.94,9.57,791.217,1452.16,3934.18,2506,10462,26699,13161,12003,7873,11764,16890,1585,130734,86.9,132319,86.8,86.3,86.6,86.5,95.8,50428.35,21507.1,22047.83,105738.9,2123.49,39381.05,64234.39,4374.9,28,46058,36.7,38.2,153000000,671000000,292000000,74261000,1190000000,1001,1296,182,307,4514,1161,1489,6809,624,247,368,1431,5025253,15533,718766,1,0,0,0,0,0,0,0,0,0,0,0,0,0,0,0,0,0,0,0
702,PENNSYLVANIA,242,4.5,1970,1698.96,14.336,797.877,1535.55,4061.38,2459,9639,24714,12940,12253,7811,11842,16723,1710,128257,80.8,129967,79.7,76.7,82.9,79.1,95.4,53374.91,22873.38,23476.44,109965.3,2201.66,40305.76,67457.85,4351.6,28,46058,38.8,40,101000000,717000000,324000000,90091000,1300000000,1097,1305,184,306,4482,1287,1618,6899,620,252,373,1422,5058682,16006,743865,0,1,0,0,0,0,0,0,0,0,0,0,0,0,0,0,0,0,0,0
703,PENNSYLVANIA,242,5.4,1971,1619.59,8.159,828.583,1560.37,3996.4,2182,9245,23856,13318,12632,8226,12229,16976,1608,128512,79.2,130120,78.2,74.3,82.8,77.4,93.9,56250.56,24070.94,24977.05,114031.5,2280.45,41250.73,70500.33,4291.3,28,46058,40.5,41.4,81363000,741000000,346000000,111000000,1390000000,1132,1277,209,335,4389,1344,1637,6751,633,301,444,1539,5214078,20492,776688,0,0,1,0,0,0,0,0,0,0,0,0,0,0,0,0,0,0,0,0
704,PENNSYLVANIA,242,5.4,1972,1662.3,15.916,856.316,1654.83,4141.58,2313,9648,25230,14061,13535,8771,12926,17005,1521,134507,84.3,136028,83.7,80.9,86.6,82.5,94.6,58090.06,24636.92,26134.61,118691.2,2417.63,42226.8,74046.73,4400,28,46058,41.8,42.3,69322000,591000000,398000000,141000000,1350000000,1166,1272,214,319,4318,1411,1717,6747,630,316,474,1601,5460277,21311,829742,0,0,0,1,0,0,0,0,0,0,0,0,0,0,0,0,0,0,0,0
705,PENNSYLVANIA,242,4.8,1973,1798.61,14.256,811.496,1661.05,4249.67,2405,9517,28210,14906,14422,8865,13615,17273,1335,141635,88.4,142970,88.1,87.5,87.5,86.5,92.9,59430.51,25171.81,26885.28,124688.1,2556.63,43515.95,78615.53,4506.5,28,46058,44.4,43.7,74641000,636000000,427000000,160000000,1380000000,1128,1228,264,364,4271,1408,1733,6714,629,381,543,1661,5746394,21807,906539,0,0,0,0,1,0,0,0,0,0,0,0,0,0,0,0,0,0,0,0
706,PENNSYLVANIA,242,5.1,1974,1661.35,14.541,732.721,1603.12,4073.09,2241,8978,27612,14096,14680,8744,12875,17322,1407,139209,84.2,140616,83.8,82.7,84,82.8,86.8,60860.6,25623.55,27646.23,130578.4,2689.15,45630.32,82258.9,4514.6,28,46058,49.3,50,71255000,651000000,448000000,199000000,1590000000,1113,1212,279,385,4261,1412,1724,6668,631,429,609,1739,6166528,22645,927501,0,0,0,0,0,1,0,0,0,0,0,0,0,0,0,0,0,0,0,0
707,PENNSYLVANIA,242,8.3,1975,1646.69,16.402,670.085,1470.74,3861.85,2371,7980,24273,13338,14270,8726,13140,17070,1460,134368,74.6,135828,73.2,70.2,76.4,73.5,84,61871.02,26024.77,28090.92,124414.9,2786.68,39798.47,81829.72,4435.8,28,46058,53.8,57.9,53042000,798000000,418000000,238000000,1830000000,1128,1221,283,364,4632,1540,1850,6806,657,478,658,1755,6589466,24452,1045387,0,0,0,0,0,0,1,0,0,0,0,0,0,0,0,0,0,0,0,0
708,PENNSYLVANIA,242,7.9,1976,1682.82,14.685,731.356,1633.1,4112.54,2441,7937,25036,14033,14871,8733,13706,17866,1641,138537,79.3,140178,78.5,75.4,81.8,77.8,84.8,62830.91,26341.98,28561.39,127274.8,2870.81,40815.07,83588.94,4512.8,28,46058,56.9,61.3,43036000,758000000,481000000,251000000,1850000000,1186,1206,287,304,5975,1628,1948,8578,768,508,718,1997,6947303,25897,1154255,0,0,0,0,0,0,0,1,0,0,0,0,0,0,0,0,0,0,0,0
709,PENNSYLVANIA,242,7.7,1977,1577.98,12.573,682.372,1731.21,4077.65,2466,7565,27282,14544,15556,7428,13253,19092,1686,142235,83.3,144091,82.8,80.3,85.2,81.9,84.6,62861.36,26307.55,28426.98,131212.4,2997.81,42019.2,86195.41,4565.2,28,46058,60.6,65.2,43639000,547000000,573000000,280000000,1790000000,909,1181,233,337,6877,1356,1764,9216,962,481,755,2136,6891049,26665,1184116,0,0,0,0,0,0,0,0,1,0,0,0,0,0,0,0,0,0,0,0
710,PENNSYLVANIA,242,6.9,1978,1572.45,7.875,688.256,1732.17,4072.58,2299,7523,27505,15169,16074,8125,13539,19730,1659,145924,85.5,148130,85.1,83.5,86.2,84.3,84.8,62652.44,26037.41,28255.68,136305.4,3094.77,43654.23,89556.43,4716.2,28,46058,65.2,70.3,29571000,403000000,627000000,317000000,1760000000,1179,1179,331,339,6569,1631,2046,9192,848,581,859,2142,5652375,25799,1033650,0,0,0,0,0,0,0,0,0,1,0,0,0,0,0,0,0,0,0,0
711,PENNSYLVANIA,242,6.9,1979,1756.26,12.651,756.079,1645.38,4188.5,2229,7086,27841,15547,16454,8594,13518,20143,1785,148081,86.2,149431,85.4,84.9,85.1,84.8,85.9,62617.53,25614.52,28346.47,141870.4,3213.77,45408.41,93248.25,4806.1,28,46058,72.6,76.7,20795000,417000000,644000000,308000000,788000000,1174,1175,319,325,6576,1650,2067,9217,835,584,866,2135,5689399,26560,1040525,0,0,0,0,0,0,0,0,0,0,1,0,0,0,0,0,0,0,0,0
712,PENNSYLVANIA,242,7.8,1980,1636.05,7.628,792.78,1460.07,3903.96,2281,6162,26257,14579,15818,8870,12873,20414,1787,144712,82.1,145367,80.2,78.6,81.4,81.3,85.5,62440.58,25108.4,28344.83,132965.8,3164.26,41475.32,88326.2,4753.1,28,46058,82.4,86,24195000,588000000,734000000,337000000,2090000000,1180,1180,333,336,6610,591,907,8055,870,317,589,1765,5821025,26773,1078057,0,0,0,0,0,0,0,0,0,0,0,1,0,0,0,0,0,0,0,0
713,PENNSYLVANIA,242,8.4,1981,1495.95,6.894,801.954,1332.55,3728.98,2155,5820,25808,14541,15432,9231,12906,20432,2077,143901,80.9,146570,78.8,76.6,81,79.1,82.8,62061.65,24753.64,28076.61,136800.6,3130.88,42795.04,90874.66,4728.9,28,46058,90.9,94.4,21935000,702000000,758000000,369000000,2270000000,1178,1178,324,329,6625,595,927,8079,852,404,581,1832,5920737,26782,1062383,0,0,0,0,0,0,0,0,0,0,0,0,1,0,0,0,0,0,0,0
714,PENNSYLVANIA,242,10.9,1982,1291.5,19.12,714.089,1214.57,3273.64,2127,5379,21610,14628,14914,9376,12745,20175,2098,138630,75,141282,72.8,69,78,74.6,79.5,61479.97,24476.17,27795.12,139072.2,3027.78,43476.16,92568.21,4580.1,28,46058,96.5,100,28274000,787000000,771000000,420000000,2430000000,1174,1174,320,323,6602,592,962,8097,902,400,586,1833,5617934,28332,1078473,0,0,0,0,0,0,0,0,0,0,0,0,0,1,0,0,0,0,0,0
715,PENNSYLVANIA,242,11.8,1983,1337.53,12.31,662.627,1237.02,3250.75,2227,5559,20644,15455,15743,9540,13491,20672,1985,141746,75.8,143923,74.9,70.5,81.1,74.9,80.3,61158.43,24200.25,27872.58,141054.1,2916.18,43251.72,94886.24,4524.3,28,46058,99.6,102.7,51786000,739000000,750000000,468000000,2370000000,1186,1186,334,338,6581,543,842,8026,926,445,614,1905,5738155,27570,1078324,0,0,0,0,0,0,0,0,0,0,0,0,0,0,1,0,0,0,0,0
716,PENNSYLVANIA,242,9.1,1984,1462.32,14.937,699.73,1239.91,3446.2,2374,5744,23391,16023,16227,10652,14157,21289,2188,149328,81.1,151405,80.4,78.3,83.1,80.3,82.5,60661.77,23961.42,27784.41,145339,2916.18,43644.65,98778.21,4654.8,28,46058,103.9,105.1,39688000,867000000,862000000,426000000,2570000000,1170,1170,352,357,6537,527,813,7933,1004,461,680,2014,5805361,27206,1248704,0,0,0,0,0,0,0,0,0,0,0,0,0,0,0,1,0,0,0,0
717,PENNSYLVANIA,242,8,1985,1409.07,10.045,646.939,1197.26,3289.02,2291,5962,23890,16365,16482,10967,14806,21932,2435,153607,80.3,155809,79.5,77.8,81.9,79.4,83.5,60244.69,23854.84,27563.1,145434,3290.36,40476.33,101667.3,4730.3,28,46058,107.6,107.2,55483000,1250000000,924000000,448000000,3020000000,1164,1164,357,360,6447,467,818,7773,1084,470,724,2140,5889416,27886,1291791,0,0,0,0,0,0,0,0,0,0,0,0,0,0,0,0,1,0,0,0
718,PENNSYLVANIA,242,6.8,1986,1318.41,14.904,631.912,1241.37,3253.56,2339,6640,23842,16973,16821,11679,15970,22215,2710,158492,79.2,160862,79,76.1,83,78.2,80.2,60020.81,23854.61,27421.79,150228.9,3118.29,40791.67,106318.9,4790.9,28,46058,109.6,108.8,60723000,1430000000,965000000,475000000,3320000000,1164,1164,359,360,6448,449,819,7773,1073,461,730,2140,6090520,28560,1357937,0,0,0,0,0,0,0,0,0,0,0,0,0,0,0,0,0,1,0,0
719,PENNSYLVANIA,242,5.7,1987,1381.07,11.603,659.058,1286.83,3426.36,2475,7199,25626,17924,18317,11775,15890,23673,2815,166419,81.4,169234,81.4,78.6,85.4,79.9,82.5,59836.1,24040.19,27073.9,155952.7,2952.51,40797.01,112203.2,4914.5,28,46058,113.6,110.4,69551000,1510000000,1020000000,480000000,3470000000,1147,1147,376,376,6529,413,840,7783,907,445,758,2180,6180970,29991,1431245,0,0,0,0,0,0,0,0,0,0,0,0,0,0,0,0,0,0,1,0
720,PENNSYLVANIA,242,5.1,1988,1466.21,7.22,692.733,1316.05,3584.83,2598,7426,28292,18533,19529,12156,17218,24563,2503,175290,84,177793,83.9,82.5,86,82.3,84.2,59912.6,24206.95,26963.57,162151.9,2811.92,41107.01,118233,5033.9,28,46058,118.3,113.2,62654000,1500000000,1080000000,503000000,3580000000,1142,1142,386,386,6598,410,814,7795,930,355,682,2163,6253550,30355,1482124,0,0,0,0,0,0,0,0,0,0,0,0,0,0,0,0,0,0,0,1
721,RHODE ISLAND,144,0,1969,0.24,0.039,23.503,161.55,206.71,4,707,1717,844,647,557,932,1382,57,9788,86.9,9845,86.8,86.3,86.6,86.5,95.8,4310.21,2264.59,1473.37,5437.28,30.83,1776.36,3630.09,346.4,3,1545,36.7,38.2,3998000,48728000,14373000,3896000,81954000,11,31,36,61,76,11,41,136,188,25,52,330,416787,1013,52005,1,0,0,0,0,0,0,0,0,0,0,0,0,0,0,0,0,0,0,0
722,RHODE ISLAND,144,5.2,1970,0.23,0.035,25.62,167.51,217.74,5,664,1627,789,678,577,962,1378,63,9761,80.8,9824,79.7,76.7,82.9,79.1,95.4,4451.24,2278.2,1581.31,5610.11,31.97,1735.68,3842.46,344.1,3,1545,38.8,40,3999000,30987000,15232000,4547000,68484000,11,32,35,61,78,3,31,138,192,27,53,328,433262,963,54052,0,1,0,0,0,0,0,0,0,0,0,0,0,0,0,0,0,0,0,0
723,RHODE ISLAND,144,6.8,1971,0.21,0.014,26.201,173.86,230.73,4,611,1583,841,709,603,987,1398,60,9789,79.2,9849,78.2,74.3,82.8,77.4,93.9,4493.55,2224.37,1697.34,5845.79,33.11,1776.38,4036.3,342.8,3,1545,40.5,41.4,2813000,26451000,16436000,5228000,68991000,11,32,14,68,60,13,47,138,155,37,59,289,451467,990,56590,0,0,1,0,0,0,0,0,0,0,0,0,0,0,0,0,0,0,0,0
724,RHODE ISLAND,144,6.5,1972,0.16,0.062,22.966,173.48,232.08,6,613,1723,901,751,664,1038,1377,58,10189,84.3,10247,83.7,80.9,86.6,82.5,94.6,4498.12,2179.26,1755.15,6109.18,37.11,1818.41,4253.65,358.1,3,1545,41.8,42.3,4209000,28438000,17400000,5805000,72550000,11,32,14,68,61,14,48,138,155,38,58,287,475251,1020,60013,0,0,0,1,0,0,0,0,0,0,0,0,0,0,0,0,0,0,0,0
725,RHODE ISLAND,144,4.6,1973,0.15,0.047,20.888,165.81,227.18,5,571,1905,941,804,656,1074,1423,52,10444,88.4,10496,88.1,87.5,87.5,86.5,92.9,4490.52,2164.89,1769.75,6470.03,39.25,1873.92,4556.86,365.9,3,1545,44.4,43.7,3422000,30357000,17012000,7473000,169000000,10,32,15,69,64,14,48,138,154,36,55,280,497519,931,64380,0,0,0,0,1,0,0,0,0,0,0,0,0,0,0,0,0,0,0,0
726,RHODE ISLAND,144,5.3,1974,0.95,0.047,24.09,147.9,210.89,4,508,1912,840,781,645,1001,1418,52,9836,84.2,9888,83.8,82.7,84,82.8,86.8,4463.83,2139.15,1770.11,6799.79,41.28,1964.98,4793.53,367,3,1545,49.3,50,1849000,42020000,20498000,7905000,93962000,11,31,13,67,61,14,49,138,154,35,54,279,499918,928,67005,0,0,0,0,0,1,0,0,0,0,0,0,0,0,0,0,0,0,0,0
727,RHODE ISLAND,144,10.9,1975,0.15,0.036,23.453,136.82,202.38,4,442,1784,744,729,607,997,1341,52,9381,74.6,9433,73.2,70.2,76.4,73.5,84,4437.89,2095.73,1781.06,6123.78,42.78,1995.77,4085.23,349.2,3,1545,53.8,57.9,2590000,21239000,18816000,9867000,71969000,10,32,15,73,63,14,48,138,161,34,53,286,498777,920,62944,0,0,0,0,0,0,1,0,0,0,0,0,0,0,0,0,0,0,0,0
728,RHODE ISLAND,144,8.1,1976,0.15,0.034,20.966,141.1,211.77,5,460,2028,794,758,648,1030,1415,56,9912,79.3,9968,78.5,75.4,81.8,77.8,84.8,4443.85,2052.81,1801.9,6286.71,46.4,2046.75,4193.56,366.7,3,1545,56.9,61.3,807000,40976000,23494000,6762000,94066000,39,62,66,67,76,40,44,242,104,47,63,227,512426,1083,71932,0,0,0,0,0,0,0,1,0,0,0,0,0,0,0,0,0,0,0,0
729,RHODE ISLAND,144,8.6,1977,0.117,0.037,25.964,144.212,219.34,7,452,2237,841,756,576,1010,1589,68,10408,83.3,10323,82.8,80.3,85.2,81.9,84.6,4442.7,2016.8,1769.88,6499.15,48.46,2107.13,4343.56,381.7,3,1545,60,.6     65,308000,19090000,24432000,8416000,73919000,39,62,66,67,76,40,44,242,97,53,69,232,588017,1235,80074,0,0,0,0,0,0,0,0,1,0,0,0,0,0,0,0,0,0,0,0
730,RHODE ISLAND,144,6.6,1978,0.123,0.042,23.339,133.374,207.73,17,418,2259,871,757,626,1030,1604,82,10570,85.5,10610,85.1,83.5,86.2,84.3,84.8,4430.52,1988.83,1748.08,6803.93,50.02,2189.12,4564.78,395.8,3,1545,65,.2     70,339000,17023000,29056000,9337000,79050000,39,62,66,67,76,40,44,242,93,56,72,232,574829,1798,78296,0,0,0,0,0,0,0,0,0,1,0,0,0,0,0,0,0,0,0,0
731,RHODE ISLAND,144,6.6,1979,0.122,0.035,27.526,117.269,196.35,15,383,2249,875,761,667,1061,1625,84,10780,86.2,10734,85.4,84.9,85.1,84.8,85.9,4411.8,1959.41,1725.25,7154.94,51.95,2277.09,4825.91,400,3,1545,72,.6     76,1559000,29629000,27581000,10430000,90601000,39,62,66,67,76,40,44,242,88,59,75,232,509336,1671,73992,0,0,0,0,0,0,0,0,0,0,1,0,0,0,0,0,0,0,0,0
732,RHODE ISLAND,144,7.2,1980,0.165,0.013,28.21,104.613,180.91,8,309,2101,856,755,661,1039,1643,94,10573,82.1,10518,80.2,78.6,81.4,81.3,85.5,4396.27,1928.9,1712.92,7057.35,41.27,2275.27,4740.82,398.3,3,1545,82,.4     86,1715000,32432000,28800000,10971000,96211000,35,51,59,59,97,27,39,231,79,47,71,209,542462,1617,78849,0,0,0,0,0,0,0,0,0,0,0,1,0,0,0,0,0,0,0,0
733,RHODE ISLAND,144,7.6,1981,0.192,0.001,29.845,93.498,171.2,7,258,2219,877,763,664,1040,1710,70,10757,80.9,10848,78.8,76.6,81,79.1,82.8,4342.84,1906.68,1670.79,7323.77,40.83,2347.66,4935.28,401.4,3,1545,90,.9     94,1818000,34089000,28104000,11342000,96435000,32,39,51,52,118,15,33,221,69,34,68,186,519002,1596,75428,0,0,0,0,0,0,0,0,0,0,0,0,1,0,0,0,0,0,0,0
734,RHODE ISLAND,144,10.2,1982,0.197,0.036,28.878,90.896,170.99,8,227,1921,872,756,684,1055,1754,109,10502,75,10592,72.8,69,78,74.6,79.5,4302.36,1878.8,1653.83,7503.27,39.49,2385.03,5078.76,390.6,3,1545,96,.5    100,2835000,48138000,28813000,10043000,111000000,28,28,44,44,139,2,28,210,60,22,64,163,507284,1562,77214,0,0,0,0,0,0,0,0,0,0,0,0,0,1,0,0,0,0,0,0
735,RHODE ISLAND,144,8.3,1983,0.172,0.032,30.06,93.295,175.6,6,246,1868,908,797,722,1146,1842,131,10810,75.8,11022,74.9,70.5,81.1,74.9,80.3,4251.45,1860.02,1629.5,7684.1,38.03,2372.72,5273.35,396.3,3,1545,99,.6    102,3497000,50971000,28641000,11043000,113000000,21,21,49,49,139,2,28,210,69,26,75,189,518803,1525,78010,0,0,0,0,0,0,0,0,0,0,0,0,0,0,1,0,0,0,0,0
736,RHODE ISLAND,144,5.3,1984,0.225,0.02,32.64,97.413,183.27,7,284,2327,956,809,799,1252,1868,113,11698,81.1,12011,80.4,78.3,83.1,80.3,82.5,4230.74,1860.07,1590.94,8001.04,38.03,2394.27,5568.73,416.4,3,1545,103,.9    105,15770000,88529000,29902000,12753000,159000000,21,21,49,49,127,1,23,186,84,26,89,232,538307,1540,82528,0,0,0,0,0,0,0,0,0,0,0,0,0,0,0,1,0,0,0,0
737,RHODE ISLAND,144,4.9,1985,0.213,4.349,30.86,108.963,194.82,6,320,2303,967,832,854,1351,1981,185,12154,80.3,12572,79.5,77.8,81.9,79.4,83.5,4254.36,1884.03,1569.5,8191.84,72.65,2249.19,5870,429.2,3,1545,107,.6    107,5098000,98108000,32559000,11024000,170000000,21,21,49,49,115,0,17,161,98,25,103,275,518896,1595,89583,0,0,0,0,0,0,0,0,0,0,0,0,0,0,0,0,1,0,0,0
738,RHODE ISLAND,144,4,1986,0.705,0.066,27.118,112.062,194.11,8,376,2457,1001,880,951,1513,2075,278,12940,79.2,13283,79,76.1,83,78.2,80.2,4267.04,1910.62,1557.01,8540.86,68.85,2266.72,6205.29,442.5,3,1545,109,.6    108,5847000,136000000,31562000,13967000,229000000,21,21,49,49,119,0,15,161,100,21,76,235,531663,1563,98592,0,0,0,0,0,0,0,0,0,0,0,0,0,0,0,0,0,1,0,0
739,RHODE ISLAND,144,3.8,1987,0.13,0.088,36.936,114.291,207.12,9,427,2625,1001,960,974,1551,2235,223,13633,81.4,13856,81.4,78.6,85.4,79.9,82.5,4252.4,1929.34,1527.46,8946.02,65.19,2267.01,6613.82,451.4,3,1545,113,.6    110,9216000,156000000,35852000,14852000,246000000,21,21,49,49,117,0,18,158,107,27,71,238,543768,1590,108466,0,0,0,0,0,0,0,0,0,0,0,0,0,0,0,0,0,0,1,0
740,RHODE ISLAND,144,3.1,1988,4.386,6.937,31.618,119.08,214.39,11,461,2750,1001,1029,996,1683,2288,231,14286,84,14517,83.9,82.5,86,82.3,84.2,4332.13,1980.89,1544.23,9424.25,62.09,2284.24,7077.92,456,3,1545,118,.3    113,5917000,168000000,26137000,16027000,253000000,21,21,49,49,116,0,17,158,112,25,61,238,555313,1536,113964,0,0,0,0,0,0,0,0,0,0,0,0,0,0,0,0,0,0,0,1
741,SOUTH CAROLINA,545,0,1969,131.994,32.273,145.896,279.79,659.8,48,1780,1728,3487,1545,1140,2039,2077,608,20070,86.9,20678,86.8,86.3,86.6,86.5,95.8,8250.43,4003.53,3152.11,24322.74,1129.22,8480.32,14713.2,819.8,7,32007,36.7,38.2,6148000,68697000,42012000,10522000,132000000,415,769,31,59,3669,471,794,4527,225,32,112,474,1066416,7648,237320,1,0,0,0,0,0,0,0,0,0,0,0,0,0,0,0,0,0,0,0
742,SOUTH CAROLINA,545,5,1970,140.118,24.064,164.305,301.844,706.46,51,1631,1741,3567,1570,1160,2089,2179,635,20289,80.8,20924,79.7,76.7,82.9,79.1,95.4,8694.41,4102.9,3403.39,26387.6,1170.79,9830.73,15386.08,842,7,32007,38.8,40,6441000,94864000,47550000,11296000,166000000,374,718,74,106,3567,430,739,4358,293,75,204,643,1101308,7985,250518,0,1,0,0,0,0,0,0,0,0,0,0,0,0,0,0,0,0,0,0
743,SOUTH CAROLINA,545,5.3,1971,152.014,36.515,160.638,316.781,741.77,55,1563,1799,3807,1566,1242,2216,2292,693,20933,79.2,21626,78.2,74.3,82.8,77.4,93.9,9115.22,4235.03,3527.22,27298.7,1212.69,10061.21,16024.8,862.6,7,32007,40.5,41.4,6760000,112000000,51562000,12012000,188000000,440,681,74,96,3503,494,827,4393,284,77,223,670,1119200,8526,255239,0,0,1,0,0,0,0,0,0,0,0,0,0,0,0,0,0,0,0,0
744,SOUTH CAROLINA,545,4.2,1972,174.934,34.744,148.156,336.171,797.99,66,1625,2130,4201,1608,1377,2425,2416,647,22509,84.3,23156,83.7,80.9,86.6,82.5,94.6,9554.06,4348.79,3730.4,28224.77,1169.95,10299.28,16755.54,920.3,7,32007,41.8,42.3,12021000,123000000,55039000,14796000,207000000,490,676,74,92,3477,545,895,4443,254,77,237,670,1202961,8724,285704,0,0,0,1,0,0,0,0,0,0,0,0,0,0,0,0,0,0,0,0
745,SOUTH CAROLINA,545,4.1,1973,167.908,40.597,157.128,366.584,849.72,74,1772,2431,4535,1769,1455,2648,2680,594,24325,88.4,24919,88.1,87.5,87.5,86.5,92.9,10014.14,4508.21,3943.79,29549.55,1237.21,10613.71,17698.63,984,7,32007,44.4,43.7,14046000,131000000,56229000,18701000,229000000,490,680,74,92,3423,545,875,4452,240,77,174,667,1280116,8907,312091,0,0,0,0,1,0,0,0,0,0,0,0,0,0,0,0,0,0,0,0
746,SOUTH CAROLINA,545,5.9,1974,155.268,36.082,135.291,358.633,821.71,77,1776,2387,4116,1805,1448,2591,2834,731,24422,84.2,25153,83.8,82.7,84,82.8,86.8,10637.46,4644.35,4353.87,30901.75,1301.34,11129.41,18471,1015.8,7,32007,49.3,50,12063000,162000000,64346000,20824000,267000000,510,680,74,89,3396,564,945,4518,241,77,177,680,1334366,9106,327536,0,0,0,0,0,1,0,0,0,0,0,0,0,0,0,0,0,0,0,0
747,SOUTH CAROLINA,545,8.7,1975,140.171,45.926,125.9,341.593,804.57,65,1431,2094,3948,1735,1468,2610,2921,684,23799,74.6,24483,73.2,70.2,76.4,73.5,84,11097.59,4728.06,4703.64,34992.84,1348.54,12374.46,21269.84,982.6,7,32007,53.8,57.9,10154000,167000000,64913000,25181000,283000000,533,695,66,77,3370,585,979,4528,219,70,160,659,1400479,9325,362558,0,0,0,0,0,0,1,0,0,0,0,0,0,0,0,0,0,0,0,0
748,SOUTH CAROLINA,545,6.9,1976,171.042,35.418,152.416,394.671,926.39,61,1428,2397,4780,1912,1521,2843,2983,650,25654,79.3,26304,78.5,75.4,81.8,77.8,84.8,11500.56,4766.46,5060.31,35544.29,1249.41,12690.55,21604.33,1038.1,7,32007,56.9,61.3,11199000,123000000,68167000,27476000,251000000,603,684,76,82,4325,653,1069,5623,122,78,135,444,1402938,10350,356910,0,0,0,0,0,0,0,1,0,0,0,0,0,0,0,0,0,0,0,0
749,SOUTH CAROLINA,545,7.2,1977,189.564,31.831,141.634,428.324,963.89,78,1349,2716,5776,2168,1432,2912,3116,612,27656,83.3,27791,82.8,80.3,85.2,81.9,84.6,11653.18,4715.39,5260.99,36518.61,1304.68,13064.95,22148.98,1081.7,7,32007,60.6,65.2,12355000,124000000,75762000,21822000,267000000,616,686,74,79,4321,666,1132,5729,116,76,131,448,1462028,10414,385143,0,0,0,0,0,0,0,0,1,0,0,0,0,0,0,0,0,0,0,0
750,SOUTH CAROLINA,545,5.7,1978,192.321,33.227,121.336,427.824,958.03,85,1393,2889,5955,2421,1628,3101,3300,666,29230,85.5,29587,85.1,83.5,86.2,84.3,84.8,11911.5,4700.13,5466.48,37807.33,1346.88,13573.32,22887.13,1137.5,7,32007,65.2,70.3,13011000,149000000,88799000,32160000,305000000,620,681,77,79,4280,670,1154,5734,106,79,136,448,1503313,10569,409947,0,0,0,0,0,0,0,0,0,1,0,0,0,0,0,0,0,0,0,0
751,SOUTH CAROLINA,545,5,1979,206.761,40.983,121.479,406.091,951.27,85,1378,3119,6269,2635,1735,3186,3556,677,30692,86.2,30989,85.4,84.9,85.1,84.8,85.9,12263.76,4689.82,5769.91,39198.08,1398.67,14118.75,23680.66,1176,7,32007,72.6,76.7,19020000,165000000,101000000,38841000,339000000,624,680,79,80,4244,674,1172,5728,110,82,148,477,1522385,10918,441039,0,0,0,0,0,0,0,0,0,0,1,0,0,0,0,0,0,0,0,0
752,SOUTH CAROLINA,545,6.9,1980,245.769,31.421,146.922,366.513,977.15,86,1330,3145,6086,2777,1775,3076,3659,539,30919,82.1,31303,80.2,78.6,81.4,81.3,85.5,12577.08,4671.24,6066.85,40311.84,1284.46,15029.01,23998.37,1188.8,7,32007,82.4,86,8022000,173000000,106000000,38938000,349000000,642,679,79,80,4286,456,1003,5510,120,57,163,455,1533081,11024,451888,0,0,0,0,0,0,0,0,0,0,0,1,0,0,0,0,0,0,0,0
753,SOUTH CAROLINA,545,8.4,1981,266.523,13.136,145.189,350.341,986.73,73,1264,3202,6231,2843,1896,3167,3922,711,31821,80.9,32533,78.8,76.6,81,79.1,82.8,12972.01,4633.78,6405.63,41342.05,1270.91,15507.22,24563.92,1196.1,7,32007,90.9,94.4,3008000,140000000,106000000,43701000,325000000,659,678,79,79,4329,238,835,5292,131,31,177,434,1499066,11287,459998,0,0,0,0,0,0,0,0,0,0,0,0,1,0,0,0,0,0,0,0
754,SOUTH CAROLINA,545,10.8,1982,271.483,25.396,101.043,322.812,947.35,67,1141,2918,6085,2763,1918,3148,4014,779,31251,75,31940,72.8,69,78,74.6,79.5,13110.97,4522.2,6591.27,41914.56,1229.06,15754.04,24931.46,1162,7,32007,96.5,100,8744000,152000000,122000000,48096000,360000000,677,677,79,79,4371,20,666,5074,141,6,192,412,1518689,11677,444376,0,0,0,0,0,0,0,0,0,0,0,0,0,1,0,0,0,0,0,0
755,SOUTH CAROLINA,545,10,1983,233.856,32.589,104.376,335.406,981.19,83,1294,3308,6673,3049,1951,3467,4171,569,33438,75.8,33914,74.9,70.5,81.1,74.9,80.3,13172.84,4448.16,6638.11,42318.87,1183.76,15672.71,25462.4,1189,7,32007,99.6,102.7,15499000,174000000,133000000,47935000,391000000,647,647,109,109,4161,29,692,4945,191,44,352,645,1578316,12077,467402,0,0,0,0,0,0,0,0,0,0,0,0,0,0,1,0,0,0,0,0
756,SOUTH CAROLINA,545,7.1,1984,244.04,32.797,111.248,346.805,1027.57,101,1493,3987,6800,3348,2254,3844,4512,728,36101,81.1,36736,80.4,78.3,83.1,80.3,82.5,13211.81,4462.6,6617.87,43299.52,1183.76,15815.09,26300.67,1262.5,7,32007,103.9,105.1,29632000,228000000,142000000,49734000,460000000,673,673,111,111,4262,4,582,4920,198,45,351,653,1626800,12587,488959,0,0,0,0,0,0,0,0,0,0,0,0,0,0,0,1,0,0,0,0
757,SOUTH CAROLINA,545,6.8,1985,262.653,18.971,100.198,346.137,1037.76,94,1506,4156,6832,3369,2339,4176,4623,757,37294,80.3,37687,79.5,77.8,81.9,79.4,83.5,13391.24,4491.38,6718.13,48248.27,1083.29,17423.74,29741.24,1296.2,7,32007,107.6,107.2,6263000,236000000,152000000,59668000,490000000,673,673,111,111,4238,5,626,4936,207,23,345,671,1683435,13084,525079,0,0,0,0,0,0,0,0,0,0,0,0,0,0,0,0,1,0,0,0
758,SOUTH CAROLINA,545,6.2,1986,263.934,12.989,101.506,358.24,1080.49,102,1616,4390,7308,3532,2520,4654,4660,704,39532,79.2,39281,79,76.1,83,78.2,80.2,14130.46,4551.54,7321.87,49543.22,1026.64,17559.49,30957.09,1338,7,32007,109.6,108.8,22518000,242000000,148000000,77609000,521000000,674,674,115,115,4254,2,633,4958,219,33,379,713,1737037,13360,553811,0,0,0,0,0,0,0,0,0,0,0,0,0,0,0,0,0,1,0,0
759,SOUTH CAROLINA,545,5.6,1987,295.326,22.649,108.62,367.2,1123.67,113,1600,4970,7769,3844,2541,4710,4759,804,41472,81.4,42276,81.4,78.6,85.4,79.9,82.5,14442.05,4628.87,7483.05,50982.71,972.06,17561.79,32448.86,1392.5,7,32007,113.6,110.4,10175000,308000000,177000000,97871000,637000000,673,673,117,117,4231,23,686,4959,196,36,448,711,1782844,13633,569667,0,0,0,0,0,0,0,0,0,0,0,0,0,0,0,0,0,0,1,0
760,SOUTH CAROLINA,545,4.5,1988,301.779,6.957,115.343,375.097,1142.75,135,1655,5777,7906,4248,2597,5077,5022,825,44070,84,44895,83.9,82.5,86,82.3,84.2,14869.23,4777.93,7699.44,52312.05,925.77,17695.23,33691.05,1447.8,7,32007,118.3,113.2,18495000,335000000,195000000,77392000,660000000,673,673,117,117,4153,17,695,4959,199,34,425,712,1799425,13689,600798,0,0,0,0,0,0,0,0,0,0,0,0,0,0,0,0,0,0,0,1
761,SOUTH DAKOTA,446,0,1969,5.503,66.34,33.995,97.699,158.7,99,409,115,170,558,358,688,765,1164,4667,86.9,5831,86.8,86.3,86.6,86.5,95.8,4173.17,3034.09,880.23,9202.46,2380.78,246.97,6574.71,172.9,1,77121,36.7,38.2,2307000,58928000,29557000,4548000,103000000,414,697,13,19,5064,414,478,5571,43,13,29,113,287906,1759,128289,1,0,0,0,0,0,0,0,0,0,0,0,0,0,0,0,0,0,0,0
762,SOUTH DAKOTA,446,3.3,1970,5.674,69.037,36.464,103.676,167.57,85,360,129,170,546,356,687,774,1249,4615,80.8,5864,79.7,76.7,82.9,79.1,95.4,4261.98,3081.08,912.26,9436.08,2468.42,240.71,6726.96,175.4,1,77121,38.8,40,2857000,67108000,27320000,5059000,108000000,442,695,15,22,5054,442,506,5589,44,15,31,117,291154,1794,133449,0,1,0,0,0,0,0,0,0,0,0,0,0,0,0,0,0,0,0,0
763,SOUTH DAKOTA,446,3.7,1971,5.817,81.497,31.959,106.459,169.06,98,367,142,176,557,381,712,750,1333,4732,79.2,6065,78.2,74.3,82.8,77.4,93.9,4333.46,3131.49,940.78,9688.61,2556.75,246.36,6885.5,179,1,77121,40.5,41.4,2223000,70012000,29638000,5905000,114000000,469,696,13,19,5023,469,543,5602,41,13,30,114,299696,1812,140181,0,0,1,0,0,0,0,0,0,0,0,0,0,0,0,0,0,0,0,0
764,SOUTH DAKOTA,446,3.7,1972,5.309,77.141,34.214,111.45,177.98,102,390,164,220,596,409,744,839,1420,5061,84.3,6481,83.7,80.9,86.6,82.5,94.6,4407.53,3145.05,991.66,10017.65,2697.39,252.19,7068.07,189.9,1,77121,41.8,42.3,1692000,73202000,33004000,7160000,123000000,512,699,12,16,4970,512,611,5620,33,13,33,113,311876,1908,148829,0,0,0,1,0,0,0,0,0,0,0,0,0,0,0,0,0,0,0,0
765,SOUTH DAKOTA,446,2.6,1973,6.341,50.25,31.283,110.484,175.63,86,437,202,269,643,442,841,887,1624,5424,88.4,7048,88.1,87.5,87.5,86.5,92.9,4501.83,3195.26,1033.61,10458.03,2852.47,259.88,7345.67,199.1,1,77121,44.4,43.7,1928000,79337000,37755000,8491000,137000000,528,715,13,17,5006,529,633,5681,110,0,0,110,323061,1945,161053,0,0,0,0,1,0,0,0,0,0,0,0,0,0,0,0,0,0,0,0
766,SOUTH DAKOTA,446,2.7,1974,7.356,59.11,32.044,102.219,171.39,90,447,214,232,673,475,823,1027,1293,5643,84.2,6936,83.8,82.7,84,82.8,86.8,4630.2,3238.72,1112.12,10832.66,3000.33,272.51,7559.82,206.6,1,77121,49.3,50,2410000,82819000,46011000,8975000,147000000,550,692,16,20,5020,550,664,5728,35,16,37,125,330865,2013,174046,0,0,0,0,0,1,0,0,0,0,0,0,0,0,0,0,0,0,0,0
767,SOUTH DAKOTA,446,3.7,1975,24.282,82.484,32.534,103.321,180.45,86,433,216,226,657,583,778,1054,1438,5716,74.6,7154,73.2,70.2,76.4,73.5,84,4732.91,3256.92,1188.28,11153.47,3109.14,504.08,7540.25,209.3,1,77121,53.8,57.9,1218000,78284000,51816000,9600000,151000000,560,685,20,23,5057,560,692,5793,36,20,40,133,336062,2069,182765,0,0,0,0,0,0,1,0,0,0,0,0,0,0,0,0,0,0,0,0
768,SOUTH DAKOTA,446,3.4,1976,37.063,73.146,39.168,103.189,193.75,103,497,272,271,686,578,842,1061,832,6090,79.3,6922,78.5,75.4,81.8,77.8,84.8,4840.82,3291.01,1263.05,11058.96,2946.3,516.95,7595.71,218.6,1,77121,56.9,61.3,1544000,80514000,52546000,12492000,157000000,598,671,20,20,5597,598,731,6373,39,20,41,132,343668,2089,195906,0,0,0,0,0,0,0,1,0,0,0,0,0,0,0,0,0,0,0,0
769,SOUTH DAKOTA,446,3.3,1977,35.614,55.241,36.097,104.512,195.2,113,520,321,266,773,461,857,1102,1133,6302,83.3,7411,82.8,80.3,85.2,81.9,84.6,4895.63,3274.12,1330.97,11324.24,3076.65,532.21,7715.39,226.6,1,77121,60.6,65.2,1384000,77090000,58009000,13186000,161000000,598,671,19,20,5647,598,729,6376,92,19,37,131,352821,2685,205191,0,0,0,0,0,0,0,0,1,0,0,0,0,0,0,0,0,0,0,0
770,SOUTH DAKOTA,446,3.1,1978,38.551,70.777,35.395,110.108,203.74,119,541,356,284,792,503,898,1201,1103,6684,85.5,7800,85.1,83.5,86.2,84.3,84.8,4998.01,3263.74,1425.71,11686.06,3176.16,552.91,7956.98,236.6,1,77121,65.2,70.3,1142000,91524000,70544000,14117000,189000000,604,670,21,21,5569,604,738,6378,32,21,44,132,360445,2790,217588,0,0,0,0,0,0,0,0,0,1,0,0,0,0,0,0,0,0,0,0
771,SOUTH DAKOTA,446,3.5,1979,35.473,65.839,25.611,118.19,203.38,96,482,410,319,804,539,899,1303,1353,6848,86.2,8164,85.4,84.9,85.1,84.8,85.9,5067.5,3244.97,1494.98,12084.49,3298.29,575.13,8211.07,241.4,1,77121,72.6,76.7,2047000,146000000,81022000,16391000,258000000,605,652,35,34,5543,605,742,6358,33,35,59,147,367586,2838,227660,0,0,0,0,0,0,0,0,0,0,1,0,0,0,0,0,0,0,0,0
772,SOUTH DAKOTA,446,4.9,1980,36.564,60.436,24.029,101.795,187.79,80,391,371,326,790,550,836,1414,1169,6765,82.1,7841,80.2,78.6,81.4,81.3,85.5,5125.45,3228.59,1547.83,11911.36,3839.03,569.28,7503.06,238,1,77121,82.4,86,1932000,120000000,69104000,17569000,224000000,622,622,37,37,5362,0,220,5725,23,0,26,114,369549,3002,228690,0,0,0,0,0,0,0,0,0,0,0,1,0,0,0,0,0,0,0,0
773,SOUTH DAKOTA,446,5.1,1981,36.204,55.461,22.1,92.695,176.19,91,352,372,332,790,561,830,1338,1380,6655,80.9,8009,78.8,76.6,81,79.1,82.8,5178.56,3222.48,1583.11,12036.85,3798.52,587.39,7650.94,236,1,77121,90.9,94.4,1231000,119000000,80799000,19100000,235000000,620,620,36,36,5369,0,220,5733,28,0,27,117,379662,3043,229701,0,0,0,0,0,0,0,0,0,0,0,0,1,0,0,0,0,0,0,0
774,SOUTH DAKOTA,446,5.5,1982,36.957,56.725,25.064,97.506,188.21,78,283,339,340,715,555,796,1321,1533,6340,75,7835,72.8,69,78,74.6,79.5,5162.24,3201.09,1567.02,11996.73,3673.44,596.74,7726.55,230.1,1,77121,96.5,100,1155000,102000000,82885000,20451000,223000000,616,616,40,40,5305,0,201,5738,33,0,25,113,376735,2164,236487,0,0,0,0,0,0,0,0,0,0,0,0,0,1,0,0,0,0,0,0
775,SOUTH DAKOTA,446,5.4,1983,30.709,58.133,23.583,92.331,182.46,91,288,387,349,753,550,824,1265,1191,6433,75.8,7660,74.9,70.5,81.1,74.9,80.3,5146.61,3199.35,1541.04,11982.06,3538.05,593.66,7850.35,235.3,1,77121,99.6,102.7,1015000,128000000,82488000,22169000,251000000,636,636,41,41,5322,0,195,5697,29,0,27,115,390543,2154,236761,0,0,0,0,0,0,0,0,0,0,0,0,0,0,1,0,0,0,0,0
776,SOUTH DAKOTA,446,4.3,1984,34.414,59.064,24.862,94.413,186.34,111,316,497,328,831,602,885,1218,1383,6783,81.1,8200,80.4,78.3,83.1,80.3,82.5,5148.18,3211.4,1514.07,12209.45,3538.05,599.05,8072.34,247,1,77121,103.9,105.1,1785000,159000000,88944000,23144000,293000000,636,636,41,41,5315,0,200,5694,29,0,26,112,405626,2044,235467,0,0,0,0,0,0,0,0,0,0,0,0,0,0,0,1,0,0,0,0
777,SOUTH DAKOTA,446,5.1,1985,34.53,55.135,25.454,98.308,193.47,108,317,484,323,825,588,895,1244,1510,6772,80.3,8418,79.5,77.8,81.9,79.4,83.5,5281.22,3231.13,1526.14,11305.15,3151.24,728.12,7425.79,249.4,1,77121,107.6,107.2,1531000,156000000,98251000,26586000,304000000,636,636,105,41,5360,1,213,5689,27,0,27,110,404220,1936,244196,0,0,0,0,0,0,0,0,0,0,0,0,0,0,0,0,1,0,0,0
778,SOUTH DAKOTA,446,4.7,1986,29.204,58.856,23.409,101.809,193.66,127,328,518,345,816,601,908,1181,1582,6829,79.2,8760,79,76.1,83,78.2,80.2,5280.75,3238.49,1508.18,11399.81,2986.45,733.8,7679.57,251.9,1,77121,109.6,108.8,609000,136000000,93273000,27853000,282000000,636,636,42,42,5381,0,200,5691,27,0,25,110,408778,1991,253291,0,0,0,0,0,0,0,0,0,0,0,0,0,0,0,0,0,1,0,0
779,SOUTH DAKOTA,446,4.2,1987,14.571,55.225,21.361,103.797,193.24,124,334,584,335,837,587,908,1171,1528,6925,81.4,8453,81.4,78.6,85.4,79.9,82.5,5396.83,3229.8,1628.48,11565.68,2827.68,733.89,8004.11,254.9,1,77121,113.6,110.4,1198000,142000000,88519000,28328000,285000000,621,636,42,42,5367,0,212,5687,28,0,25,108,409571,2019,262206,0,0,0,0,0,0,0,0,0,0,0,0,0,0,0,0,0,0,1,0
780,SOUTH DAKOTA,446,3.9,1988,33.805,54.103,24.711,105.93,203.24,120,327,666,354,915,603,966,1188,1093,7191,84,8284,83.9,82.5,86,82.3,84.2,5421.95,3227.74,1584.53,11763.85,2693.03,739.47,8331.36,264,1,77121,118.3,113.2,2352000,173000000,89132000,31895000,322000000,631,631,46,46,5390,1,210,5704,303,0,36,418,413668,2003,276961,0,0,0,0,0,0,0,0,0,0,0,0,0,0,0,0,0,0,0,1
781,TENNESSEE,547,0,1969,436.711,78.115,257.524,400.646,1304.83,264,2775,4197,4862,2422,2868,3370,3934,1012,34001,86.9,35013,86.8,86.3,86.6,86.5,95.8,20949.51,9280.24,8881.7,38417.96,2492.45,10688.43,25237.08,1309.8,10,42146,36.7,38.2,35975000,209000000,69889000,11216000,333000000,557,848,112,208,4450,558,795,5560,213,112,280,870,1583187,7185,380788,1,0,0,0,0,0,0,0,0,0,0,0,0,0,0,0,0,0,0,0
782,TENNESSEE,547,4.8,1970,403.739,84.656,261.784,407.29,1330.64,289,2424,4117,4783,2454,2838,3422,4071,1078,33691,80.8,34769,79.7,76.7,82.9,79.1,95.4,21687.41,9506.84,9310.7,40374.38,2584.2,11246.88,26543.3,1327.6,10,42146,38.8,40,29862000,217000000,76869000,14756000,351000000,635,837,110,190,4450,640,883,5645,208,125,278,861,1638268,7432,404292,0,1,0,0,0,0,0,0,0,0,0,0,0,0,0,0,0,0,0,0
783,TENNESSEE,547,5,1971,369.982,98.699,270.841,413.555,1328.48,301,2562,4319,5112,2556,3092,3673,4415,1121,35650,79.2,36771,78.2,74.3,82.8,77.4,93.9,22448.25,9660.19,9703.64,41983.03,2676.68,11510.56,27795.79,1356.8,10,42146,40.5,41.4,34484000,226000000,84185000,14568000,368000000,660,836,119,199,4462,664,915,5701,205,134,289,871,1703756,7527,424352,0,0,1,0,0,0,0,0,0,0,0,0,0,0,0,0,0,0,0,0
784,TENNESSEE,547,3.6,1972,444.324,115.537,283.375,456.282,1430.68,305,2717,5120,5736,2837,3414,4176,4880,1108,39295,84.3,40403,83.7,80.9,86.6,82.5,94.6,22886.75,9744.11,10025.31,43491.51,2478.96,11782.93,29229.62,1450.1,10,42146,41.8,42.3,20786000,241000000,86782000,15397000,393000000,693,853,126,189,4444,690,948,5715,220,143,299,899,1819121,7608,466906,0,0,0,1,0,0,0,0,0,0,0,0,0,0,0,0,0,0,0,0
785,TENNESSEE,547,3.9,1973,532.94,118.976,300.08,498.81,1572.48,316,2857,5759,6432,3115,3557,4604,5219,1028,42396,88.4,43424,88.1,87.5,87.5,86.5,92.9,23184.46,9861.13,10171.34,45836.89,2621.4,8    12142.6,5     31072.7,1531.1,10,42146,44.4,43.7,20317000,227000000,99733000,18304000,388000000,695,840,158,196,4415,696,96,5700,254,173,310,947,1938735,7796,520290,0,0,0,0,1,0,0,0,0,0,0,0,0,0,0,0,0,0,0,0
786,TENNESSEE,547,5.1,1974,470.34,122.871,265.37,483.62,1538.44,371,2801,5488,5938,3227,3477,4453,5397,944,42108,84.2,43052,83.8,82.7,84,82.8,86.8,23972.49,9981.1,10568.95,48060.68,2757.3,7    12732.6,4     32570.6,1558.2,10,42146,49.3,50,26848000,267000000,115000000,19938000,452000000,790,829,159,186,4425,799,106,5826,248,171,327,936,1987890,7906,572585,0,0,0,0,0,1,0,0,0,0,0,0,0,0,0,0,0,0,0,0
787,TENNESSEE,547,8.3,1975,471.92,122.852,224.07,504.19,1574.29,412,2531,4756,5828,3101,3490,4493,5333,936,41162,74.6,42098,73.2,70.2,76.4,73.5,84,24632.07,10093.2,10926.15,51076.68,2857.3,6    13795.8,1     34423.5,1505.7,10,42146,53.8,57.9,17559000,367000000,121000000,22721000,562000000,802,829,159,186,4439,783,104,5790,260,170,321,867,2092996,8303,624270,0,0,0,0,0,0,1,0,0,0,0,0,0,0,0,0,0,0,0,0
788,TENNESSEE,547,6,1976,561.51,98.277,218.48,566.22,1676.81,384,2604,5410,6448,3378,3754,4850,5484,1180,44129,79.3,45309,78.5,75.4,81.8,77.8,84.8,25153.79,10262.04,11162.86,52181.92,2898.5,0    14148.2,1     35135.2,1575.4,10,42146,56.9,61.3,11608000,345000000,127000000,26332000,555000000,818,818,172,172,4741,818,108,6120,288,175,375,999,2153922,8705,642213,0,0,0,0,0,0,0,1,0,0,0,0,0,0,0,0,0,0,0,0
789,TENNESSEE,547,6.3,1977,553.72,108.482,208.4,601.03,1736.28,399,2519,6315,7231,3502,3157,5225,5606,1160,46378,83.3,47941,82.8,80.3,85.2,81.9,84.6,25444.07,10346.22,11261.78,53812.7,3026.7,3    14565.6,1     36220.3,1648.1,10,42146,60.6,65.2,15832000,297000000,148000000,31352000,538000000,804,819,182,184,4980,804,109,6184,361,182,445,948,2307783,8774,679600,0,0,0,0,0,0,0,0,1,0,0,0,0,0,0,0,0,0,0,0
790,TENNESSEE,547,5.8,1978,564.71,91.006,189.2,631.04,1718.02,431,2739,6752,7623,3840,3444,5631,6034,1175,49978,85.5,51630,85.1,83.5,86.2,84.3,84.8,25820.64,10412.39,11411.71,55904.1,3124.6,3    15132.3,8     37647.0,1737,10,42146,65.2,70.3,22607000,341000000,167000000,33043000,610000000,817,828,182,188,5008,817,112,6220,367,182,457,973,2351910,9175,550137,0,0,0,0,0,0,0,0,0,1,0,0,0,0,0,0,0,0,0,0
791,TENNESSEE,547,5.8,1979,542.3,127.403,233.86,593.95,1754.23,383,2647,6848,7669,3983,3700,5736,6414,1231,51341,86.2,52759,85.4,84.9,85.1,84.8,85.9,26011.9,10468.24,11487.78,58207.51,3244.7,8    15740.4,5     39222.2,1777.3,10,42146,72.6,76.7,32900000,423000000,177000000,36154000,705000000,817,836,182,189,5043,833,117,6311,358,188,471,981,2337221,9424,648660,0,0,0,0,0,0,0,0,0,0,1,0,0,0,0,0,0,0,0,0
792,TENNESSEE,547,7.3,1980,576.89,91.045,233.34,530.87,1692.82,392,2318,6203,7246,3846,3687,5557,6707,1328,50309,82.1,51810,80.2,78.6,81.4,81.3,85.5,26321.05,10514.67,11609.5,58678.19,3119.3,1    15694.5,3     39864.3,1747.2,10,42146,82.4,86,21426000,453000000,189000000,35452000,750000000,836,836,194,194,4704,5,308,5101,235,5,216,610,2564551,10374,696420,0,0,0,0,0,0,0,0,0,0,0,1,0,0,0,0,0,0,0,0
793,TENNESSEE,547,9.1,1981,565.95,61.827,227.11,518.8,1654.63,389,2203,6491,7484,3836,3797,5602,6886,1581,51046,80.9,52804,78.8,76.6,81,79.1,82.8,26467.14,10529.66,11594.79,60244.5,3086.4,0    16193.9,2     40964.1,1757.1,10,42146,90.9,94.4,27773000,386000000,199000000,37161000,696000000,835,835,198,198,4594,8,384,5098,252,5,220,611,2870407,10745,652147,0,0,0,0,0,0,0,0,0,0,0,0,1,0,0,0,0,0,0,0
794,TENNESSEE,547,11.8,1982,470.66,102.125,212.13,503.16,1557.81,350,2114,5850,7423,3718,3874,5727,7177,1684,50195,75,51967,72.8,69,78,74.6,79.5,26394.65,10509.67,11408.42,61160.01,2984.7,7    16451.6,6     41723.5,1703,10,42146,96.5,100,33921000,333000000,233000000,35289000,674000000,833,833,196,196,4730,5,236,5082,348,8,285,803,2765974,11624,603618,0,0,0,0,0,0,0,0,0,0,0,0,0,1,0,0,0,0,0,0
795,TENNESSEE,547,11.5,1983,547.1,104.7,199.09,493.85,1602.09,355,2090,6536,7897,4163,3989,6080,7422,1349,52752,75.8,54217,74.9,70.5,81.1,74.9,80.3,26261.07,10523.47,11199.59,62031.97,2874.7,6    16366.7,3     42790.4,1719,10,42146,99.6,102.7,40402000,441000000,221000000,42618000,776000000,826,826,205,205,4835,6,241,5195,347,8,284,800,2904367,11228,621417,0,0,0,0,0,0,0,0,0,0,0,0,0,0,1,0,0,0,0,0
796,TENNESSEE,547,8.6,1984,555.27,105.097,211.31,546.86,1678.51,366,2350,8478,7523,4505,4551,6745,7855,1572,57203,81.1,58810,80.4,78.3,83.1,80.3,82.5,26236.06,10639.21,11069.53,63885.31,2874.7,6    16515.4,2     44495.1,1812,10,42146,103.9,105.1,26234000,468000000,257000000,42663000,837000000,808,808,205,237,4838,7,244,5202,370,26,313,832,2822315,11555,734791,0,0,0,0,0,0,0,0,0,0,0,0,0,0,0,1,0,0,0,0
797,TENNESSEE,547,8,1985,599.67,67.61,196.74,562.02,1651.53,364,2534,9006,7571,4642,4793,7252,8320,1596,59959,80.3,61337,79.5,77.8,81.9,79.4,83.5,26281.46,10744.85,11003,65065.25,3057.1,4    17420.9,8     44587.1,1867.8,10,42146,107.6,107.2,21970000,504000000,289000000,46573000,912000000,789,789,204,268,4840,8,246,5208,392,43,342,864,2944971,12049,796906,0,0,0,0,0,0,0,0,0,0,0,0,0,0,0,0,1,0,0,0
798,TENNESSEE,547,8,1986,607.42,54.645,194.02,588.62,1649.16,377,2785,9450,7835,5073,5383,7772,8534,1536,63272,79.2,64124,79,76.1,83,78.2,80.2,26428.43,10851.49,11049.49,67038.73,2897.2,6    17556.7,0     46584.7,1929.8,10,42146,109.6,108.8,37499000,513000000,286000000,44781000,917000000,788,788,269,269,4780,9,299,5227,341,35,409,884,3097473,12499,822248,0,0,0,0,0,0,0,0,0,0,0,0,0,0,0,0,0,1,0,0
799,TENNESSEE,547,6.6,1987,598.63,77.571,206.99,602.25,1690.89,398,2931,10333,8344,5917,5508,7670,9021,1718,67128,81.4,68846,81.4,78.6,85.4,79.9,82.5,26656.86,10949.55,11149.1,69377.31,2743.2,3    17559.0,0     49075.0,2008.5,10,42146,113.6,110.4,34306000,557000000,318000000,45907000,1000000000,788,788,274,274,4753,7,295,5208,339,32,387,881,3194605,12078,819882,0,0,0,0,0,0,0,0,0,0,0,0,0,0,0,0,0,0,1,0
800,TENNESSEE,547,5.8,1988,610.56,46.993,220.88,586.01,1719.12,438,2890,11624,8583,6238,5403,8237,9349,1646,70357,84,72003,83.9,82.5,86,82.3,84.2,26911.07,11110.42,11200.39,71707.9,2612.6,0    17692.4,2     51402.8,2065.8,10,42146,118.3,113.2,38611000,724000000,352000000,58142000,1220000000,787,787,275,275,4742,7,315,5198,340,26,397,907,3373276,12814,839400,0,0,0,0,0,0,0,0,0,0,0,0,0,0,0,0,0,0,0,1
801,TEXAS,648,0,1969,25.14,11.904,4024.72,2399.6,6466.29,40300,10731,11686,11647,12335,8514,11167,14771,3195,152496,86.9,155691,86.8,86.3,86.6,86.5,95.8,53639.88,25941.91,19345.25,213676.4,12336.7,6    31550.7,5    169788.9,3597.1,40,268601,36.7,38.2,68969000,587000000,193000000,83157000,1000000000,1406,2414,593,734,10842,1474,3199,14565,515,736,1451,2351,5016840,14286,1475259,1,0,0,0,0,0,0,0,0,0,0,0,0,0,0,0,0,0,0,0
802,TEXAS,648,4.4,1970,30.77,9.27,4203.88,2467.79,6729.45,43446,9769,10951,12608,12797,8800,11443,15414,3849,157073,80.8,160922,79.7,76.7,82.9,79.1,95.4,55700.45,26813.21,20198.19,220715.9,12790.8,8    34182.4,8    173742.5,3624.9,40,268601,38.8,40,60468000,646000000,209000000,97083000,1100000000,1498,2384,630,764,10659,1572,3330,14528,519,802,1531,2468,5127921,21255,1544104,0,1,0,0,0,0,0,0,0,0,0,0,0,0,0,0,0,0,0,0
803,TEXAS,648,4.9,1971,24.05,7.524,4482.58,2539.8,7052.94,43621,9400,10524,13237,13151,9545,12181,16051,3610,160478,79.2,164088,78.2,74.3,82.8,77.4,93.9,57213.27,27558.66,20770.47,224933.8,13248.6,3    34983.8,9    176701.3,3683.5,40,268601,40.5,41.4,55027000,640000000,222000000,108000000,1130000000,1602,2326,710,820,10351,1697,3513,14481,497,962,1634,2540,5335492,23919,1624858,0,0,1,0,0,0,0,0,0,0,0,0,0,0,0,0,0,0,0,0
804,TEXAS,648,4.5,1972,50.14,6.388,4531.78,2833.63,7408.59,44065,9757,11622,13489,14037,10623,13138,18046,3872,168488,84.3,172360,83.7,80.9,86.6,82.5,94.6,59134.01,28414.53,21746.62,229705.4,13197.2,5    35811.6,8    180696.5,3884.4,40,268601,41.8,42.3,44292000,601000000,239000000,129000000,1140000000,1708,2370,728,833,10167,1822,3694,14488,489,1022,1682,2582,5553182,24878,1737651,0,0,0,1,0,0,0,0,0,0,0,0,0,0,0,0,0,0,0,0
805,TEXAS,648,3.9,1973,125.91,14.344,4746.15,3117.65,8012.79,45304,10262,13275,14649,15486,10988,14171,19696,4372,179095,88.4,183467,88.1,87.5,87.5,86.5,92.9,60974.12,28683.18,23182.68,237780.5,13955.9,9    36904.9,8    186919.5,4141.7,40,268601,44.4,43.7,58222000,581000000,272000000,141000000,1180000000,1734,2351,768,856,9917,1859,3766,14457,474,1099,1773,2702,5880897,25443,1909305,0,0,0,0,1,0,0,0,0,0,0,0,0,0,0,0,0,0,0,0
806,TEXAS,648,4.3,1974,133.14,13.376,4584,3134.03,7865.08,45343,11095,14161,14792,16326,11319,14010,21708,3525,185554,84.2,189079,83.8,82.7,84,82.8,86.8,62734.61,28964.12,24359.78,245917.6,14679.4,1    38698.1,3    192540.1,4360.2,40,268601,49.3,50,57335000,707000000,298000000,169000000,1370000000,1793,2350,785,881,9810,1926,3872,14470,484,1125,1804,2765,6007106,26445,2019718,0,0,0,0,0,1,0,0,0,0,0,0,0,0,0,0,0,0,0,0
807,TEXAS,648,5.6,1975,196.17,16.486,4046.93,3066.37,7308.17,43980,11819,13653,15411,16828,12052,14788,23127,3979,189941,74.6,193920,73.2,70.2,76.4,73.5,84,64422.93,29304.44,25265.62,270830.2,15211.7,6    49245.4,7    206373.0,4462.9,40,268601,53.8,57.9,52019000,879000000,345000000,189000000,1630000000,1876,2359,805,877,9639,2021,4015,14471,437,1175,1849,2760,6217464,29350,2149675,0,0,0,0,0,0,1,0,0,0,0,0,0,0,0,0,0,0,0,0
808,TEXAS,648,5.7,1976,226.34,8.575,4074.69,3317.67,7615.9,42859,13931,14959,17737,17950,12957,16365,24185,4132,201410,79.3,205542,78.5,75.4,81.8,77.8,84.8,65863.92,29426.06,26208.59,274770.6,13654.1,2    50503.3,9    210613.1,4683.7,40,268601,56.9,61.3,32757000,647000000,351000000,226000000,1460000000,1923,2349,803,888,12336,2096,4274,17434,368,1158,1686,2448,6586572,31612,2351570,0,0,0,0,0,0,0,1,0,0,0,0,0,0,0,0,0,0,0,0
809,TEXAS,648,5.3,1977,288.19,11.662,4254.88,3665.34,8199.18,53285,14598,17706,19473,20292,10970,16680,24072,4296,220187,83.3,218733,82.8,80.3,85.2,81.9,84.6,67133.78,29487.23,27067.33,283942.5,14258.1,6    51993.3,4    217691.0,4906.8,40,268601,60.6,65.2,31699000,747000000,376000000,247000000,1620000000,1978,2366,745,869,12311,2155,4388,17544,428,1116,1602,2437,6970581,33135,2485395,0,0,0,0,0,0,0,0,1,0,0,0,0,0,0,0,0,0,0,0
810,TEXAS,648,4.8,1978,418.44,7.752,4329.77,3885.6,8619.81,54543,15760,19696,19583,20986,12854,18035,26120,4078,233262,85.5,232319,85.1,83.5,86.2,84.3,84.8,69034.04,29851.01,28069.78,295486.6,14719.3,5    54016.4,7    226750.8,5271.6,40,268601,65.2,70.3,34313000,949000000,452000000,265000000,1940000000,2015,2366,785,870,12143,2200,4506,17548,381,1160,1635,2437,7349070,31590,2770884,0,0,0,0,0,0,0,0,0,1,0,0,0,0,0,0,0,0,0,0
811,TEXAS,648,4.2,1979,587.64,12.159,4131.4,4228.17,8913.44,51595,15861,21557,20599,21994,14275,19014,28219,4651,240674,86.2,240424,85.4,84.9,85.1,84.8,85.9,71409.31,30308.65,29107.92,308526.9,15285.3,4    56187.0,4    237054.5,5601.8,40,268601,72.6,76.7,43791000,1120000000,521000000,283000000,2210000000,2022,2359,796,880,12089,2205,4502,17503,421,1176,1661,2506,7210280,32484,2758182,0,0,0,0,0,0,0,0,0,0,1,0,0,0,0,0,0,0,0,0
812,TEXAS,648,5.2,1980,734.14,4.136,4226.1,4090.98,8987.71,49345,14835,22959,18733,22988,15415,19037,29769,3998,242745,82.1,244359,80.2,78.6,81.4,81.3,85.5,74168.05,30933.19,30610.47,334167.5,16606.5,1    66017.7,4    251543.2,5851.2,40,268601,82.4,86,74803000,1800000000,565000000,308000000,2980000000,2130,2328,822,864,11889,1150,3306,16261,380,783,1294,2039,7484817,31531,2958468,0,0,0,0,0,0,0,0,0,0,0,1,0,0,0,0,0,0,0,0
813,TEXAS,648,5.3,1981,858.51,8.95,4052.34,3961.55,8809.84,47829,15028,25541,19308,24342,17100,20434,30885,5299,253012,80.9,254691,78.8,76.6,81,79.1,82.8,76260.44,31570.69,31658.99,349440.6,16431.3,0    68118.3,9    264890.9,6179.8,40,268601,90.9,94.4,82728000,1600000000,801000000,370000000,3150000000,2238,2296,847,847,11688,94,2109,15019,339,389,927,1572,7860366,35355,3227429,0,0,0,0,0,0,0,0,0,0,0,0,1,0,0,0,0,0,0,0
814,TEXAS,648,6.9,1982,931.07,10.686,3503.03,3805.85,8211.13,43009,14586,22509,19245,24925,18149,21395,31352,5347,249110,75,254508,72.8,69,78,74.6,79.5,78159.02,32349.61,32343.03,359069.1,15890.2,3    69202.5,6    273976.3,6263.4,40,268601,96.5,100,118000000,1490000000,887000000,348000000,3140000000,2236,2236,841,841,11749,67,2119,15065,295,452,1010,1570,7992738,38549,3356546,0,0,0,0,0,0,0,0,0,0,0,0,0,1,0,0,0,0,0,0
815,TEXAS,648,8,1983,1016.76,12.133,3335.52,3829.07,8203,43209,14819,21444,21116,25981,17673,22509,35543,5178,257936,75.8,257245,74.9,70.5,81.1,74.9,80.3,80067.98,32880.15,33412.51,364324.5,15304.5,6    68845.3,1    280174.6,6193.6,40,268601,99.6,102.7,160000000,1500000000,875000000,432000000,3290000000,2273,2273,843,843,11433,72,2441,15061,279,438,1034,1626,8159008,53845,3482625,0,0,0,0,0,0,0,0,0,0,0,0,0,0,1,0,0,0,0,0
816,TEXAS,648,5.9,1984,1074.87,11.102,3556.2,4130.98,8831.82,46099,15160,24476,23179,26947,19520,24439,36327,5121,274148,81.1,273685,80.4,78.3,83.1,80.3,82.5,82196.09,33234.72,34860.23,375341.6,15304.5,6    69470.7,4    290566.3,6492.4,40,268601,103.9,105.1,125000000,1510000000,872000000,471000000,3410000000,2279,2279,847,847,11271,92,2600,14983,274,462,1181,1702,8417227,51822,3702644,0,0,0,0,0,0,0,0,0,0,0,0,0,0,0,1,0,0,0,0
817,TEXAS,648,7,1985,1149,14.442,3514.37,4078.99,8860.58,46859,14754,26380,23382,27836,20648,25816,37622,6114,283975,80.3,283388,79.5,77.8,81.9,79.4,83.5,84303.17,33451.67,36146.6,362209.9,17373.4,5    68133.8,9    276702.6,6663.1,40,268601,107.6,107.2,114000000,1670000000,964000000,422000000,3820000000,2258,2258,890,890,11095,83,2691,14865,299,458,1291,1815,8562581,53726,3827880,0,0,0,0,0,0,0,0,0,0,0,0,0,0,0,0,1,0,0,0
818,TEXAS,648,8.9,1986,1162.75,20.13,3312.93,4065.7,8696.6,42760,13378,25281,23927,27361,21695,25904,34884,6132,276231,79.2,276313,79,76.1,83,78.2,80.2,87685.62,34476.42,37766.47,365378.9,16464.8,9    68664.7,1    280249.3,6564.2,40,268601,109.6,108.8,243000000,2880000000,1050000000,139000000,5220000000,2256,2256,925,925,10841,105,2912,14859,321,502,1354,1847,8499972,55360,3851276,0,0,0,0,0,0,0,0,0,0,0,0,0,0,0,0,0,1,0,0
819,TEXAS,648,8.4,1987,1203.94,21.717,3435.41,4258.96,9081.25,42526,11291,26493,25423,29830,20127,23964,33339,7038,274759,81.4,281797,81.4,78.6,85.4,79.9,82.5,91309.07,35549.05,39019.23,368624.4,15589.5,7    68673.7,1    284361.0,6497.8,40,268601,113.6,110.4,220000000,2760000000,1040000000,450000000,5210000000,2282,2282,926,926,11057,141,2713,14827,346,523,1354,1880,8398231,59025,3841106,0,0,0,0,0,0,0,0,0,0,0,0,0,0,0,0,0,0,1,0
820,TEXAS,648,7.3,1988,1264.11,12.316,3665.19,4393.21,9519.04,41702,10412,30333,26277,31923,19726,25227,33564,6678,282331,84,289009,83.9,82.5,86,82.3,84.2,94351.33,36718.22,39975.45,369738.5,14847.2,1    69195.5,3    285695.7,6646.9,40,268601,118.3,113.2,143000000,2980000000,1180000000,466000000,5490000000,2277,2277,930,930,10991,129,2641,14828,343,538,1160,1921,8455744,60075,3890394,0,0,0,0,0,0,0,0,0,0,0,0,0,0,0,0,0,0,0,1
821,UTAH,749,0,1969,78.45,11.673,110.89,168.84,392.3,855,729,1110,398,1044,686,959,1223,282,10317,86.9,10599,86.8,86.3,86.6,86.5,95.8,6494.16,3117.57,2724.19,11252.62,627.9,7     1540.0,8      9084.5,348.2,4,84904,36.7,38.2,5189000,94643000,19760000,4519000,125000000,295,813,67,82,1753,297,328,2180,26,74,112,197,468570,1116,131750,1,0,0,0,0,0,0,0,0,0,0,0,0,0,0,0,0,0,0,0
822,UTAH,749,6.1,1970,78.78,7.776,114.38,164.53,393.5,833,705,1081,432,1054,706,979,1279,306,10444,80.8,10750,79.7,76.7,82.9,79.1,95.4,6666.03,3281.38,2745.23,11621.13,651,9     1585.4,5      9384.6,357,4,84904,38.8,40,5501000,100000000,20519000,5595000,132000000,342,881,67,80,1778,344,377,2250,86,74,113,258,480455,1173,144242,0,1,0,0,0,0,0,0,0,0,0,0,0,0,0,0,0,0,0,0
823,UTAH,749,6.4,1971,78.74,10.312,113.88,178.36,411.42,814,767,1123,465,1105,750,1053,1360,308,10934,79.2,11242,78.2,74.3,82.8,77.4,93.9,6773.32,3381.43,2765.37,11981.62,674.3,9     1622.6,2      9684.6,369.3,4,84904,40.5,41.4,8209000,96776000,21739000,5837000,130000000,375,874,73,86,1783,376,400,2257,35,80,128,236,513572,1284,196411,0,0,1,0,0,0,0,0,0,0,0,0,0,0,0,0,0,0,0,0
824,UTAH,749,6.1,1972,77.58,12.691,116.4,184.72,424.18,888,925,1274,487,1196,829,1177,1510,301,11782,84.3,12083,83.7,80.9,86.6,82.5,94.6,6928.74,3497.85,2831.4,12493.5,809.7,6     1661.0,1     10022.7,393,4,84904,41.8,42.3,8244000,110000000,19717000,7678000,145000000,435,877,76,89,1749,436,460,2282,35,85,135,242,538479,1324,200704,0,0,0,1,0,0,0,0,0,0,0,0,0,0,0,0,0,0,0,0
825,UTAH,749,5.2,1973,98.85,11.537,116.34,189.61,454.28,967,976,1417,571,1297,883,1291,1588,277,12573,88.4,12850,88.1,87.5,87.5,86.5,92.9,7072.53,3583.37,2896.24,13079.28,856.3,1     1711.7,2     10511.2,414.8,4,84904,44.4,43.7,7772000,92980000,26553000,8568000,138000000,502,839,77,85,1652,505,529,2240,28,86,137,238,540230,1224,209859,0,0,0,0,1,0,0,0,0,0,0,0,0,0,0,0,0,0,0,0
826,UTAH,749,5.5,1974,107.65,9.828,115.21,198.72,470.49,1035,964,1461,509,1375,904,1278,1792,258,13009,84.2,13267,83.8,82.7,84,82.8,86.8,7239.52,3626.31,3013.28,13616.96,900.7,0     1794.8,9     10921.3,434.1,4,84904,49.3,50,7056000,90973000,30701000,8997000,139000000,523,823,91,100,1610,541,555,2219,25,95,115,162,588733,1063,219829,0,0,0,0,0,1,0,0,0,0,0,0,0,0,0,0,0,0,0,0
827,UTAH,749,6.8,1975,115.74,11.181,117.95,203.72,478.06,982,974,1323,552,1415,934,1328,1927,245,13237,74.6,13482,73.2,70.2,76.4,73.5,84,7373.63,3624.95,3142.26,16090.73,933.3,7     2436.4,4     12720.9,440.3,4,84904,53.8,57.9,4595000,95357000,34499000,11291000,157000000,528,822,93,101,1608,534,558,2216,26,96,118,163,587133,1080,256761,0,0,0,0,0,0,1,0,0,0,0,0,0,0,0,0,0,0,0,0
828,UTAH,749,5.7,1976,101.77,11.717,138.6,207,507.24,977,1171,1389,612,1503,971,1461,1987,272,14043,79.3,14315,78.5,75.4,81.8,77.8,84.8,7547.71,3670.07,3269.49,16584.22,1073.8,4     2498.6,8     13011.7,462.8,4,84904,56.9,61.3,5120000,105000000,39183000,11579000,176000000,589,831,103,113,2692,568,592,3316,35,106,128,181,605108,1100,271182,0,0,0,0,0,0,0,1,0,0,0,0,0,0,0,0,0,0,0,0
829,UTAH,749,5.3,1977,132.84,7.898,101,213.04,484.17,1121,1241,1539,694,1627,830,1516,2011,269,14917,83.3,15324,82.8,80.3,85.2,81.9,84.6,7716.92,3711.33,3373.46,17142.71,1121.3,5     2572.4,0     13448.9,488.7,4,84904,60.6,65.2,5774000,113000000,41174000,14881000,184000000,564,817,100,107,2588,568,622,3303,46,104,118,177,623258,1148,284061,0,0,0,0,0,0,0,0,1,0,0,0,0,0,0,0,0,0,0,0
830,UTAH,749,3.8,1978,143.94,7.601,113.32,217.88,508.13,1157,1265,1687,765,1811,964,1635,2299,267,16183,85.5,16611,85.1,83.5,86.2,84.3,84.8,7893.14,3721.36,3499.7,17874.79,1157.6,2     2672.4,9     14044.6,525.4,4,84904,65.2,70.3,4063000,110000000,48936000,15509000,190000000,571,817,102,106,2579,576,634,3308,35,106,122,173,657616,1148,303212,0,0,0,0,0,0,0,0,0,1,0,0,0,0,0,0,0,0,0,0
831,UTAH,749,4.3,1979,170.91,8.303,120.98,214.77,523.38,1058,1260,1850,830,1944,1076,1666,2457,317,16819,86.2,17291,85.4,84.9,85.1,84.8,85.9,8057.45,3734.37,3616.81,18707.02,1202.1,3     2799.8,8     14705.0,548.4,4,84904,72.6,76.7,6755000,163000000,49870000,14067000,246000000,605,811,105,108,2474,605,664,3315,27,105,142,177,670876,1180,312075,0,0,0,0,0,0,0,0,0,0,1,0,0,0,0,0,0,0,0,0
832,UTAH,749,6.3,1980,168.25,8.533,124.99,201.17,502,1095,1074,1931,813,2109,1114,1595,2483,351,17054,82.1,17639,80.2,78.6,81.4,81.3,85.5,8334.41,3801.07,3810.25,19165.89,1276.4,3     3232.0,6     14657.4,550.8,4,84904,82.4,86,5880000,202000000,60928000,13306000,294000000,649,677,107,107,2478,0,22,2577,27,0,35,68,678027,1152,313316,0,0,0,0,0,0,0,0,0,0,0,1,0,0,0,0,0,0,0,0
833,UTAH,749,6.7,1981,175.69,6.512,109.7,169.02,474.67,1224,1001,2073,857,2295,1192,1638,2610,345,17904,80.9,18093,78.8,76.6,81,79.1,82.8,8606.09,3841.88,4036.49,19798.38,1262.9,6     3334.9,0     15200.5,558,4,84904,90.9,94.4,6210000,184000000,62850000,13498000,281000000,653,681,99,99,2390,0,32,2498,26,0,36,68,698796,1133,332571,0,0,0,0,0,0,0,0,0,0,0,0,1,0,0,0,0,0,0,0
834,UTAH,749,7.8,1982,159.56,10.71,110.53,167.59,464.11,1058,942,1937,903,2261,1226,1650,2638,380,17638,75,17892,72.8,69,78,74.6,79.5,8908.45,3867.22,4309.84,20132.57,1221.3,7     3387.9,8     15523.2,560.3,4,84904,96.5,100,7584000,164000000,74272000,8681000,272000000,635,663,124,124,2376,0,21,2473,45,0,50,103,712027,1136,325248,0,0,0,0,0,0,0,0,0,0,0,0,0,1,0,0,0,0,0,0
835,UTAH,749,9.2,1983,160.24,14.663,118.45,177.45,487.92,945,1024,2109,982,2476,1248,1743,2719,362,18409,75.8,18570,74.9,70.5,81.1,74.9,80.3,9453.63,3925.74,4781.57,20339.64,1176.3,6     3370.4,9     15792.7,566.9,4,84904,99.6,102.7,6301000,195000000,85680000,6064000,311000000,643,681,125,125,2363,0,23,2465,48,0,43,106,735930,1139,337215,0,0,0,0,0,0,0,0,0,0,0,0,0,0,1,0,0,0,0,0
836,UTAH,749,6.5,1984,185.64,14.356,124.25,185.74,508.62,996,1223,2594,1096,2645,1370,1916,2839,353,20191,81.1,20177,80.4,78.3,83.1,80.3,82.5,10311.4,4014.23,5489.38,20850.77,1176.3,6     3401.1,1     16273.3,601.2,4,84904,103.9,105.1,6448000,243000000,93039000,20828000,399000000,667,706,127,127,2346,0,32,2463,47,0,45,106,748483,1147,340785,0,0,0,0,0,0,0,0,0,0,0,0,0,0,0,1,0,0,0,0
837,UTAH,749,5.9,1985,199.37,10.535,123.75,185.43,507.32,876,1194,2806,1157,2686,1457,2037,2930,391,21043,80.3,20920,79.5,77.8,81.9,79.4,83.5,11392,4150.02,6374.59,22757.3,1081.7,2     3299.4,2     18376.1,624.3,4,84904,107.6,107.2,8844000,296000000,107000000,17293000,478000000,685,721,127,127,2374,0,40,2525,51,1,42,105,739627,1154,358016,0,0,0,0,0,0,0,0,0,0,0,0,0,0,0,0,1,0,0,0
838,UTAH,749,6,1986,188.95,14.494,99.71,198.21,476.55,795,1049,2900,1204,2714,1569,2202,2743,438,21049,79.2,21193,79,76.1,83,78.2,80.2,11907.07,4251.97,6731.32,23079.2,1025.1,5     3325.1,2     18728.9,634.1,4,84904,109.6,108.8,4955000,240000000,100000000,21888000,404000000,708,745,132,132,2367,1,41,2522,41,1,52,102,749633,1141,359859,0,0,0,0,0,0,0,0,0,0,0,0,0,0,0,0,0,1,0,0
839,UTAH,749,6.4,1987,273.78,9.158,106.91,205.78,475.3,747,845,2960,1282,2837,1435,1992,2705,504,20910,81.4,21414,81.4,78.6,85.4,79.9,82.5,12164.66,4272.02,6917.94,23439.84,970.6,5     3325.5,6     19143.6,639.4,4,84904,113.6,110.4,4610000,220000000,107000000,27337000,395000000,715,752,137,137,2330,0,41,2490,40,1,57,106,753776,1148,359031,0,0,0,0,0,0,0,0,0,0,0,0,0,0,0,0,0,0,1,0
840,UTAH,749,4.9,1988,337.98,6.07,117.78,205.58,533.53,792,766,3297,1396,3031,1480,2171,2679,480,21894,84,22374,83.9,82.5,86,82.3,84.2,12235.57,4317.48,6888.17,23711.81,924.4,3     3350.8,3     19436.5,660.4,4,84904,118.3,113.2,2650000,269000000,120000000,27944000,445000000,733,771,140,140,2329,0,43,2490,37,1,58,106,786942,1155,371338,0,0,0,0,0,0,0,0,0,0,0,0,0,0,0,0,0,0,0,1
841,VIRGINIA,551,0,1969,328.716,7.37,132.739,663.591,1183.8,816,3679,3367,5132,3940,2152,4163,5498,921,47472,86.9,48393,86.8,86.3,86.6,86.5,95.8,20732.56,11264.21,6791.23,34706.84,1849.01,8205.02,24652.81,1436.4,14,42769,36.7,38.2,35767000,246000000,85054000,36237000,433000000,595,924,102,145,2119,614,1539,3887,310,12,198,615,1816787,8822,335669,1,0,0,0,0,0,0,0,0,0,0,0,0,0,0,0,0,0,0,0
842,VIRGINIA,551,3.4,1970,275.313,7.25,140.072,749.64,1227.93,883,3520,3233,5144,4070,2245,4262,5596,974,47295,80.8,48269,79.7,76.7,82.9,79.1,95.4,21582.28,11608.6,7256.95,36795.57,1917.07,8992.96,25885.55,1518.9,14,42769,38.8,40,38452000,293000000,102000000,39196000,496000000,670,923,102,139,1991,696,1708,3902,174,115,328,623,1894532,9099,359090,0,1,0,0,0,0,0,0,0,0,0,0,0,0,0,0,0,0,0,0
843,VIRGINIA,551,3.6,1971,230.248,11.77,147.758,813.274,1269.73,809,3499,3482,5474,4235,2512,4480,6016,933,49116,79.2,50049,78.2,74.3,82.8,77.4,93.9,22348.28,11917.89,7642.01,38243.38,1985.67,9203.8,27053.91,1567.2,14,42769,40.5,41.4,58552000,321000000,106000000,41195000,537000000,644,859,166,197,1945,687,1684,3794,152,178,448,742,2013427,9325,387464,0,0,1,0,0,0,0,0,0,0,0,0,0,0,0,0,0,0,0,0
844,VIRGINIA,551,3.6,1972,198.893,14.61,159.705,862.979,1323.17,871,3729,4082,5867,4612,2767,4920,6391,975,51952,84.3,52927,83.7,80.9,86.6,82.5,94.6,22927.01,12172.65,7901.07,39992.1,2186.78,9421.58,28383.74,1655.2,14,42769,41.8,42.3,39115000,309000000,106000000,40175000,532000000,682,846,168,199,1886,731,1731,3773,152,185,457,752,2167217,9823,425733,0,0,0,1,0,0,0,0,0,0,0,0,0,0,0,0,0,0,0,0
845,VIRGINIA,551,3.6,1973,195.912,13.69,156.669,887.406,1385.33,892,4116,4562,6596,5184,2998,5338,6720,861,55901,88.4,56762,88.1,87.5,87.5,86.5,92.9,23570.72,12581.86,8085.6,42155.45,2312.5,9709.21,30133.74,1753.4,14,42769,44.4,43.7,46916000,376000000,164000000,42895000,659000000,683,846,169,200,1823,750,1800,3776,144,185,473,766,2293648,10255,489646,0,0,0,0,1,0,0,0,0,0,0,0,0,0,0,0,0,0,0,0
846,VIRGINIA,551,4.5,1974,176.955,11.33,146.811,856.742,1333.48,971,4073,4296,6396,5440,2992,5143,7120,881,56560,84.2,57441,83.8,82.7,84,82.8,86.8,24524.65,13035.16,8447.1,44147.96,2432.37,10180.96,31534.63,1804.3,14,42769,49.3,50,50017000,490000000,135000000,46363000,758000000,675,827,184,213,1695,756,1897,3753,134,199,484,764,2656125,10916,504703,0,0,0,0,0,1,0,0,0,0,0,0,0,0,0,0,0,0,0,0
847,VIRGINIA,551,6.4,1975,169.189,13.64,123.625,826.579,1309.78,1037,3700,3904,6470,5396,3079,5180,7355,872,56418,74.6,57290,73.2,70.2,76.4,73.5,84,25440.4,13397.64,8735.77,48475.72,2520.58,11734.06,34221.08,1778.7,14,42769,53.8,57.9,32356000,411000000,130000000,52810000,679000000,685,824,191,220,1614,788,1966,3734,129,213,502,768,2709506,11051,530304,0,0,0,0,0,0,1,0,0,0,0,0,0,0,0,0,0,0,0,0
848,VIRGINIA,551,5.9,1976,202.247,9.21,125.856,874.822,1397.51,1126,3845,4278,7123,5918,3167,5556,7496,886,59236,79.3,60122,78.5,75.4,81.8,77.8,84.8,26020.05,13663.61,8800.06,49402.95,2382.27,12033.79,34986.89,1848.1,14,42769,56.9,61.3,40121000,421000000,162000000,66192000,755000000,676,807,211,234,3566,778,2008,5737,140,242,412,628,2764444,11123,526685,0,0,0,0,0,0,0,1,0,0,0,0,0,0,0,0,0,0,0,0
849,VIRGINIA,551,5.3,1977,187.03,7.45,120.735,925.147,1447.86,1109,3791,4770,7666,6048,2816,5810,7776,847,61442,83.3,63151,82.8,80.3,85.2,81.9,84.6,26621.8,13983.04,8851.74,50991.39,2487.66,12388.81,36114.92,1930.4,14,42769,60.6,65.2,40227000,427000000,219000000,65955000,807000000,682,839,218,243,7180,1584,4050,11552,334,498,828,1290,2767455,11045,478258,0,0,0,0,0,0,0,0,1,0,0,0,0,0,0,0,0,0,0,0
850,VIRGINIA,551,5.4,1978,170.626,13.33,136.935,906.527,1474.17,994,4031,5087,8012,6233,3135,6155,8295,954,64684,85.5,66445,85.1,83.5,86.2,84.3,84.8,27058.08,14155.94,8933.12,53106.81,2568.13,12870.88,37667.8,2033.5,14,42769,65.2,70.3,53214000,497000000,283000000,68527000,955000000,711,849,216,241,3497,833,2092,5760,151,252,427,649,2936067,11462,491493,0,0,0,0,0,0,0,0,0,1,0,0,0,0,0,0,0,0,0,0
851,VIRGINIA,551,4.7,1979,213.734,15.98,136.958,923.479,1530.42,1000,4114,5169,8227,6166,3394,6310,8984,845,66800,86.2,68123,85.4,84.9,85.1,84.8,85.9,27606.76,14326.92,9067.75,55464.07,2666.88,13388.07,39409.12,2115,14,42769,72.6,76.7,47341000,519000000,285000000,74176000,992000000,740,823,214,238,3439,867,2131,5750,148,250,427,646,2998006,12136,500020,0,0,0,0,0,0,0,0,0,0,1,0,0,0,0,0,0,0,0,0
852,VIRGINIA,551,5,1980,231.85,9.26,161.015,778.086,1499.65,1157,3671,4965,8226,6184,3537,6186,9094,879,67270,82.1,68787,80.2,78.6,81.4,81.3,85.5,27993.19,14398.22,9190.51,57163.94,2592.72,14565.48,40005.74,2157.2,14,42769,82.4,86,53536000,566000000,268000000,83888000,1040000000,773,773,202,204,3760,131,949,4929,157,46,208,440,3071878,13274,541128,0,0,0,0,0,0,0,0,0,0,0,1,0,0,0,0,0,0,0,0
853,VIRGINIA,551,6.1,1981,264.3,3.81,155.379,669.833,1467.9,1188,3402,5040,8570,6196,3829,6333,9666,1147,69112,80.9,70711,78.8,76.6,81,79.1,82.8,28206.71,14410.54,9180.58,58820.49,2565.37,15028.94,41226.18,2160.8,14,42769,90.9,94.4,44158000,416000000,282000000,104000000,922000000,796,796,202,204,3768,131,952,4940,158,46,211,445,3231904,12515,599915,0,0,0,0,0,0,0,0,0,0,0,0,1,0,0,0,0,0,0,0
854,VIRGINIA,551,7.7,1982,259.723,9.83,155.04,619.474,1439.72,1185,3137,4737,8346,6135,4045,6399,9854,1059,69186,75,70375,72.8,69,78,74.6,79.5,28109.5,14296.38,9070.77,59774.36,2480.89,15268.14,42025.33,2146.4,14,42769,96.5,100,44627000,414000000,322000000,120000000,1030000000,805,805,213,213,3689,112,1163,4953,159,46,218,443,3153409,12886,539052,0,0,0,0,0,0,0,0,0,0,0,0,0,1,0,0,0,0,0,0
855,VIRGINIA,551,6.1,1983,275.468,12.73,147.232,639.668,1496.04,1156,3558,5317,8607,6830,4222,6980,10491,993,73384,75.8,74360,74.9,70.5,81.1,74.9,80.3,28031.46,14265.9,9021.7,60756.37,2389.45,15189.32,43177.6,2206.9,14,42769,99.6,102.7,39459000,494000000,341000000,126000000,1100000000,799,799,226,226,3667,133,1186,4949,167,43,212,450,3328903,13165,551992,0,0,0,0,0,0,0,0,0,0,0,0,0,0,1,0,0,0,0,0
856,VIRGINIA,551,5,1984,306.947,12.2,148.75,662.062,1543.67,1309,4165,6155,8737,7619,4826,7696,11022,1146,78546,81.1,79329,80.4,78.3,83.1,80.3,82.5,27922.62,14248.7,8933.68,62710.66,2389.45,15327.31,44993.9,2333.3,14,42769,103.9,105.1,46652000,475000000,388000000,138000000,1130000000,798,798,226,226,3653,134,1189,4953,188,44,212,466,3450039,13388,583628,0,0,0,0,0,0,0,0,0,0,0,0,0,0,0,1,0,0,0,0
857,VIRGINIA,551,5.6,1985,297.127,8.74,144.897,670.678,1575.91,1273,4824,6448,8536,7928,4982,8393,11766,1282,82461,80.3,83143,79.5,77.8,81.9,79.4,83.5,28000.68,14253.92,8959.83,71355.78,2672.75,16400.07,52282.96,2454.7,14,42769,107.6,107.2,64012000,621000000,460000000,145000000,1360000000,789,789,238,238,3557,137,1200,4882,219,49,248,581,3641696,13899,597700,0,0,0,0,0,0,0,0,0,0,0,0,0,0,0,0,1,0,0,0
858,VIRGINIA,551,5,1986,303.24,0.77,146.664,721.94,1662.46,1330,5634,6794,9100,8571,5721,9294,12060,1483,88223,79.2,88171,79,76.1,83,78.2,80.2,28369.64,14365.91,9172.7,73743.53,2532.97,16527.84,54682.72,2557.7,14,42769,109.6,108.8,74521000,792000000,486000000,158000000,1590000000,765,765,288,288,3457,108,1167,4755,252,40,245,605,3610396,14648,906736,0,0,0,0,0,0,0,0,0,0,0,0,0,0,0,0,0,1,0,0
859,VIRGINIA,551,4.2,1987,337.873,8.55,165.253,753.495,1761.58,1468,6200,7469,9026,9505,5819,9375,13192,1591,93415,81.4,95006,81.4,78.6,85.4,79.9,82.5,28874.98,14604.35,9326.48,76594.28,2398.32,16530.01,57665.95,2678.1,14,42769,113.6,110.4,109000000,950000000,619000000,174000000,1940000000,767,767,292,292,3474,127,1148,4769,257,41,261,613,3614251,15477,998259,0,0,0,0,0,0,0,0,0,0,0,0,0,0,0,0,0,0,1,0
860,VIRGINIA,551,3.9,1988,342.902,-1.95,170.234,782.02,1829.73,1671,6424,8178,8647,10230,5923,10144,14208,1588,98354,84,99942,83.9,82.5,86,82.3,84.2,29694.37,14931.72,9683.65,79632.23,2284.11,16655.61,60692.51,2780.6,14,42769,118.3,113.2,140000000,1110000000,602000000,193000000,2100000000,771,771,294,298,3401,135,1162,4736,256,45,241,647,3625109,16245,1028983,0,0,0,0,0,0,0,0,0,0,0,0,0,0,0,0,0,0,0,1
861,VERMONT,150,0,1969,2.074,9.72,2.391,69.577,99.77,25,452,651,290,315,199,425,647,216,4080,86.9,4296,86.8,86.3,86.6,86.5,95.8,2627.12,1827.14,538.49,4052.71,275.58,811.83,2965.3,145.5,1,9615,36.7,38.2,3110000,48800000,21719000,3435000,82955000,165,310,12,27,1109,173,173,1287,58,12,16,82,178652,801,35086,1,0,0,0,0,0,0,0,0,0,0,0,0,0,0,0,0,0,0,0
862,VERMONT,150,4.9,1970,2.129,8.77,2.679,73.706,106.6,25,453,603,271,334,202,444,683,237,4117,80.8,4354,79.7,76.7,82.9,79.1,95.4,2756.19,1881.33,618.38,4250.3,285.72,873.67,3090.92,147.9,1,9615,38.8,40,3527000,56313000,21641000,4009000,94308000,200,310,13,20,1107,209,210,1322,53,13,17,83,189720,830,38246,0,1,0,0,0,0,0,0,0,0,0,0,0,0,0,0,0,0,0,0
863,VERMONT,150,6.8,1971,1.942,8.49,3.066,73.219,109.77,21,392,568,284,359,215,479,733,239,4199,79.2,4438,78.2,74.3,82.8,77.4,93.9,2894.58,1940.72,689.19,4402.85,295.95,894.15,3212.76,148.1,1,9615,40.5,41.4,2810000,49628000,24989000,4896000,93098000,219,317,12,14,1097,241,241,1342,48,12,18,75,193917,862,42374,0,0,1,0,0,0,0,0,0,0,0,0,0,0,0,0,0,0,0,0
864,VERMONT,150,6.5,1972,1.355,10.65,3.817,76.948,117.41,21,387,543,311,395,235,520,737,232,4379,84.3,4611,83.7,80.9,86.6,82.5,94.6,2967.25,1965.24,729.22,4577.6,311.97,915.31,3350.31,153.6,1,9615,41.8,42.3,2786000,49967000,26644000,5205000,96070000,239,315,12,14,1096,261,263,1363,44,12,16,75,214993,895,45408,0,0,0,1,0,0,0,0,0,0,0,0,0,0,0,0,0,0,0,0
865,VERMONT,150,5.3,1973,1.473,11.56,4.212,78.322,119.93,21,381,686,341,432,232,538,729,168,4633,88.4,4801,88.1,87.5,87.5,86.5,92.9,3025.15,2004.94,743.28,4806.48,329.91,943.25,3533.32,161.3,1,9615,44.4,43.7,3239000,43004000,34792000,5966000,96024000,257,309,11,14,1102,274,276,1380,48,12,12,75,224661,996,48906,0,0,0,0,1,0,0,0,0,0,0,0,0,0,0,0,0,0,0,0
866,VERMONT,150,6.4,1974,1.469,11.15,4.785,69.339,110.67,24,305,705,313,435,219,509,714,161,4491,84.2,4652,83.8,82.7,84,82.8,86.8,3083.07,2014.34,792.19,5017.84,347.01,989.09,3681.75,162.8,1,9615,49.3,50,2947000,39438000,35302000,6287000,98772000,257,310,8,11,1120,288,290,1415,39,11,14,68,229984,1045,53913,0,0,0,0,0,1,0,0,0,0,0,0,0,0,0,0,0,0,0,0
867,VERMONT,150,9.4,1975,0.744,10.54,4.005,68.429,107.34,23,254,631,274,431,237,503,691,180,4348,74.6,4528,73.2,70.2,76.4,73.5,84,3075.61,2009.05,798.49,4790.14,359.6,1105.43,3325.11,162.1,1,9615,53.8,57.9,2346000,39089000,30607000,5578000,93556000,277,310,8,11,1103,296,304,1412,34,9,14,63,233390,1081,52638,0,0,0,0,0,0,1,0,0,0,0,0,0,0,0,0,0,0,0,0
868,VERMONT,150,8.7,1976,0.579,12.01,3.7,78.318,123.3,26,280,685,296,455,241,532,680,209,4551,79.3,4760,78.5,75.4,81.8,77.8,84.8,3055.26,1998.08,794.41,4805.94,300.84,1133.67,3371.43,168.4,1,9615,56.9,61.3,2292000,42220000,34289000,6494000,103000000,286,303,8,9,1044,303,311,1370,35,9,12,59,244157,1099,59673,0,0,0,0,0,0,0,1,0,0,0,0,0,0,0,0,0,0,0,0
869,VERMONT,150,7,1977,0.719,10.87,4.025,77.429,119.67,31,270,779,303,485,239,514,764,197,4810,83.3,4913,82.8,80.3,85.2,81.9,84.6,3019.42,1989.61,774.08,4926.2,314.14,1167.12,3444.94,178.4,1,9615,60.6,65.2,1933000,41011000,38648000,6890000,106000000,294,295,7,7,984,310,317,1328,35,8,10,55,254638,1141,64649,0,0,0,0,0,0,0,0,1,0,0,0,0,0,0,0,0,0,0,0
870,VERMONT,150,5.7,1978,0.477,10.18,3.819,77.625,122.86,34,316,894,336,499,270,547,831,208,5193,85.5,5363,85.1,83.5,86.2,84.3,84.8,3020.06,1968.36,790.48,5105.86,324.31,1212.53,3569.03,190.6,1,9615,65.2,70.3,2788000,37991000,40860000,7859000,106000000,298,299,7,7,989,314,323,1339,33,9,12,55,293091,1204,66749,0,0,0,0,0,0,0,0,0,1,0,0,0,0,0,0,0,0,0,0
871,VERMONT,150,5.1,1979,0.595,11.14,4.398,70.875,119.19,32,312,1020,347,498,292,566,865,213,5402,86.2,5569,85.4,84.9,85.1,84.8,85.9,3032.36,1941.41,821.87,5308.11,336.78,1261.25,3710.08,197.9,1,9615,72.6,76.7,3718000,41226000,49542000,8628000,119000000,301,302,7,7,994,317,328,1349,30,9,13,55,256896,1258,73010,0,0,0,0,0,0,0,0,0,0,1,0,0,0,0,0,0,0,0,0
872,VERMONT,150,6.4,1980,0.537,10.39,3.951,61.103,111.74,28,296,1118,333,492,281,543,897,240,5445,82.1,5634,80.2,78.6,81.4,81.3,85.5,3016.79,1912.68,823.96,5514.75,340.47,1886.62,3287.66,200.1,1,9615,82.4,86,3665000,39134000,47348000,11591000,117000000,302,302,7,7,1001,161,183,1200,28,5,11,51,270287,1264,75772,0,0,0,0,0,0,0,0,0,0,0,1,0,0,0,0,0,0,0,0
873,VERMONT,150,5.7,1981,1.03,12.41,4.352,58.092,106.58,22,309,1184,342,479,293,567,919,263,5601,80.9,5875,78.8,76.6,81,79.1,82.8,2983.2,1875.51,820.21,5671.16,336.88,1946.65,3387.63,204.3,1,9615,90.9,94.4,1909000,58131000,55194000,9654000,142000000,302,302,7,7,1008,5,37,1051,25,1,8,47,266789,1268,77157,0,0,0,0,0,0,0,0,0,0,0,0,1,0,0,0,0,0,0,0
874,VERMONT,150,6.9,1982,1.264,10.93,4.34,52.636,101.81,22,289,1144,355,466,308,581,933,276,5588,75,5871,72.8,69,78,74.6,79.5,2950.98,1857.38,801.59,5756.72,325.78,1977.64,3453.3,202.3,1,9615,96.5,100,2393000,66430000,59891000,11166000,157000000,302,302,7,7,1003,5,38,1051,25,1,7,47,269966,1319,79596,0,0,0,0,0,0,0,0,0,0,0,0,0,1,0,0,0,0,0,0
875,VERMONT,150,6.9,1983,1.164,12.66,4.324,57.43,107.93,24,357,1181,386,527,322,638,980,256,5953,75.8,6261,74.9,70.5,81.1,74.9,80.3,2927.85,1847.43,775.93,5832.7,313.78,1967.43,3551.5,206.4,1,9615,99.6,102.7,749000,53841000,62107000,12565000,150000000,302,302,18,18,994,5,39,1043,48,1,8,71,282469,1308,83578,0,0,0,0,0,0,0,0,0,0,0,0,0,0,1,0,0,0,0,0
876,VERMONT,150,5.2,1984,1.394,12.27,4.829,60.421,113.87,24,390,1302,392,561,378,699,1053,227,6395,81.1,6669,80.4,78.3,83.1,80.3,82.5,2925.39,1838.69,763.34,6001.78,313.78,1985.3,3702.71,214.9,1,9615,103.9,105.1,993000,62339000,70231000,13667000,167000000,300,300,20,20,993,5,37,1040,54,1,10,76,287838,1319,88105,0,0,0,0,0,0,0,0,0,0,0,0,0,0,0,1,0,0,0,0
877,VERMONT,150,4.8,1985,1.982,12.85,4.958,63.643,116.13,21,457,1361,410,584,418,763,1116,273,6825,80.3,7142,79.5,77.8,81.9,79.4,83.5,2936.44,1830.16,770.78,6939.38,406.94,2202.44,4330,224.7,1,9615,107.6,107.2,1652000,67828000,75396000,9661000,175000000,300,300,20,20,981,5,42,1040,49,1,10,70,301435,1342,94831,0,0,0,0,0,0,0,0,0,0,0,0,0,0,0,0,1,0,0,0
878,VERMONT,150,4.7,1986,0.653,27.86,4.954,64.715,112.33,25,523,1400,444,610,505,831,1253,300,7378,79.2,7585,79,76.1,83,78.2,80.2,2942.21,1816.9,774.94,7154.45,385.66,2219.6,4549.19,234.4,1,9615,109.6,108.8,2840000,96112000,67545000,11299000,200000000,300,300,20,20,989,6,43,1047,56,1,8,73,313725,1360,103106,0,0,0,0,0,0,0,0,0,0,0,0,0,0,0,0,0,1,0,0
879,VERMONT,150,3.6,1987,0.314,33.55,5.113,70.883,122.45,26,560,1536,454,659,536,868,1429,345,7960,81.4,8305,81.4,78.6,85.4,79.9,82.5,2940.4,1817.18,770.39,7400.34,365.16,2219.89,4815.29,244.4,1,9615,113.6,110.4,2009000,79889000,71793000,12365000,190000000,300,300,20,20,992,4,36,1046,55,2,9,73,329946,1428,111103,0,0,0,0,0,0,0,0,0,0,0,0,0,0,0,0,0,0,1,0
880,VERMONT,150,2.8,1988,0.284,37.87,5.495,73.557,128.71,31,587,1670,454,719,544,956,1551,308,8526,84,8834,83.9,82.5,86,82.3,84.2,2951.11,1819.61,779.29,7667.97,347.77,2236.76,5083.45,253.2,1,9615,118.3,113.2,2032000,82864000,83575000,13361000,204000000,338,293,28,28,977,6,46,1042,57,2,10,78,334428,1422,116996,0,0,0,0,0,0,0,0,0,0,0,0,0,0,0,0,0,0,0,1
881,WASHINGTON,853,0,1969,7.065,707.73,153.481,517.95,1230.93,48,3307,6991,2149,3142,2931,4154,4640,1444,39298,86.9,40742,86.8,86.3,86.6,86.5,95.8,25751.5,8657.14,13657.76,37406.43,2352.34,8442.29,26611.8,1120.1,13,71303,36.7,38.2,29310000,233000000,95098000,33663000,427000000,224,542,181,226,2740,228,484,3252,214,213,313,638,1642753,9090,457389,1,0,0,0,0,0,0,0,0,0,0,0,0,0,0,0,0,0,0,0
882,WASHINGTON,853,9.1,1970,5.86,736.07,158.242,507.351,1228.94,48,2890,5831,2115,3143,2889,4030,4918,1365,37859,80.8,39224,79.7,76.7,82.9,79.1,95.4,26775.46,9022.44,14238.47,39258.7,2438.93,8914.32,27905.45,1079.4,13,71303,38.8,40,39390000,286000000,95886000,38780000,488000000,210,541,187,227,2699,235,513,3239,173,222,329,643,1618603,9335,474023,0,1,0,0,0,0,0,0,0,0,0,0,0,0,0,0,0,0,0,0
883,WASHINGTON,853,10.1,1971,6.396,753.2,165.28,520.672,1255.08,67,2764,5176,2229,3163,2956,4134,5187,1457,37509,79.2,38966,78.2,74.3,82.8,77.4,93.9,27853.91,9398.12,14899.05,40764.39,2526.21,9123.32,29114.86,1064.5,13,71303,40.5,41.4,46936000,291000000,107000000,47497000,529000000,270,484,190,216,2653,266,533,3209,194,240,321,634,1656103,9429,497585,0,0,1,0,0,0,0,0,0,0,0,0,0,0,0,0,0,0,0,0
884,WASHINGTON,853,9.5,1972,36.581,797.97,179.823,555.52,1397.51,76,2634,5629,2406,3384,3218,4414,5510,1591,38944,84.3,40535,83.7,80.9,86.6,82.5,94.6,28392.6,9681.89,15161.1,42227.19,2361.85,9339.19,30526.15,1100.1,13,71303,41.8,42.3,31179000,309000000,114000000,46117000,561000000,276,514,175,217,2759,276,530,3308,182,234,326,628,1702412,10007,529641,0,0,0,1,0,0,0,0,0,0,0,0,0,0,0,0,0,0,0,0
885,WASHINGTON,853,7.9,1973,64.974,767.08,207.952,570.589,1434.11,85,2713,6729,2601,3612,3335,4712,5826,1609,41861,88.4,43470,88.1,87.5,87.5,86.5,92.9,29137.6,10078.96,15407.43,44463.18,2497.63,9624.31,32341.24,1152.3,13,71303,44.4,43.7,26254000,286000000,122000000,49721000,539000000,274,513,177,217,3148,0,140,3304,375,58,132,609,1784389,10514,575707,0,0,0,0,1,0,0,0,0,0,0,0,0,0,0,0,0,0,0,0
886,WASHINGTON,853,7.2,1974,54.167,886.56,191.311,536.893,1430.89,85,2666,7493,2487,3734,3347,4647,6245,1794,43591,84.2,45385,83.8,82.7,84,82.8,86.8,29497.89,10208.42,15561.32,46519.96,2627.1,10091.94,33800.92,1198.9,13,71303,49.3,50,16324000,255000000,131000000,51373000,534000000,276,542,188,224,3126,276,567,3716,171,246,350,635,1826023,10785,607638,0,0,0,0,0,1,0,0,0,0,0,0,0,0,0,0,0,0,0,0
887,WASHINGTON,853,9.5,1975,76.241,889.06,171.236,546.718,1394.31,83,2972,6866,2400,3800,3642,4844,6528,1956,44411,74.6,46367,73.2,70.2,76.4,73.5,84,29997.51,10297.58,15850.49,50312.3,2722.37,11063.45,36526.48,1225.7,13,71303,53.8,57.9,14224000,261000000,150000000,53350000,558000000,7,543,179,228,3163,262,555,3739,161,245,350,618,1883271,11107,645386,0,0,0,0,0,0,1,0,0,0,0,0,0,0,0,0,0,0,0,0
888,WASHINGTON,853,8.7,1976,81.205,986.07,154.881,556.123,1436.62,105,3489,6987,2631,4060,3755,5282,6728,1860,46837,79.3,48697,78.5,75.4,81.8,77.8,84.8,30862.78,10279.83,16246.42,51506.38,3030.5,11346.05,37129.83,1283.1,13,71303,56.9,61.3,11234000,257000000,160000000,62422000,581000000,308,420,217,229,4372,308,557,4956,441,66,154,734,1977629,11063,696211,0,0,0,0,0,0,0,1,0,0,0,0,0,0,0,0,0,0,0,0
889,WASHINGTON,853,8.8,1977,102.385,747.27,149.077,597.692,1448.33,64,3962,7450,2947,4134,3387,5535,6924,1812,49205,83.3,51511,82.8,80.3,85.2,81.9,84.6,31968.1,10394.75,16814.01,52994.95,3164.57,11680.78,38149.6,1367,13,71303,60.6,65.2,16117000,297000000,174000000,57837000,627000000,388,425,220,229,4366,388,560,4954,219,304,381,739,2118314,10672,765894,0,0,0,0,0,0,0,0,1,0,0,0,0,0,0,0,0,0,0,0
890,WASHINGTON,853,6.8,1978,84.724,946.68,133.338,618.808,1537.85,86,4708,8344,3025,4492,3915,5951,8036,2076,54300,85.5,56875,85.1,83.5,86.2,84.3,84.8,33454.73,10470.75,18160.86,54907.23,3266.93,12135.3,39505,1485.6,13,71303,65.2,70.3,21171000,370000000,197000000,66052000,742000000,223,427,160,230,4586,223,333,4953,304,222,291,740,2131348,11728,816894,0,0,0,0,0,0,0,0,0,1,0,0,0,0,0,0,0,0,0,0
891,WASHINGTON,853,6.8,1979,99.003,823.16,165.95,615.31,1590.77,103,5046,8696,3286,4785,4314,6149,8866,2073,57773,86.2,60175,85.4,84.9,85.1,84.8,85.9,35106.09,10631.04,19558.46,57001.52,3392.55,12622.94,40986.03,1581.2,13,71303,72.6,76.7,30339000,515000000,231000000,76945000,925000000,57,428,99,230,4805,57,106,4951,388,140,201,741,2229932,11341,886192,0,0,0,0,0,0,0,0,0,0,1,0,0,0,0,0,0,0,0,0
892,WASHINGTON,853,7.9,1980,90.956,872.29,135.466,592.426,1553.2,111,4386,8239,3167,4899,4302,5954,8700,2264,56962,82.1,59796,80.2,78.6,81.4,81.3,85.5,36528,10769.82,20794.81,60190.96,3648.51,13188.06,43354.39,1608.3,13,71303,82.4,86,35905000,589000000,258000000,83042000,1070000000,259,444,161,227,4510,29,172,4710,286,128,202,636,2293521,9912,921829,0,0,0,0,0,0,0,0,0,0,0,1,0,0,0,0,0,0,0,0
893,WASHINGTON,853,9.5,1981,90.871,1070.2,131.189,597.672,1675.53,113,4389,6898,3138,4803,4556,6049,8667,2202,56027,80.9,58977,78.8,76.6,81,79.1,82.8,37941.5,10912.54,22176.13,61677.79,3610.02,13607.69,44460.08,1612,13,71303,90.9,94.4,33498000,588000000,257000000,82944000,1080000000,460,460,222,223,4214,0,237,4469,183,115,203,530,2374996,9961,945328,0,0,0,0,0,0,0,0,0,0,0,0,1,0,0,0,0,0,0,0
894,WASHINGTON,853,12.1,1982,74.069,959.24,114.412,579.557,1583.76,129,3765,6168,3217,4896,4679,6245,8635,2162,54873,75,56745,72.8,69,78,74.6,79.5,39515.57,11058.86,23626.17,62465.52,3491.14,13824.28,45150.1,1569.2,13,71303,96.5,100,29030000,577000000,273000000,84605000,1090000000,471,471,234,234,4196,0,239,4447,216,102,180,530,2296429,9996,930429,0,0,0,0,0,0,0,0,0,0,0,0,0,1,0,0,0,0,0,0
895,WASHINGTON,853,11.2,1983,80.21,925.2,111.802,523.793,1532,138,3534,6411,3536,5393,4774,6742,8838,2452,57208,75.8,58828,74.9,70.5,81.1,74.9,80.3,40454.47,11335.77,24301.68,63256.31,3362.47,13752.91,46140.93,1586.1,13,71303,99.6,102.7,28600000,584000000,296000000,89908000,1160000000,483,483,232,232,4171,0,276,4463,235,118,221,610,2360117,10072,968144,0,0,0,0,0,0,0,0,0,0,0,0,0,0,1,0,0,0,0,0
896,WASHINGTON,853,9.5,1984,82.282,927.64,131.97,569.776,1597.3,151,3548,7013,3760,5463,5515,7006,8904,2223,59703,81.1,61507,80.4,78.3,83.1,80.3,82.5,40775.81,11478.52,24406.9,64929.03,3362.47,13877.85,47688.71,1659.6,13,71303,103.9,105.1,50220000,662000000,327000000,97662000,1300000000,486,486,237,237,4197,0,205,4414,256,127,226,634,2420225,11013,999114,0,0,0,0,0,0,0,0,0,0,0,0,0,0,0,1,0,0,0,0
897,WASHINGTON,853,8.1,1985,93.669,805.991,139.983,587.891,1609.9,147,3292,6976,3920,5427,5517,7205,8265,2564,59519,80.3,63664,79.5,77.8,81.9,79.4,83.5,41136.37,11738.08,24355.32,66033.81,3063.82,14154.76,48815.23,1710.4,13,71303,107.6,107.2,30603000,731000000,355000000,105000000,1420000000,488,489,238,238,4188,0,194,4395,263,131,215,633,2484484,10400,1031478,0,0,0,0,0,0,0,0,0,0,0,0,0,0,0,0,1,0,0,0
898,WASHINGTON,853,8.2,1986,63.279,786.382,121.793,677.346,1656.36,186,3486,7854,4027,5731,6630,7673,8480,3253,63024,79.2,67158,79,76.1,83,78.2,80.2,41148.41,11804.39,24183.26,67953.21,2903.6,14265.03,50784.58,1769.9,13,71303,109.6,108.8,31307000,718000000,350000000,116000000,1450000000,495,508,241,241,4169,0,214,4394,254,140,231,645,2610890,7770,1133582,0,0,0,0,0,0,0,0,0,0,0,0,0,0,0,0,0,1,0,0
899,WASHINGTON,853,7.6,1987,95.7,727.59,136.092,689.767,1696.45,253,3600,8542,4316,6091,6485,7682,8840,3331,65345,81.4,68676,81.4,78.6,85.4,79.9,82.5,41523.62,12000.49,24186.14,70259.67,2749.23,14266.9,53243.54,1839.3,13,71303,113.6,110.4,20694000,731000000,347000000,115000000,1460000000,501,514,240,240,4197,0,172,4385,240,130,222,644,2702000,7992,1118075,0,0,0,0,0,0,0,0,0,0,0,0,0,0,0,0,0,0,1,0
900,WASHINGTON,853,6.2,1988,99.098,706.758,150.595,712.172,1813.12,487,3772,9587,4550,6478,6074,8318,9096,3265,68328,84,71593,83.9,82.5,86,82.3,84.2,41994.39,12142.25,24379.08,72362.78,2618.32,14375.31,55369.16,1935.5,13,71303,118.3,113.2,30019000,689000000,348000000,130000000,1440000000,519,519,244,244,4222,0,133,4387,247,120,267,651,2753299,7640,1126375,0,0,0,0,0,0,0,0,0,0,0,0,0,0,0,0,0,0,0,1
901,WISCONSIN,355,0,1969,373.894,22.542,324.186,491.828,1210.01,88,3796,8924,4538,3519,2412,4556,6070,2335,43366,86.9,45701,86.8,86.3,86.6,86.5,95.8,23565.08,9690.08,9906.84,39311,2837.73,11061.56,25411.71,1525.1,16,65503,36.7,38.2,10635000,212000000,133000000,10307000,398000000,372,494,67,70,4837,405,639,5642,205,89,249,709,1734464,10499,329739,1,0,0,0,0,0,0,0,0,0,0,0,0,0,0,0,0,0,0,0
902,WISCONSIN,355,3.9,1970,381.561,19.98,344.241,511.156,1252.18,100,3259,8350,4408,3604,2462,4610,6225,2487,42814,80.8,45301,79.7,76.7,82.9,79.1,95.4,24271.67,9903.02,10380.86,40880.5,2942.18,11444.3,26494.02,1530.4,16,65503,38.8,40,21931000,223000000,138000000,66207000,473000000,409,492,68,71,4731,501,652,5626,208,96,353,719,1829491,8573,350399,0,1,0,0,0,0,0,0,0,0,0,0,0,0,0,0,0,0,0,0
903,WISCONSIN,355,4.5,1971,337.27,23.363,354.746,515.458,1257.31,91,3012,8342,4587,3772,2647,4766,6563,2637,43868,79.2,46505,78.2,74.3,82.8,77.4,93.9,24747.06,10041.03,10710.74,42260.97,3047.48,11712.61,27500.88,1525.4,16,65503,40.5,41.4,32190000,234000000,155000000,72426000,512000000,406,493,72,73,5033,41,384,5562,453,34,233,811,1871490,9037,349647,0,0,1,0,0,0,0,0,0,0,0,0,0,0,0,0,0,0,0,0
904,WISCONSIN,355,4.2,1972,333.641,25.043,326.921,534.268,1250.32,109,3029,9341,4964,4054,2877,5059,6626,2400,46479,84.3,48879,83.7,80.9,86.6,82.5,94.6,25226.91,10214.02,10934.89,43778.56,3102.74,11989.75,28686.07,1580.8,16,65503,41.8,42.3,27884000,225000000,162000000,87330000,532000000,405,491,70,73,4700,481,810,5607,315,115,317,764,1970777,9350,398709,0,0,0,1,0,0,0,0,0,0,0,0,0,0,0,0,0,0,0,0
905,WISCONSIN,355,4,1973,310.736,25.389,373.48,553.018,1316.59,116,3129,10780,5628,4339,3002,5388,6845,1933,50129,88.4,52062,88.1,87.5,87.5,86.5,92.9,25539.33,10420.38,10948.63,45934.43,3281.12,12355.79,30297.52,1660.5,16,65503,44.4,43.7,20930000,228000000,171000000,112000000,618000000,405,481,80,93,4599,502,811,5511,346,130,366,853,2057535,9254,405412,0,0,0,0,1,0,0,0,0,0,0,0,0,0,0,0,0,0,0,0
906,WISCONSIN,355,4.5,1974,278.64,21.096,386.865,529.672,1301.71,113,2946,10618,5398,4391,3007,5171,7064,1977,49853,84.2,51830,83.8,82.7,84,82.8,86.8,25799.34,10502.77,11006.4,47948.09,3451.2,12956.14,31540.75,1703.4,16,65503,49.3,50,9554000,233000000,189000000,131000000,647000000,399,472,90,103,4650,495,726,5469,344,142,333,824,2131663,9368,436535,0,0,0,0,0,1,0,0,0,0,0,0,0,0,0,0,0,0,0,0
907,WISCONSIN,355,6.9,1975,272.045,21.193,372.097,526.471,1300.6,92,2710,9800,5228,4301,3207,4983,7005,2234,48696,74.6,50930,73.2,70.2,76.4,73.5,84,25842.14,10498.44,10983.72,48872.43,3576.36,13957.85,31338.22,1676.8,16,65503,53.8,57.9,10612000,307000000,215000000,148000000,770000000,399,474,90,102,4721,495,718,5485,365,142,333,825,2126273,9500,454936,0,0,0,0,0,0,1,0,0,0,0,0,0,0,0,0,0,0,0,0
908,WISCONSIN,355,5.6,1976,303.97,17.132,320.512,573.417,1325.66,94,2998,10751,5883,4372,3299,5244,7223,2217,51636,79.3,53853,78.5,75.4,81.8,77.8,84.8,25945.01,10554.33,10989.03,50089.81,3944.79,14314.38,31830.64,1725.9,16,65503,56.9,61.3,11651000,298000000,206000000,161000000,772000000,398,474,79,103,7496,487,858,8515,470,156,332,967,2199985,9462,439450,0,0,0,0,0,0,0,1,0,0,0,0,0,0,0,0,0,0,0,0
909,WISCONSIN,355,4.9,1977,307.516,19.003,354.397,586.269,1388.82,119,3173,12079,6325,4730,2889,5336,7866,2833,54949,83.3,57055,82.8,80.3,85.2,81.9,84.6,25858.17,10580.21,10862.01,51469.94,4119.3,14736.69,32613.94,1798.9,16,65503,60.6,65.2,12973000,294000000,232000000,170000000,789000000,199,452,40,99,7949,244,432,8463,664,78,167,953,2206429,9688,451004,0,0,0,0,0,0,0,0,1,0,0,0,0,0,0,0,0,0,0,0
910,WISCONSIN,355,5.1,1978,296.054,24.563,375.286,609.684,1442.44,121,3132,12753,6820,4834,3113,5554,8461,2591,57753,85.5,59908,85.1,83.5,86.2,84.3,84.8,25885.94,10564.08,10820.95,53386.11,4252.55,15310.11,33823.45,1887,16,65503,65.2,70.3,10569000,277000000,254000000,187000000,819000000,0,430,0,94,8402,0,5,8410,857,0,1,938,2339107,10488,578004,0,0,0,0,0,0,0,0,0,1,0,0,0,0,0,0,0,0,0,0
911,WISCONSIN,355,4.5,1979,321.063,23.745,372.258,569.664,1408.33,112,2921,13234,6942,4908,3375,5666,8994,2933,59397,86.2,61689,85.4,84.9,85.1,84.8,85.9,25894.16,10593.25,10793.72,55505.35,4416.06,15925.33,35163.95,1960.2,16,65503,72.6,76.7,11659000,411000000,294000000,203000000,1020000000,427,429,93,94,7589,650,814,8415,684,203,297,999,2480974,11085,635863,0,0,0,0,0,0,0,0,0,0,1,0,0,0,0,0,0,0,0,0
912,WISCONSIN,355,7.2,1980,327.31,21.97,354.672,479.881,1307.94,100,2313,11987,6640,4859,3400,5343,9217,3419,57464,82.1,60255,80.2,78.6,81.4,81.3,85.5,25984.74,10647.18,10751.52,54915.52,5071.75,16501.34,33342.43,1938.1,16,65503,82.4,86,14835000,396000000,324000000,225000000,1060000000,461,461,104,104,7424,561,769,8551,456,104,321,919,2399134,11034,530743,0,0,0,0,0,0,0,0,0,0,0,1,0,0,0,0,0,0,0,0
913,WISCONSIN,355,7.8,1981,327.327,22.386,327.533,450.727,1263.89,81,2032,11883,6626,4751,3546,5215,9532,3332,57243,80.9,60815,78.8,76.6,81,79.1,82.8,26034.64,10705.66,10660.9,56262.51,5018.24,17026.4,34217.87,1919.9,16,65503,90.9,94.4,10425000,428000000,332000000,238000000,1090000000,474,474,104,104,7013,498,758,8086,416,98,331,891,2542274,11246,544101,0,0,0,0,0,0,0,0,0,0,0,0,1,0,0,0,0,0,0,0
914,WISCONSIN,355,10.7,1982,324.15,25.315,315.752,445.377,1247.91,62,1692,10393,6864,4571,3677,5161,9762,3451,55926,75,59558,72.8,69,78,74.6,79.5,26289.52,10843.84,10656.21,56912.51,4852.99,17297.4,34762.12,1867.2,16,65503,96.5,100,9729000,367000000,383000000,256000000,1120000000,466,466,111,111,7036,433,660,7978,506,122,345,967,2560470,11929,589938,0,0,0,0,0,0,0,0,0,0,0,0,0,1,0,0,0,0,0,0
915,WISCONSIN,355,10.4,1983,352.824,26.886,301.791,438.17,1242.62,77,1762,10978,7278,4844,3710,5538,9949,2901,57886,75.8,61053,74.9,70.5,81.1,74.9,80.3,26225.89,10830.84,10438.34,57440.24,4674.13,17208.1,35558.01,1864.6,16,65503,99.6,102.7,11507000,522000000,407000000,265000000,1330000000,466,466,111,111,7076,404,646,7990,489,116,333,930,2547140,12955,654067,0,0,0,0,0,0,0,0,0,0,0,0,0,0,1,0,0,0,0,0
916,WISCONSIN,355,7.3,1984,363.416,24.138,307.516,453.264,1315.99,87,1922,13139,7391,5250,4141,5812,10044,2969,61872,81.1,65461,80.4,78.3,83.1,80.3,82.5,26304.98,10872.29,10292.24,58904.8,4674.13,17364.43,36866.24,1949.2,16,65503,103.9,105.1,10703000,542000000,411000000,279000000,1410000000,466,466,112,112,7079,404,632,7977,448,110,319,861,2386500,12422,695534,0,0,0,0,0,0,0,0,0,0,0,0,0,0,0,1,0,0,0,0
917,WISCONSIN,355,7.2,1985,360.704,26.319,311.449,454.504,1336.38,83,1919,13701,7650,5275,4237,6064,10039,3272,63446,80.3,67469,79.5,77.8,81.9,79.4,83.5,26400.6,10848.68,10259.3,60241.65,4044.83,17896.06,38300.76,1983.1,16,65503,107.6,107.2,12307000,524000000,458000000,295000000,1500000000,466,466,112,112,7050,418,672,7991,443,120,348,889,2457806,12309,716876,0,0,0,0,0,0,0,0,0,0,0,0,0,0,0,0,1,0,0,0
918,WISCONSIN,355,7,1986,371.383,24.816,281.637,457.737,1313.82,94,2090,14046,7949,5492,4519,6419,10215,3649,65594,79.2,70171,79,76.1,83,78.2,80.2,26527.2,10843.39,10238.72,61786.9,3833.31,18035.49,39918.1,2023.9,16,65503,109.6,108.8,12753000,551000000,469000000,309000000,1570000000,466,466,112,112,7139,565,841,8249,429,124,391,935,2397418,12128,710480,0,0,0,0,0,0,0,0,0,0,0,0,0,0,0,0,0,1,0,0
919,WISCONSIN,355,6.1,1987,386.561,16.163,281.6,453.748,1286.02,96,2218,15384,8464,5682,4582,6275,10313,3565,67991,81.4,71556,81.4,78.6,85.4,79.9,82.5,26583.86,10953.47,10111.07,63581.55,3629.52,18037.85,41914.18,2079.7,16,65503,113.6,110.4,17421000,573000000,439000000,322000000,1600000000,467,467,111,111,7172,591,785,8252,460,126,389,961,2378474,12088,705657,0,0,0,0,0,0,0,0,0,0,0,0,0,0,0,0,0,0,1,0
920,WISCONSIN,355,4.3,1988,394.07,15.23,319.683,493.353,1391.56,110,2296,17643,8733,6086,4709,6774,10637,2806,72493,84,75299,83.9,82.5,86,82.3,84.2,26585.22,10981.49,10067.58,65617.75,3456.68,18174.91,43986.15,2149,16,65503,118.3,113.2,2703000,611000000,470000000,207000000,1550000000,517,517,123,123,7320,473,696,8327,416,112,409,949,3169217,12326,719563,0,0,0,0,0,0,0,0,0,0,0,0,0,0,0,0,0,0,0,1
921,WEST VIRGINIA,554,0,1969,624.06,9.946,176.295,210.745,845.54,3653,1318,2510,1579,2036,768,1395,1564,170,17826,86.9,17996,86.8,86.3,86.6,86.5,95.8,6482.87,4049.12,1839.17,24310.26,370.71,6483.13,17456.42,512.3,5,24231,36.7,38.2,22808000,166000000,30522000,4330000,241000000,162,548,20,64,2125,169,196,2333,178,25,55,244,662929,2666,170659,1,0,0,0,0,0,0,0,0,0,0,0,0,0,0,0,0,0,0,0
922,WEST VIRGINIA,554,6.1,1970,612.38,10.449,186.535,217.723,848.52,3737,1358,2266,1535,2100,857,1399,1572,169,17894,80.8,18063,79.7,76.7,82.9,79.1,95.4,7051.17,4439.47,2038.49,25312.77,384.35,6719.6,18208.82,516.5,5,24231,38.8,40,29332000,222000000,48868000,5717000,329000000,178,560,18,60,2131,185,214,2350,177,21,56,239,684000,2717,173437,0,1,0,0,0,0,0,0,0,0,0,0,0,0,0,0,0,0,0,0
923,WEST VIRGINIA,554,6.5,1971,618.8,12.012,183.553,217.826,826.66,3459,1505,2308,1605,2183,930,1494,1640,164,18274,79.2,18438,78.2,74.3,82.8,77.4,93.9,7652.54,4937.39,2146.91,26202.33,398.11,6877.14,18927.08,520,5,24231,40.5,41.4,22354000,295000000,55784000,6599000,413000000,209,587,24,62,2124,216,245,2376,178,26,60,243,623533,2793,199828,0,0,1,0,0,0,0,0,0,0,0,0,0,0,0,0,0,0,0,0
924,WEST VIRGINIA,554,6.5,1972,716.522,12.937,204.916,237.223,884.26,3677,1513,2442,1664,2255,1003,1626,1668,162,19152,84.3,19314,83.7,80.9,86.6,82.5,94.6,8245.21,5519.66,2163.39,27227.32,425.52,7039.87,19761.93,540.5,5,24231,41.8,42.3,26921000,326000000,54996000,7074000,457000000,237,545,23,60,2037,244,288,2357,163,27,59,228,668740,2841,202025,0,0,0,1,0,0,0,0,0,0,0,0,0,0,0,0,0,0,0,0
925,WEST VIRGINIA,554,6.8,1973,810.163,12.214,191.905,251.377,908.06,3482,1381,2590,1831,2460,997,1761,1717,142,19599,88.4,19741,88.1,87.5,87.5,86.5,92.9,8735.95,6023.03,2160.88,28458.57,449.99,7254.79,20753.8,561.6,5,24231,44.4,43.7,24815000,290000000,74666000,7606000,432000000,283,541,24,58,2037,290,333,2401,191,28,31,228,684825,2231,223949,0,0,0,0,1,0,0,0,0,0,0,0,0,0,0,0,0,0,0,0
926,WEST VIRGINIA,554,6.9,1974,841.805,11.985,186.565,256.792,906.85,3014,1202,2584,1666,2541,1016,1681,1743,143,18898,84.2,19041,83.8,82.7,84,82.8,86.8,9220.62,6401.46,2263.77,29691.14,473.31,7607.29,21610.54,572.4,5,24231,49.3,50,23497000,245000000,82450000,8068000,419000000,324,516,25,49,2011,327,408,2447,160,29,61,227,703208,2279,229910,0,0,0,0,0,1,0,0,0,0,0,0,0,0,0,0,0,0,0,0
927,WEST VIRGINIA,554,8.6,1975,817.441,11.058,164.297,263.952,845.14,3205,1171,2219,1584,2551,1122,1774,1729,131,18898,74.6,19029,73.2,70.2,76.4,73.5,84,9624.86,6667.3,2386.45,32491.78,490.48,6672.47,25328.84,574.7,5,24231,53.8,57.9,24834000,257000000,95531000,8475000,435000000,336,510,29,65,1943,326,447,2424,171,33,68,246,734659,2369,228981,0,0,0,0,0,0,1,0,0,0,0,0,0,0,0,0,0,0,0,0
928,WEST VIRGINIA,554,7.5,1976,872.352,10.643,157.204,262.194,859.41,3338,1270,2348,1861,2759,1080,1906,1807,135,20157,79.3,20292,78.5,75.4,81.8,77.8,84.8,9942.15,6874.36,2496.71,33448.52,592.03,6842.91,26013.58,596.3,5,24231,56.9,61.3,26606000,316000000,130000000,9461000,551000000,323,393,52,69,2068,354,500,2598,143,53,81,231,759637,2393,232645,0,0,0,0,0,0,0,1,0,0,0,0,0,0,0,0,0,0,0,0
929,WEST VIRGINIA,554,7.1,1977,847.722,9.84,150.605,294.081,865.51,3375,1439,2487,2015,2950,851,1812,2186,137,21180,83.3,21193,82.8,80.3,85.2,81.9,84.6,10115.55,6973.03,2564.53,34622.97,618.22,7044.79,26959.96,611.6,5,24231,60.6,65.2,23854000,245000000,101000000,11150000,471000000,312,321,44,48,2016,341,496,2516,123,48,82,213,776646,2501,357241,0,0,0,0,0,0,0,0,1,0,0,0,0,0,0,0,0,0,0,0
930,WEST VIRGINIA,554,6.3,1978,785.705,9.579,156.607,292.307,859.04,3202,1646,2502,2024,3047,933,1908,2445,152,21934,85.5,22036,85.1,83.5,86.2,84.3,84.8,10457.33,7117.63,2741.45,35916.4,638.22,7318.91,27959.27,633.1,5,24231,65.2,70.3,20680000,265000000,150000000,13619000,547000000,381,390,65,71,2051,412,578,2633,125,67,99,238,840256,3059,328796,0,0,0,0,0,0,0,0,0,1,0,0,0,0,0,0,0,0,0,0
931,WEST VIRGINIA,554,6.7,1979,828.83,12.754,152.059,320.882,891.35,3117,1598,2464,2006,3067,1003,1939,2714,179,22292,86.2,22592,85.4,84.9,85.1,84.8,85.9,10705.18,7254.08,2843.63,37252.5,662.76,7613.01,28976.73,658.6,5,24231,72.6,76.7,19248000,330000000,162000000,15255000,638000000,310,390,58,87,2097,340,527,2639,147,60,95,259,884193,6632,373201,0,0,0,0,0,0,0,0,0,0,1,0,0,0,0,0,0,0,0,0
932,WEST VIRGINIA,554,9.4,1980,857.779,11.571,147.624,311.51,872.29,3612,1476,2228,1670,3135,990,1791,2861,203,22215,82.1,22349,80.2,78.6,81.4,81.3,85.5,10943.56,7400.82,2905.97,34681.29,587.63,6458.1,27635.56,645.9,5,24231,82.4,86,25577000,397000000,149000000,23942000,710000000,316,356,63,78,2063,172,371,2446,135,34,69,218,928962,3640,387313,0,0,0,0,0,0,0,0,0,0,0,1,0,0,0,0,0,0,0,0
933,WEST VIRGINIA,554,10.7,1981,877.496,11.392,154.468,294.024,851.05,3654,1244,2102,1627,3002,1069,1856,2781,187,21853,80.9,22053,78.8,76.6,81,79.1,82.8,11059.62,7502.31,2870.96,35504.01,581.43,6663.59,28258.99,628.5,5,24231,90.9,94.4,13792000,316000000,154000000,24791000,609000000,321,321,68,69,2028,4,215,2253,123,8,43,177,955457,3568,392888,0,0,0,0,0,0,0,0,0,0,0,0,1,0,0,0,0,0,0,0
934,WEST VIRGINIA,554,13.9,1982,807.953,11.691,136.141,257.954,767.37,4045,1090,1631,1592,2712,1063,1817,2914,187,21316,75,21370,72.8,69,78,74.6,79.5,11078.85,7551,2771.64,35932.73,562.28,6769.65,28600.8,608.6,5,24231,96.5,100,16646000,250000000,140000000,26040000,543000000,359,359,69,70,2037,4,207,2253,122,8,44,180,792707,3430,345799,0,0,0,0,0,0,0,0,0,0,0,0,0,1,0,0,0,0,0,0
935,WEST VIRGINIA,554,18,1983,826.149,11.672,120.214,253.082,728.09,3973,990,1487,1634,2775,1031,1868,2921,171,21091,75.8,20822,74.9,70.5,81.1,74.9,80.3,11072.89,7561.72,2702.3,36068.2,541.56,6734.7,28791.94,582.3,5,24231,99.6,102.7,19875000,249000000,123000000,26509000,522000000,369,389,73,90,2022,2,235,2263,121,9,50,181,906519,3424,385222,0,0,0,0,0,0,0,0,0,0,0,0,0,0,1,0,0,0,0,0
936,WEST VIRGINIA,554,15,1984,898.445,11.746,130.959,253.334,760.61,4206,980,1690,1598,2997,1156,1949,2950,177,21915,81.1,21615,80.4,78.3,83.1,80.3,82.5,11000.7,7542.71,2636.1,36549.44,541.56,6795.88,29212,596.6,5,24231,103.9,105.1,15924000,289000000,133000000,24358000,572000000,355,389,85,91,2031,2,240,2277,132,9,50,193,966099,3429,408284,0,0,0,0,0,0,0,0,0,0,0,0,0,0,0,1,0,0,0,0
937,WEST VIRGINIA,554,13,1985,871.75,10.938,125.018,246.781,707.6,4001,993,1879,1555,2967,1163,1987,3017,215,22050,80.3,21629,79.5,77.8,81.9,79.4,83.5,10984.38,7544.99,2605.38,35781.74,580.65,5422.37,29778.72,597.2,5,24231,107.6,107.2,10831000,336000000,153000000,23487000,638000000,374,389,89,90,1983,2,268,2258,128,9,52,192,818678,3570,358198,0,0,0,0,0,0,0,0,0,0,0,0,0,0,0,0,1,0,0,0
938,WEST VIRGINIA,554,11.8,1986,877.246,10.784,121.128,249.978,718.36,4151,982,1851,1606,2922,1188,2067,2738,241,22093,79.2,21705,79,76.1,83,78.2,80.2,10974.93,7559.65,2561.02,36241.92,550.28,5464.61,30227.02,597.5,5,24231,109.6,108.8,8534000,347000000,167000000,25677000,663000000,386,389,89,90,1972,3,278,2258,129,9,52,193,810743,3639,355756,0,0,0,0,0,0,0,0,0,0,0,0,0,0,0,0,0,1,0,0
939,WEST VIRGINIA,554,10.8,1987,871.714,10.308,123.734,259.279,733.87,4359,1031,1934,1685,3091,1114,1945,2778,241,22489,81.4,22730,81.4,78.6,85.4,79.9,82.5,10938.06,7557.21,2520.86,36865.05,521.03,5465.33,30878.69,597.8,5,24231,113.6,110.4,14144000,365000000,168000000,26025000,710000000,389,389,89,90,1988,2,258,2252,130,10,51,194,821035,3710,369248,0,0,0,0,0,0,0,0,0,0,0,0,0,0,0,0,0,0,1,0
940,WEST VIRGINIA,554,9.9,1988,915.42,10.108,131.544,268.408,778.32,4809,996,2109,1742,3303,1098,1996,2895,231,23507,84,23738,83.9,82.5,86,82.3,84.2,10902.86,7562.87,2477.96,37422.09,496.22,5506.86,31419.02,610.9,5,24231,118.3,113.2,9978000,258000000,193000000,22326000,628000000,402,402,89,90,1975,5,261,2248,132,11,53,198,906488,3772,376374,0,0,0,0,0,0,0,0,0,0,0,0,0,0,0,0,0,0,0,1
941,WYOMING,756,0,1969,55.566,11.46,96.068,109.882,249.92,4515,378,68,213,601,129,376,537,288,7839,86.9,8127,86.8,86.3,86.6,86.5,95.8,3674.01,2696.26,695.41,14309.75,846.13,383.43,13080.18,106.9,1,97818,,36.7,872000,57308000,14614000,2186000,79506000,635,919,13,21,2888,638,664,3581,25,14,42,75,153141,1489,83211,1,0,0,0,0,0,0,0,0,0,0,0,0,0,0,0,0,0,0,0
942,WYOMING,756,4.5,1970,63.489,10.562,112.526,104.053,255.32,4224,376,71,243,614,132,380,535,318,7606,80.8,7924,79.7,76.7,82.9,79.1,95.4,3701.92,2736.69,690.19,14459.14,877.28,361.53,13220.33,108.3,1,97818,,38.8,981000,58600000,16506000,2574000,82967000,733,901,16,21,2851,736,760,3643,23,13,49,84,157770,1516,87375,0,1,0,0,0,0,0,0,0,0,0,0,0,0,0,0,0,0,0,0
943,WYOMING,756,4.5,1971,58.819,13.748,117.938,107.689,266.57,3643,408,77,253,605,146,400,571,340,7164,79.2,7504,78.2,74.3,82.8,77.4,93.9,3701.91,2760.91,670.32,14583.78,908.68,370.01,13305.1,111,1,97818,,40.5,1777000,61887000,16619000,2781000,86793000,760,901,13,21,2931,763,785,3747,24,13,44,85,163966,1685,91686,0,0,1,0,0,0,0,0,0,0,0,0,0,0,0,0,0,0,0,0
944,WYOMING,756,4,1972,80.086,12.167,128.728,111.195,285.45,3693,474,86,266,634,153,434,584,376,7431,84.3,7807,83.7,80.9,86.6,82.5,94.6,3722.93,2785.44,675.66,14936.34,1114.79,378.76,13442.79,117.3,1,97818,,41.8,1322000,65001000,15648000,2885000,89522000,769,901,14,21,2922,771,794,3746,25,14,44,85,173572,1799,98237,0,0,0,1,0,0,0,0,0,0,0,0,0,0,0,0,0,0,0,0
945,WYOMING,756,3.3,1973,102.406,12.562,110.445,120.015,280.47,3649,602,98,298,692,160,475,626,312,7755,88.4,8067,88.1,87.5,87.5,86.5,92.9,3732.09,2804.6,669,15284.9,1178.88,390.33,13715.69,126.1,1,97818,,44.4,1464000,49838000,18092000,2957000,85276000,772,903,14,19,2911,777,818,3748,23,15,47,86,184276,1912,107724,0,0,0,0,1,0,0,0,0,0,0,0,0,0,0,0,0,0,0,0
946,WYOMING,756,3.4,1974,109.107,14.734,95.363,123.785,276.94,4069,714,98,304,735,190,485,725,281,8550,84.2,8831,83.8,82.7,84,82.8,86.8,3772.46,2796.67,713.06,15670,1239.99,409.29,14020.72,136.5,1,97818,,49.3,1837000,60489000,22441000,3363000,92719000,762,899,19,21,2909,768,806,3741,19,1,27,61,187897,2021,116878,0,0,0,0,0,1,0,0,0,0,0,0,0,0,0,0,0,0,0,0
947,WYOMING,756,4.2,1975,128.034,11.657,81.434,129.703,276.02,3958,730,95,328,751,210,535,802,247,8702,74.6,8949,73.2,70.2,76.4,73.5,84,3884.01,2804.28,806.27,19539.47,1284.96,574.83,17679.69,146,1,97818,,53.8,2088000,91372000,16797000,4040000,129000000,776,897,19,21,2898,779,837,3756,12,19,38,60,202267,2009,132548,0,0,0,0,0,0,1,0,0,0,0,0,0,0,0,0,0,0,0,0
948,WYOMING,756,4.1,1976,179.069,10.822,82.478,139.482,298.98,3754,748,104,374,776,234,593,841,242,8815,79.3,9057,78.5,75.4,81.8,77.8,84.8,4037.03,2898.34,847.04,19977.67,1247.22,589.51,18140.94,156.5,1,97818,,56.9,3097000,81321000,30190000,4693000,124000000,807,886,23,24,2915,810,846,3779,18,23,37,62,214093,2163,144632,0,0,0,0,0,0,0,1,0,0,0,0,0,0,0,0,0,0,0,0
949,WYOMING,756,3.6,1977,230.74,7.951,78.354,153.86,324.37,4653,778,123,348,815,239,600,1083,245,10152,83.3,9779,82.8,80.3,85.2,81.9,84.6,4115.61,2920.85,900.04,20760.24,1302.4,606.9,18850.94,170.5,1,97818,,60.6,2264000,77764000,32475000,7189000,128000000,828,889,28,30,2894,830,861,3777,21,28,36,68,220561,2313,153165,0,0,0,0,0,0,0,0,1,0,0,0,0,0,0,0,0,0,0,0
950,WYOMING,756,3.3,1978,228.079,10.178,79.758,170.441,353.33,5077,968,136,319,883,294,664,1247,259,11240,85.5,11038,85.1,83.5,86.2,84.3,84.8,4268.71,2950.53,1004.71,21643.5,1344.53,630.52,19668.46,187.4,1,97818,,65.2,2998000,97599000,36162000,7594000,152000000,837,892,29,30,2880,838,873,3776,12,29,41,69,239722,2188,164279,0,0,0,0,0,0,0,0,0,1,0,0,0,0,0,0,0,0,0,0
951,WYOMING,756,2.8,1979,268.946,10.905,87.157,178.21,379.33,5090,1226,130,325,1021,346,771,1363,305,11957,86.2,11988,85.4,84.9,85.1,84.8,85.9,4399.69,2979.23,1082.4,22628.22,1396.23,655.85,20576.14,200.7,1,97818,,72.6,5071000,124000000,50641000,8448000,195000000,838,891,30,31,2887,840,871,3782,34,31,50,109,272085,2446,182875,0,0,0,0,0,0,0,0,0,0,1,0,0,0,0,0,0,0,0,0
952,WYOMING,756,4,1980,268.122,11.511,73.114,176.062,362.9,5338,1375,105,271,1185,393,785,1521,339,12792,82.1,13027,80.2,78.6,81.4,81.3,85.5,4572.67,3005.62,1187.86,26330.2,1499.72,622.51,24207.97,210.2,1,97818,,82.4,3085000,161000000,63830000,10010000,249000000,884,884,39,39,2857,0,21,2897,30,2,18,65,277906,2494,186889,0,0,0,0,0,0,0,0,0,0,0,1,0,0,0,0,0,0,0,0
953,WYOMING,756,4.1,1981,318.915,8.7898,73.1301,160.892,351.537,5549,1563,103,216,1325,484,813,1624,317,13510,80.9,13717,78.8,76.6,81,79.1,82.8,4731.98,3060.64,1262.9,27724.96,1483.9,642.313,25598.75,223.5,1,97818,90.9,94.4,5502000,153000000,72062000,10868000,255000000,874,874,39,39,2849,0,23,2891,31,1,17,67,293099,2597,191646,0,0,0,0,0,0,0,0,0,0,0,0,1,0,0,0,0,0,0,0
954,WYOMING,756,5.8,1982,333.591,8.8827,91.1048,148.896,362.615,4980,1541,96,190,1300,481,808,1710,286,12942,75,13056,72.8,69,78,74.6,79.5,4950.82,3119.98,1385.25,28586.46,1435.03,652.536,26498.89,217.2,1,97818,96.5,100,3134000,159000000,76155000,11988000,269000000,849,849,48,49,2854,0,19,2888,32,2,19,92,298847,2453,206301,0,0,0,0,0,0,0,0,0,0,0,0,0,1,0,0,0,0,0,0
955,WYOMING,756,8.4,1983,313.646,12.0975,85.6423,115.297,327.816,4728,992,92,225,1306,398,769,1743,246,12067,75.8,11922,74.9,70.5,81.1,74.9,80.3,5184.73,3195.68,1512.48,28794.8,1382.14,649.167,26763.49,202.5,1,97818,99.6,102.7,4295000,204000000,78050000,21001000,330000000,868,868,48,49,2830,0,15,2861,47,1,28,122,290428,2317,209523,0,0,0,0,0,0,0,0,0,0,0,0,0,0,1,0,0,0,0,0
956,WYOMING,756,6.3,1984,359.414,13.2726,89.951,122.393,356.173,4860,981,100,244,1453,411,776,1666,216,12303,81.1,12073,80.4,78.3,83.1,80.3,82.5,5448.38,3295.92,1629.45,29326.94,1382.14,655.065,27289.73,204.3,1,97818,103.9,105.1,3365000,245000000,82752000,19281000,377000000,855,855,48,49,2838,0,16,2871,44,1,30,125,290972,2311,200996,0,0,0,0,0,0,0,0,0,0,0,0,0,0,0,1,0,0,0,0
957,WYOMING,756,7.1,1985,405.502,11.0416,86.3628,126,364.26,4674,1313,97,255,1450,406,790,1555,245,12343,80.3,12022,79.5,77.8,81.9,79.4,83.5,5700.41,3400.96,1733.88,27110.51,1210.75,630.652,25269.11,206.9,1,97818,107.6,107.2,3416000,247000000,99815000,21383000,397000000,862,862,49,50,2810,0,18,2849,44,1,38,134,286118,2351,211114,0,0,0,0,0,0,0,0,0,0,0,0,0,0,0,0,1,0,0,0
958,WYOMING,756,9,1986,336.605,11.6928,78.7804,117.741,340.433,3967,1187,91,276,1369,376,744,1270,306,11071,79.2,10870,79,76.1,83,78.2,80.2,5918.58,3493.18,1823.03,26628.26,1147.43,635.565,24845.26,196.3,1,97818,109.6,108.8,2511000,234000000,155000000,16180000,392000000,864,864,49,50,2800,0,18,2854,37,2,39,127,250714,2404,187037,0,0,0,0,0,0,0,0,0,0,0,0,0,0,0,0,0,1,0,0
959,WYOMING,756,8.6,1987,428.126,7.8717,86.362,131.69,369.626,3749,727,96,309,1395,311,611,1244,341,10170,81.4,10511,81.4,78.6,85.4,79.9,82.5,6018.19,3543.91,1856.11,26021.3,1086.43,635.648,24299.22,179.6,1,97818,113.6,110.4,800000,188000000,80778000,17499000,312000000,864,864,49,50,2834,0,11,2872,40,2,36,124,281936,2371,193778,0,0,0,0,0,0,0,0,0,0,0,0,0,0,0,0,0,0,1,0
960,WYOMING,756,6.3,1988,445.706,8.075,86.7279,137.204,378.016,3847,631,98,320,1497,294,624,1176,313,10198,84,10511,83.9,82.5,86,82.3,84.2,6117.12,3571.6,1887.34,24963.6,1034.7,640.478,23288.43,182.8,1,97818,118.3,113.2,2105000,183000000,81656000,23278000,312000000,864,864,49,50,2827,0,11,2866,40,2,37,125,285190,2366,194432,0,0,0,0,0,0,0,0,0,0,0,0,0,0,0,0,0,0,0,1
 ,,,,,,,,,,,,,,,,,,,,,,,,,,,,,,,,,,,,,,,,,,,,,,,,,,,,,,,,,,,,,,,,,,,,,,,,,,,,,,
